IDB_FASH,IDSort,IDB_FASHQuantity,IDB_FASHLoose,IDB_FASHRecipe,IDB_FASHDelete
6750,6750,1.0000000000000000e+00,0.0000000000000000e+00,0,0
6797,6797,1.0000000000000000e+00,0.0000000000000000e+00,0,0
6798,6798,1.0000000000000000e+00,0.0000000000000000e+00,0,0
6799,6799,1.0000000000000000e+00,0.0000000000000000e+00,0,0
6800,6800,1.0000000000000000e+00,0.0000000000000000e+00,0,0
6801,6801,1.0000000000000000e+00,0.0000000000000000e+00,0,0
6802,6802,1.0000000000000000e+00,0.0000000000000000e+00,0,0
6803,6803,1.0000000000000000e+00,0.0000000000000000e+00,0,0
6804,6804,1.0000000000000000e+00,0.0000000000000000e+00,0,0
6805,6805,1.0000000000000000e+00,0.0000000000000000e+00,0,0
6806,6806,1.0000000000000000e+00,0.0000000000000000e+00,0,0
6808,6808,1.0000000000000000e+00,0.0000000000000000e+00,0,0
6809,6809,1.0000000000000000e+00,0.0000000000000000e+00,0,0
6810,6810,1.0000000000000000e+00,0.0000000000000000e+00,0,0
6811,6811,1.0000000000000000e+00,0.0000000000000000e+00,0,0
6812,6812,1.0000000000000000e+00,0.0000000000000000e+00,0,0
6813,6813,1.0000000000000000e+00,0.0000000000000000e+00,0,0
6814,6814,1.0000000000000000e+00,0.0000000000000000e+00,0,0
6815,6815,1.0000000000000000e+00,0.0000000000000000e+00,0,0
6816,6816,1.0000000000000000e+00,0.0000000000000000e+00,0,0
6817,6817,1.0000000000000000e+00,0.0000000000000000e+00,0,0
6818,6818,1.0000000000000000e+00,0.0000000000000000e+00,0,0
6819,6819,1.0000000000000000e+00,0.0000000000000000e+00,0,0
6820,6820,1.0000000000000000e+00,0.0000000000000000e+00,0,0
6821,6821,1.0000000000000000e+00,0.0000000000000000e+00,0,0
6822,6822,1.0000000000000000e+00,0.0000000000000000e+00,0,0
6823,6823,1.0000000000000000e+00,0.0000000000000000e+00,0,0
6824,6824,1.0000000000000000e+00,0.0000000000000000e+00,0,0
6825,6825,1.0000000000000000e+00,0.0000000000000000e+00,0,0
6826,6826,1.0000000000000000e+00,0.0000000000000000e+00,0,0
6827,6827,1.0000000000000000e+00,0.0000000000000000e+00,0,0
6828,6828,1.0000000000000000e+00,0.0000000000000000e+00,0,0
6829,6829,1.0000000000000000e+00,0.0000000000000000e+00,0,0
6830,6830,1.0000000000000000e+00,0.0000000000000000e+00,0,0
6831,6831,1.0000000000000000e+00,0.0000000000000000e+00,0,0
6832,6832,1.0000000000000000e+00,0.0000000000000000e+00,0,0
6833,6833,1.0000000000000000e+00,0.0000000000000000e+00,0,0
6834,6834,1.0000000000000000e+00,0.0000000000000000e+00,0,0
6835,6835,1.0000000000000000e+00,0.0000000000000000e+00,0,0
6836,6836,1.0000000000000000e+00,0.0000000000000000e+00,0,0
6837,6837,1.0000000000000000e+00,0.0000000000000000e+00,0,0
6838,6838,1.0000000000000000e+00,0.0000000000000000e+00,0,0
6839,6839,1.0000000000000000e+00,0.0000000000000000e+00,0,0
6840,6840,1.0000000000000000e+00,0.0000000000000000e+00,0,0
6841,6841,1.0000000000000000e+00,0.0000000000000000e+00,0,0
6842,6842,1.0000000000000000e+00,0.0000000000000000e+00,0,0
6843,6843,1.0000000000000000e+00,0.0000000000000000e+00,0,0
6844,6844,1.0000000000000000e+00,0.0000000000000000e+00,0,0
6845,6845,1.0000000000000000e+00,0.0000000000000000e+00,0,0
6846,6846,1.0000000000000000e+00,0.0000000000000000e+00,0,0
6847,6847,1.0000000000000000e+00,0.0000000000000000e+00,0,0
6848,6848,1.0000000000000000e+00,0.0000000000000000e+00,0,0
6849,6849,1.0000000000000000e+00,0.0000000000000000e+00,0,0
6850,6850,1.0000000000000000e+00,0.0000000000000000e+00,0,0
6851,6851,1.0000000000000000e+00,0.0000000000000000e+00,0,0
6852,6852,1.0000000000000000e+00,0.0000000000000000e+00,0,0
6853,6853,1.0000000000000000e+00,0.0000000000000000e+00,0,0
6854,6854,1.0000000000000000e+00,0.0000000000000000e+00,0,0
6855,6855,1.0000000000000000e+00,0.0000000000000000e+00,0,0
6856,6856,1.0000000000000000e+00,0.0000000000000000e+00,0,0
6857,6857,1.0000000000000000e+00,0.0000000000000000e+00,0,0
6858,6858,1.0000000000000000e+00,0.0000000000000000e+00,0,0
6859,6859,1.0000000000000000e+00,0.0000000000000000e+00,0,0
6860,6860,1.0000000000000000e+00,0.0000000000000000e+00,0,0
6861,6861,1.0000000000000000e+00,0.0000000000000000e+00,0,0
6862,6862,1.0000000000000000e+00,0.0000000000000000e+00,0,0
6863,6863,1.0000000000000000e+00,0.0000000000000000e+00,0,0
6864,6864,1.0000000000000000e+00,0.0000000000000000e+00,0,0
6865,6865,1.0000000000000000e+00,0.0000000000000000e+00,0,0
6866,6866,1.0000000000000000e+00,0.0000000000000000e+00,0,0
6867,6867,1.0000000000000000e+00,0.0000000000000000e+00,0,0
6868,6868,1.0000000000000000e+00,0.0000000000000000e+00,0,0
6869,6869,1.0000000000000000e+00,0.0000000000000000e+00,0,0
6870,6870,1.0000000000000000e+00,0.0000000000000000e+00,0,0
6871,6871,1.0000000000000000e+00,0.0000000000000000e+00,0,0
6872,6872,1.0000000000000000e+00,0.0000000000000000e+00,0,0
6873,6873,1.0000000000000000e+00,0.0000000000000000e+00,0,0
6874,6874,1.0000000000000000e+00,0.0000000000000000e+00,0,0
6875,6875,1.0000000000000000e+00,0.0000000000000000e+00,0,0
6876,6876,1.0000000000000000e+00,0.0000000000000000e+00,0,0
6877,6877,1.0000000000000000e+00,0.0000000000000000e+00,0,0
6878,6878,1.0000000000000000e+00,0.0000000000000000e+00,0,0
6879,6879,1.0000000000000000e+00,0.0000000000000000e+00,0,0
6880,6880,1.0000000000000000e+00,0.0000000000000000e+00,0,0
6881,6881,1.0000000000000000e+00,0.0000000000000000e+00,0,0
6882,6882,1.0000000000000000e+00,0.0000000000000000e+00,0,0
6883,6883,1.0000000000000000e+00,0.0000000000000000e+00,0,0
6884,6884,1.0000000000000000e+00,0.0000000000000000e+00,0,0
6885,6885,1.0000000000000000e+00,0.0000000000000000e+00,0,0
6886,6886,1.0000000000000000e+00,0.0000000000000000e+00,0,0
6887,6887,1.0000000000000000e+00,0.0000000000000000e+00,0,0
6888,6888,1.0000000000000000e+00,0.0000000000000000e+00,0,0
6889,6889,1.0000000000000000e+00,0.0000000000000000e+00,0,0
6890,6890,1.0000000000000000e+00,0.0000000000000000e+00,0,0
6891,6891,1.0000000000000000e+00,0.0000000000000000e+00,0,0
6892,6892,1.0000000000000000e+00,0.0000000000000000e+00,0,0
6893,6893,1.0000000000000000e+00,0.0000000000000000e+00,0,0
6894,6894,1.0000000000000000e+00,0.0000000000000000e+00,0,0
6895,6895,1.0000000000000000e+00,0.0000000000000000e+00,0,0
6896,6896,1.0000000000000000e+00,0.0000000000000000e+00,0,0
6897,6897,1.0000000000000000e+00,0.0000000000000000e+00,0,0
6898,6898,1.0000000000000000e+00,0.0000000000000000e+00,0,0
6899,6899,1.0000000000000000e+00,0.0000000000000000e+00,0,0
6900,6900,1.0000000000000000e+00,0.0000000000000000e+00,0,0
6901,6901,1.0000000000000000e+00,0.0000000000000000e+00,0,0
6902,6902,1.0000000000000000e+00,0.0000000000000000e+00,0,0
6903,6903,1.0000000000000000e+00,0.0000000000000000e+00,0,0
6904,6904,1.0000000000000000e+00,0.0000000000000000e+00,0,0
6905,6905,1.0000000000000000e+00,0.0000000000000000e+00,0,0
6906,6906,1.0000000000000000e+00,0.0000000000000000e+00,0,0
6907,6907,1.0000000000000000e+00,0.0000000000000000e+00,0,0
6909,6909,1.0000000000000000e+00,0.0000000000000000e+00,0,0
6910,6910,1.0000000000000000e+00,0.0000000000000000e+00,0,0
6911,6911,1.0000000000000000e+00,0.0000000000000000e+00,0,0
6912,6912,1.0000000000000000e+00,0.0000000000000000e+00,0,0
6913,6913,1.0000000000000000e+00,0.0000000000000000e+00,0,0
6914,6914,1.0000000000000000e+00,0.0000000000000000e+00,0,0
6915,6915,1.0000000000000000e+00,0.0000000000000000e+00,0,0
6916,6916,1.0000000000000000e+00,0.0000000000000000e+00,0,0
6917,6917,1.0000000000000000e+00,0.0000000000000000e+00,0,0
6918,6918,1.0000000000000000e+00,0.0000000000000000e+00,0,0
6919,6919,1.0000000000000000e+00,0.0000000000000000e+00,0,0
6920,6920,1.0000000000000000e+00,0.0000000000000000e+00,0,0
6921,6921,1.0000000000000000e+00,0.0000000000000000e+00,0,0
6922,6922,1.0000000000000000e+00,0.0000000000000000e+00,0,0
6923,6923,1.0000000000000000e+00,0.0000000000000000e+00,0,0
6924,6924,1.0000000000000000e+00,0.0000000000000000e+00,0,0
6925,6925,1.0000000000000000e+00,0.0000000000000000e+00,0,0
6926,6926,1.0000000000000000e+00,0.0000000000000000e+00,0,0
6928,6928,1.0000000000000000e+00,0.0000000000000000e+00,0,0
6929,6929,1.0000000000000000e+00,0.0000000000000000e+00,0,0
6930,6930,1.0000000000000000e+00,0.0000000000000000e+00,0,0
6931,6931,1.0000000000000000e+00,0.0000000000000000e+00,0,0
6932,6932,1.0000000000000000e+00,0.0000000000000000e+00,0,0
6933,6933,1.0000000000000000e+00,0.0000000000000000e+00,0,0
6934,6934,1.0000000000000000e+00,0.0000000000000000e+00,0,0
6935,6935,1.0000000000000000e+00,0.0000000000000000e+00,0,0
6936,6936,1.0000000000000000e+00,0.0000000000000000e+00,0,0
6937,6937,1.0000000000000000e+00,0.0000000000000000e+00,0,0
6938,6938,1.0000000000000000e+00,0.0000000000000000e+00,0,0
6939,6939,1.0000000000000000e+00,0.0000000000000000e+00,0,0
6940,6940,1.0000000000000000e+00,0.0000000000000000e+00,0,0
6941,6941,1.0000000000000000e+00,0.0000000000000000e+00,0,0
6943,6943,1.0000000000000000e+00,0.0000000000000000e+00,0,0
6944,6944,1.0000000000000000e+00,0.0000000000000000e+00,0,0
6945,6945,1.0000000000000000e+00,0.0000000000000000e+00,0,0
6946,6946,1.0000000000000000e+00,0.0000000000000000e+00,0,0
6947,6947,1.0000000000000000e+00,0.0000000000000000e+00,0,0
6948,6948,1.0000000000000000e+00,0.0000000000000000e+00,0,0
6949,6949,1.0000000000000000e+00,0.0000000000000000e+00,0,0
6950,6950,1.0000000000000000e+00,0.0000000000000000e+00,0,0
6951,6951,1.0000000000000000e+00,0.0000000000000000e+00,0,0
6952,6952,1.0000000000000000e+00,0.0000000000000000e+00,0,0
6953,6953,1.0000000000000000e+00,0.0000000000000000e+00,0,0
6954,6954,1.0000000000000000e+00,0.0000000000000000e+00,0,0
6955,6955,1.0000000000000000e+00,0.0000000000000000e+00,0,0
6956,6956,1.0000000000000000e+00,0.0000000000000000e+00,0,0
6957,6957,1.0000000000000000e+00,0.0000000000000000e+00,0,0
6958,6958,1.0000000000000000e+00,0.0000000000000000e+00,0,0
6959,6959,1.0000000000000000e+00,0.0000000000000000e+00,0,0
6960,6960,1.0000000000000000e+00,0.0000000000000000e+00,0,0
6961,6961,1.0000000000000000e+00,0.0000000000000000e+00,0,0
6962,6962,1.0000000000000000e+00,0.0000000000000000e+00,0,0
6963,6963,1.0000000000000000e+00,0.0000000000000000e+00,0,0
6964,6964,1.0000000000000000e+00,0.0000000000000000e+00,0,0
6965,6965,1.0000000000000000e+00,0.0000000000000000e+00,0,0
6966,6966,1.0000000000000000e+00,0.0000000000000000e+00,0,0
6967,6967,1.0000000000000000e+00,0.0000000000000000e+00,0,0
6968,6968,1.0000000000000000e+00,0.0000000000000000e+00,0,0
6969,6969,1.0000000000000000e+00,0.0000000000000000e+00,0,0
6970,6970,1.0000000000000000e+00,0.0000000000000000e+00,0,0
6971,6971,1.0000000000000000e+00,0.0000000000000000e+00,0,0
6972,6972,1.0000000000000000e+00,0.0000000000000000e+00,0,0
6973,6973,1.0000000000000000e+00,0.0000000000000000e+00,0,0
6974,6974,1.0000000000000000e+00,0.0000000000000000e+00,0,0
6975,6975,1.0000000000000000e+00,0.0000000000000000e+00,0,0
6976,6976,1.0000000000000000e+00,0.0000000000000000e+00,0,0
6977,6977,1.0000000000000000e+00,0.0000000000000000e+00,0,0
6978,6978,1.0000000000000000e+00,0.0000000000000000e+00,0,0
6979,6979,1.0000000000000000e+00,0.0000000000000000e+00,0,0
6981,6750,1.0000000000000000e+00,0.0000000000000000e+00,0,0
6981,6805,2.0000000000000000e+00,0.0000000000000000e+00,0,0
6981,6871,1.0000000000000000e-02,0.0000000000000000e+00,0,0
6982,6750,5.5000000000000000e+01,0.0000000000000000e+00,0,0
6982,6805,1.0000000000000000e+02,0.0000000000000000e+00,0,0
6982,6863,2.0000000000000000e+00,0.0000000000000000e+00,0,0
6982,6871,2.0000000000000000e+00,0.0000000000000000e+00,0,0
6983,6750,5.5000000000000000e+01,0.0000000000000000e+00,0,0
6983,6805,1.0500000000000000e+02,0.0000000000000000e+00,0,0
6983,6863,8.5000000000000000e+00,0.0000000000000000e+00,0,0
6983,6871,2.5000000000000000e+00,0.0000000000000000e+00,0,0
6983,6959,6.3000000000000000e-01,0.0000000000000000e+00,0,0
6984,6750,4.3299999999999997e+01,0.0000000000000000e+00,0,0
6984,6798,8.0000000000000000e+01,0.0000000000000000e+00,0,0
6984,6803,2.0000000000000000e+01,0.0000000000000000e+00,0,0
6984,6816,5.2999999999999998e+00,0.0000000000000000e+00,0,0
6984,6828,2.6699999999999999e+00,0.0000000000000000e+00,0,0
6984,6863,2.0000000000000000e+00,0.0000000000000000e+00,0,0
6984,6871,6.0000000000000000e+00,0.0000000000000000e+00,0,0
6984,6880,1.0000000000000000e+00,0.0000000000000000e+00,0,0
6984,6913,1.2000000000000000e+01,0.0000000000000000e+00,0,0
6985,6750,5.0000000000000000e+01,0.0000000000000000e+00,0,0
6985,6798,5.0000000000000000e+01,0.0000000000000000e+00,0,0
6985,6805,5.0000000000000000e+01,0.0000000000000000e+00,0,0
6985,6816,5.3300000000000001e+00,0.0000000000000000e+00,0,0
6985,6828,3.1099999999999999e+00,0.0000000000000000e+00,0,0
6985,6863,2.0000000000000000e+00,0.0000000000000000e+00,0,0
6985,6871,5.3300000000000001e+00,0.0000000000000000e+00,0,0
6985,6913,1.2000000000000000e+01,0.0000000000000000e+00,0,0
6986,6750,3.7500000000000000e+01,0.0000000000000000e+00,0,0
6986,7198,2.0000000000000001e-01,0.0000000000000000e+00,0,0
6986,8072,3.7500000000000000e+01,0.0000000000000000e+00,0,0
6987,6750,6.5000000000000002e-01,0.0000000000000000e+00,0,0
6987,6798,1.2500000000000000e+00,0.0000000000000000e+00,0,0
6987,6863,3.0000000000000001e-03,0.0000000000000000e+00,0,0
6987,7279,1.2500000000000000e+00,0.0000000000000000e+00,0,0
6988,6797,2.5000000000000000e+00,0.0000000000000000e+00,0,0
6988,6817,1.0000000000000000e+00,0.0000000000000000e+00,0,0
6988,6862,3.0000000000000001e-03,0.0000000000000000e+00,0,0
6988,6891,4.0000000000000001e-03,0.0000000000000000e+00,0,0
6988,6899,5.5000000000000004e-01,0.0000000000000000e+00,0,0
6988,6913,2.0000000000000000e+00,0.0000000000000000e+00,0,0
6991,6750,1.0000000000000000e+01,0.0000000000000000e+00,0,0
6991,6816,1.2000000000000000e+01,0.0000000000000000e+00,0,0
6991,6819,6.0000000000000000e+00,0.0000000000000000e+00,0,0
6992,6750,1.0000000000000000e+01,0.0000000000000000e+00,0,0
6992,6816,1.2000000000000000e+01,0.0000000000000000e+00,0,0
6992,6819,6.0000000000000000e+00,0.0000000000000000e+00,0,0
6993,6816,2.9999999999999999e-02,0.0000000000000000e+00,1,0
6993,6842,1.0000000000000000e-03,0.0000000000000000e+00,1,0
6993,6845,4.0000000000000002e-01,0.0000000000000000e+00,1,0
6993,6846,1.0000000000000000e-04,0.0000000000000000e+00,1,0
6993,6863,3.5000000000000003e-02,0.0000000000000000e+00,1,0
6993,6896,4.0000000000000001e-03,0.0000000000000000e+00,1,0
6993,6920,8.0000000000000002e-02,0.0000000000000000e+00,1,0
6993,7248,1.0000000000000000e+00,0.0000000000000000e+00,1,0
6993,7250,5.0000000000000001e-03,0.0000000000000000e+00,1,0
6993,7251,5.0000000000000001e-03,0.0000000000000000e+00,1,0
6995,6750,4.0000000000000000e+00,0.0000000000000000e+00,1,0
6995,6797,3.0000000000000000e+00,0.0000000000000000e+00,1,0
6995,6833,8.0000000000000000e+00,0.0000000000000000e+00,1,0
6995,6834,8.0000000000000000e+00,0.0000000000000000e+00,1,0
6995,6863,1.0000000000000000e-02,0.0000000000000000e+00,1,0
6995,6896,1.0000000000000000e-02,0.0000000000000000e+00,1,0
6995,6899,1.5000000000000000e+00,0.0000000000000000e+00,1,0
6995,6917,2.0000000000000000e+00,0.0000000000000000e+00,1,0
6996,6808,1.5000000000000000e+00,0.0000000000000000e+00,1,0
6996,6816,1.3999999999999999e+00,0.0000000000000000e+00,1,0
6996,6829,7.0000000000000000e+00,0.0000000000000000e+00,1,0
6996,6890,1.0000000000000000e-02,0.0000000000000000e+00,1,0
6996,6891,1.0000000000000000e-02,0.0000000000000000e+00,1,0
6996,6919,2.5000000000000000e-01,0.0000000000000000e+00,1,0
6997,6750,6.2500000000000000e+00,0.0000000000000000e+00,0,0
6997,6803,3.2999999999999998e+00,0.0000000000000000e+00,0,0
6997,6811,8.5000000000000000e+00,0.0000000000000000e+00,0,0
6997,6814,2.3000000000000001e-01,0.0000000000000000e+00,0,0
6997,6816,1.8000000000000000e+00,0.0000000000000000e+00,0,0
6997,6863,2.3999999999999999e-01,0.0000000000000000e+00,0,0
6997,6871,2.5000000000000000e-01,0.0000000000000000e+00,0,0
6997,6877,1.4999999999999999e-01,0.0000000000000000e+00,0,0
6997,6878,2.3999999999999999e-01,0.0000000000000000e+00,0,0
6997,6921,1.2000000000000000e-01,0.0000000000000000e+00,0,0
6998,6797,1.0000000000000000e+01,0.0000000000000000e+00,0,0
6998,6816,1.2500000000000000e+00,0.0000000000000000e+00,0,0
6998,6838,2.2000000000000002e+00,0.0000000000000000e+00,0,0
6998,6862,1.1500000000000000e-01,0.0000000000000000e+00,0,0
6998,6863,2.0000000000000000e-02,0.0000000000000000e+00,0,0
6998,6874,5.0000000000000003e-02,0.0000000000000000e+00,0,0
6998,6890,1.0000000000000001e-01,0.0000000000000000e+00,0,0
6998,6892,5.0000000000000003e-02,0.0000000000000000e+00,0,0
6998,6905,5.0000000000000000e-01,0.0000000000000000e+00,0,0
6998,6921,5.0000000000000000e+00,0.0000000000000000e+00,0,0
6998,6929,1.0000000000000000e+00,0.0000000000000000e+00,0,0
6999,6797,2.0000000000000000e+00,0.0000000000000000e+00,0,0
6999,6817,2.0000000000000001e-01,0.0000000000000000e+00,0,0
6999,6862,1.4999999999999999e-02,0.0000000000000000e+00,0,0
6999,6891,5.0000000000000001e-03,0.0000000000000000e+00,0,0
6999,6903,5.0000000000000000e-01,0.0000000000000000e+00,0,0
6999,6917,1.7499999999999999e-01,0.0000000000000000e+00,0,0
6999,6924,1.7499999999999999e-01,0.0000000000000000e+00,0,0
6999,6929,4.4999999999999998e-02,0.0000000000000000e+00,0,0
6999,7285,3.4999999999999998e-01,0.0000000000000000e+00,0,0
6999,8030,3.4999999999999998e-01,0.0000000000000000e+00,0,0
7000,6797,5.2000000000000002e+00,0.0000000000000000e+00,0,0
7000,6862,1.4999999999999999e-01,0.0000000000000000e+00,0,0
7000,6890,2.9999999999999999e-02,0.0000000000000000e+00,0,0
7000,6921,3.0000000000000000e+00,0.0000000000000000e+00,0,0
7000,6929,2.0000000000000001e-01,0.0000000000000000e+00,0,0
7000,6930,1.2000000000000000e+00,0.0000000000000000e+00,0,0
7001,6797,1.7000000000000000e+00,0.0000000000000000e+00,0,0
7001,6816,6.9999999999999996e-01,0.0000000000000000e+00,0,0
7001,6862,2.0000000000000000e-02,0.0000000000000000e+00,0,0
7001,6891,4.0000000000000001e-03,0.0000000000000000e+00,0,0
7001,6905,5.9999999999999998e-01,0.0000000000000000e+00,0,0
7001,6913,1.1499999999999999e+00,0.0000000000000000e+00,0,0
7001,6921,1.4999999999999999e-01,0.0000000000000000e+00,0,0
7001,7221,7.5000000000000000e-01,0.0000000000000000e+00,0,0
7002,6750,3.7500000000000000e-01,0.0000000000000000e+00,0,0
7002,6890,1.0000000000000000e-02,0.0000000000000000e+00,0,0
7002,6892,2.0000000000000000e-03,0.0000000000000000e+00,0,0
7002,6905,2.9999999999999999e-01,0.0000000000000000e+00,0,0
7002,6921,3.7500000000000000e-01,0.0000000000000000e+00,0,0
7002,6947,1.0000000000000000e+00,0.0000000000000000e+00,0,0
7003,6797,4.0000000000000002e-01,0.0000000000000000e+00,0,0
7003,6816,5.0000000000000000e-01,0.0000000000000000e+00,0,0
7003,6829,2.0000000000000001e-01,0.0000000000000000e+00,0,0
7003,6838,2.0000000000000000e-02,0.0000000000000000e+00,0,0
7003,6862,5.9999999999999998e-02,0.0000000000000000e+00,0,0
7003,6899,7.5000000000000000e-01,0.0000000000000000e+00,0,0
7003,6919,2.0000000000000001e-01,0.0000000000000000e+00,0,0
7003,7221,1.0000000000000001e-01,0.0000000000000000e+00,0,0
7003,7628,2.2000000000000000e-01,0.0000000000000000e+00,0,0
7005,6750,1.2000000000000000e+01,0.0000000000000000e+00,0,0
7005,6798,2.1000000000000000e+01,0.0000000000000000e+00,0,0
7005,6809,2.0000000000000000e+00,0.0000000000000000e+00,0,0
7005,6814,4.0000000000000002e-01,0.0000000000000000e+00,0,0
7005,6816,6.9999999999999996e-01,0.0000000000000000e+00,0,0
7005,6863,4.0000000000000002e-01,0.0000000000000000e+00,0,0
7005,6866,2.9999999999999999e-02,0.0000000000000000e+00,0,0
7005,6871,5.0000000000000000e-01,0.0000000000000000e+00,0,0
7005,6880,4.0000000000000002e-01,0.0000000000000000e+00,0,0
7005,6913,4.0000000000000002e-01,0.0000000000000000e+00,0,0
7006,6798,1.0000000000000000e+02,0.0000000000000000e+00,0,0
7006,6816,1.0353000000000000e+01,0.0000000000000000e+00,0,0
7006,6863,1.8819999999999999e+00,0.0000000000000000e+00,0,0
7006,6871,5.8819999999999997e+00,0.0000000000000000e+00,0,0
7006,6880,1.8819999999999999e+00,0.0000000000000000e+00,0,0
7006,6891,4.7000000000000000e-02,0.0000000000000000e+00,0,0
7006,6899,1.5000000000000000e+01,0.0000000000000000e+00,0,0
7006,7279,9.4120000000000008e+00,0.0000000000000000e+00,0,0
7006,7866,1.1294000000000000e+01,0.0000000000000000e+00,0,0
7006,8073,3.1763999999999999e+01,0.0000000000000000e+00,0,0
7193,7193,1.0000000000000000e+00,0.0000000000000000e+00,0,0
7195,7195,1.0000000000000000e+00,0.0000000000000000e+00,0,0
7196,7196,1.0000000000000000e+00,0.0000000000000000e+00,0,0
7197,7197,1.0000000000000000e+00,0.0000000000000000e+00,0,0
7198,7198,1.0000000000000000e+00,0.0000000000000000e+00,0,0
7199,7199,1.0000000000000000e+00,0.0000000000000000e+00,0,0
7200,7200,1.0000000000000000e+00,0.0000000000000000e+00,0,0
7201,7201,1.0000000000000000e+00,0.0000000000000000e+00,0,0
7202,7202,1.0000000000000000e+00,0.0000000000000000e+00,0,0
7203,7203,1.0000000000000000e+00,0.0000000000000000e+00,0,0
7204,7204,1.0000000000000000e+00,0.0000000000000000e+00,0,0
7205,7205,1.0000000000000000e+00,0.0000000000000000e+00,0,0
7206,7206,1.0000000000000000e+00,0.0000000000000000e+00,0,0
7207,7207,1.0000000000000000e+00,0.0000000000000000e+00,0,0
7210,7210,1.0000000000000000e+00,0.0000000000000000e+00,0,0
7211,7211,1.0000000000000000e+00,0.0000000000000000e+00,0,0
7212,7212,1.0000000000000000e+00,0.0000000000000000e+00,0,0
7213,7213,1.0000000000000000e+00,0.0000000000000000e+00,0,0
7214,7214,1.0000000000000000e+00,0.0000000000000000e+00,0,0
7215,7215,1.0000000000000000e+00,0.0000000000000000e+00,0,0
7217,7217,1.0000000000000000e+00,0.0000000000000000e+00,0,0
7218,7218,1.0000000000000000e+00,0.0000000000000000e+00,0,0
7219,7219,1.0000000000000000e+00,0.0000000000000000e+00,0,0
7220,7220,1.0000000000000000e+00,0.0000000000000000e+00,0,0
7221,7221,1.0000000000000000e+00,0.0000000000000000e+00,0,0
7222,7222,1.0000000000000000e+00,0.0000000000000000e+00,0,0
7223,7223,1.0000000000000000e+00,0.0000000000000000e+00,0,0
7224,7224,1.0000000000000000e+00,0.0000000000000000e+00,0,0
7225,7225,1.0000000000000000e+00,0.0000000000000000e+00,0,0
7227,7227,1.0000000000000000e+00,0.0000000000000000e+00,0,0
7228,7228,1.0000000000000000e+00,0.0000000000000000e+00,0,0
7229,7229,1.0000000000000000e+00,0.0000000000000000e+00,0,0
7230,7230,1.0000000000000000e+00,0.0000000000000000e+00,0,0
7231,7231,1.0000000000000000e+00,0.0000000000000000e+00,0,0
7233,7233,1.0000000000000000e+00,0.0000000000000000e+00,0,0
7235,7235,1.0000000000000000e+00,0.0000000000000000e+00,0,0
7236,7236,1.0000000000000000e+00,0.0000000000000000e+00,0,0
7237,7237,1.0000000000000000e+00,0.0000000000000000e+00,0,0
7238,7238,1.0000000000000000e+00,0.0000000000000000e+00,0,0
7239,7239,1.0000000000000000e+00,0.0000000000000000e+00,0,0
7240,7240,1.0000000000000000e+00,0.0000000000000000e+00,0,0
7241,7241,1.0000000000000000e+00,0.0000000000000000e+00,0,0
7242,7242,1.0000000000000000e+00,0.0000000000000000e+00,0,0
7243,7243,1.0000000000000000e+00,0.0000000000000000e+00,0,0
7244,7244,1.0000000000000000e+00,0.0000000000000000e+00,0,0
7245,7245,1.0000000000000000e+00,0.0000000000000000e+00,0,0
7246,7246,1.0000000000000000e+00,0.0000000000000000e+00,0,0
7247,6797,3.5000000000000000e+00,0.0000000000000000e+00,0,0
7247,6817,1.6000000000000001e+00,0.0000000000000000e+00,0,0
7247,6828,2.5000000000000000e-01,0.0000000000000000e+00,0,0
7247,6891,3.0000000000000001e-03,0.0000000000000000e+00,0,0
7247,6899,1.3999999999999999e+00,0.0000000000000000e+00,0,0
7247,6913,1.8999999999999999e+00,0.0000000000000000e+00,0,0
7247,6919,5.0000000000000000e-01,0.0000000000000000e+00,0,0
7248,7248,1.0000000000000000e+00,0.0000000000000000e+00,0,0
7250,7250,1.0000000000000000e+00,0.0000000000000000e+00,0,0
7251,7251,1.0000000000000000e+00,0.0000000000000000e+00,0,0
7252,7252,1.0000000000000000e+00,0.0000000000000000e+00,0,0
7253,6750,3.0000000000000000e+00,0.0000000000000000e+00,0,0
7253,6816,3.5000000000000000e+00,0.0000000000000000e+00,0,0
7253,6819,5.0000000000000000e-01,0.0000000000000000e+00,0,0
7253,6820,3.3000000000000002e-01,0.0000000000000000e+00,0,0
7254,6905,2.0000000000000001e-01,0.0000000000000000e+00,1,0
7254,7000,4.5000000000000000e+00,0.0000000000000000e+00,1,0
7254,7227,5.9999999999999998e-01,0.0000000000000000e+00,1,0
7255,6833,2.9999999999999999e-01,0.0000000000000000e+00,0,0
7255,6834,3.4999999999999998e-01,0.0000000000000000e+00,1,0
7255,6896,2.0000000000000000e-03,0.0000000000000000e+00,0,0
7255,6899,1.0000000000000001e-01,0.0000000000000000e+00,0,0
7256,6847,8.0000000000000000e+00,0.0000000000000000e+00,1,0
7256,6863,2.5000000000000001e-02,0.0000000000000000e+00,1,0
7256,6896,1.0000000000000000e-02,0.0000000000000000e+00,1,0
7257,6834,4.0000000000000000e+00,0.0000000000000000e+00,1,0
7257,6847,8.0000000000000000e+00,0.0000000000000000e+00,1,0
7257,6863,2.5000000000000001e-02,0.0000000000000000e+00,1,0
7257,6896,1.0000000000000000e-02,0.0000000000000000e+00,1,0
7257,7546,3.4999999999999998e-01,0.0000000000000000e+00,0,0
7258,6750,4.9000000000000000e+01,0.0000000000000000e+00,0,0
7258,6798,1.0000000000000000e+02,0.0000000000000000e+00,0,0
7258,6863,2.3999999999999999e+00,0.0000000000000000e+00,0,0
7258,6885,1.2000000000000000e+00,0.0000000000000000e+00,0,0
7258,6920,6.0000000000000000e+00,0.0000000000000000e+00,0,0
7258,7279,4.0000000000000000e+00,0.0000000000000000e+00,0,0
7258,7887,4.0000000000000002e-01,0.0000000000000000e+00,0,0
7259,7259,1.0000000000000000e+00,0.0000000000000000e+00,0,0
7260,7260,1.0000000000000000e+00,0.0000000000000000e+00,0,0
7261,7261,1.0000000000000000e+00,0.0000000000000000e+00,0,0
7263,7263,1.0000000000000000e+00,0.0000000000000000e+00,0,0
7264,7264,1.0000000000000000e+00,0.0000000000000000e+00,0,0
7265,7265,1.0000000000000000e+00,0.0000000000000000e+00,0,0
7266,7266,1.0000000000000000e+00,0.0000000000000000e+00,0,0
7267,7267,1.0000000000000000e+00,0.0000000000000000e+00,0,0
7268,7268,1.0000000000000000e+00,0.0000000000000000e+00,0,0
7269,7269,1.0000000000000000e+00,0.0000000000000000e+00,0,0
7270,7270,1.0000000000000000e+00,0.0000000000000000e+00,0,0
7272,7272,1.0000000000000000e+00,0.0000000000000000e+00,0,0
7275,7275,1.0000000000000000e+00,0.0000000000000000e+00,0,0
7276,7276,1.0000000000000000e+00,0.0000000000000000e+00,0,0
7277,7277,1.0000000000000000e+00,0.0000000000000000e+00,0,0
7278,7278,1.0000000000000000e+00,0.0000000000000000e+00,0,0
7279,7279,1.0000000000000000e+00,0.0000000000000000e+00,0,0
7285,7285,1.0000000000000000e+00,0.0000000000000000e+00,0,0
7292,7292,1.0000000000000000e+00,0.0000000000000000e+00,0,0
7298,7298,1.0000000000000000e+00,0.0000000000000000e+00,0,0
7307,7307,1.0000000000000000e+00,0.0000000000000000e+00,0,0
7309,7309,1.0000000000000000e+00,0.0000000000000000e+00,0,0
7310,7310,1.0000000000000000e+00,0.0000000000000000e+00,0,0
7314,7314,1.0000000000000000e+00,0.0000000000000000e+00,0,0
7317,7317,1.0000000000000000e+00,0.0000000000000000e+00,0,0
7318,7318,1.0000000000000000e+00,0.0000000000000000e+00,0,0
7331,7331,1.0000000000000000e+00,0.0000000000000000e+00,0,0
7332,7332,1.0000000000000000e+00,0.0000000000000000e+00,0,0
7334,7334,1.0000000000000000e+00,0.0000000000000000e+00,0,0
7336,7336,1.0000000000000000e+00,0.0000000000000000e+00,0,0
7337,7337,1.0000000000000000e+00,0.0000000000000000e+00,0,0
7338,7338,1.0000000000000000e+00,0.0000000000000000e+00,0,0
7339,7339,1.0000000000000000e+00,0.0000000000000000e+00,0,0
7351,7351,1.0000000000000000e+00,0.0000000000000000e+00,0,0
7354,6750,5.2000000000000000e+01,0.0000000000000000e+00,0,0
7354,6798,3.5000000000000000e+01,0.0000000000000000e+00,0,0
7354,6806,4.0000000000000000e+01,0.0000000000000000e+00,0,0
7354,6812,2.5000000000000000e+01,0.0000000000000000e+00,0,0
7354,6816,2.0000000000000000e+00,0.0000000000000000e+00,0,0
7354,6863,2.1000000000000001e+00,0.0000000000000000e+00,0,0
7354,6871,1.8000000000000000e+00,0.0000000000000000e+00,0,0
7354,6877,1.0000000000000000e+00,0.0000000000000000e+00,0,0
7354,6920,6.7500000000000000e+00,0.0000000000000000e+00,0,0
7354,6921,6.7500000000000000e+00,0.0000000000000000e+00,0,0
7354,7375,2.0000000000000001e-01,0.0000000000000000e+00,0,0
7354,7639,3.4999999999999998e-01,0.0000000000000000e+00,0,0
7358,6750,5.8000000000000000e+01,0.0000000000000000e+00,0,0
7358,6798,3.5000000000000000e+01,0.0000000000000000e+00,0,0
7358,6802,1.5000000000000000e+01,0.0000000000000000e+00,0,0
7358,6863,2.0000000000000000e+00,0.0000000000000000e+00,0,0
7358,6867,1.2000000000000000e+00,0.0000000000000000e+00,0,0
7358,6871,1.5000000000000000e+00,0.0000000000000000e+00,0,0
7358,6877,8.0000000000000004e-01,0.0000000000000000e+00,0,0
7358,6916,3.5000000000000000e+00,0.0000000000000000e+00,0,0
7358,7205,5.0000000000000000e+01,0.0000000000000000e+00,0,0
7358,7383,2.5000000000000000e-01,0.0000000000000000e+00,0,0
7358,7639,3.4999999999999998e-01,0.0000000000000000e+00,0,0
7360,6750,5.7000000000000000e+01,0.0000000000000000e+00,0,0
7360,6798,6.0000000000000000e+01,0.0000000000000000e+00,0,0
7360,6806,3.0000000000000000e+01,0.0000000000000000e+00,0,0
7360,6813,1.0000000000000000e+01,0.0000000000000000e+00,0,0
7360,6863,1.6000000000000001e+00,0.0000000000000000e+00,0,0
7360,6871,1.5000000000000000e+00,0.0000000000000000e+00,0,0
7360,6877,8.0000000000000004e-01,0.0000000000000000e+00,0,0
7360,6882,8.0000000000000004e-01,0.0000000000000000e+00,0,0
7360,6916,3.5000000000000000e+00,0.0000000000000000e+00,0,0
7360,7213,3.4000000000000002e-01,0.0000000000000000e+00,0,0
7360,7639,3.4999999999999998e-01,0.0000000000000000e+00,0,0
7362,6750,6.0000000000000000e+01,0.0000000000000000e+00,0,0
7362,6798,5.5000000000000000e+01,0.0000000000000000e+00,0,0
7362,6799,3.0000000000000000e+01,0.0000000000000000e+00,0,0
7362,6802,1.5000000000000000e+01,0.0000000000000000e+00,0,0
7362,6816,2.0000000000000000e+00,0.0000000000000000e+00,0,0
7362,6863,1.8000000000000000e+00,0.0000000000000000e+00,0,0
7362,6869,4.0000000000000002e-01,0.0000000000000000e+00,0,0
7362,6871,3.0000000000000000e+00,0.0000000000000000e+00,0,0
7362,6877,8.0000000000000004e-01,0.0000000000000000e+00,0,0
7362,6882,2.0000000000000000e+00,0.0000000000000000e+00,0,0
7362,6916,3.5000000000000000e+00,0.0000000000000000e+00,0,0
7362,7639,1.0000000000000000e-04,0.0000000000000000e+00,0,0
7363,6750,5.6000000000000000e+01,0.0000000000000000e+00,0,0
7363,6798,5.0000000000000000e+01,0.0000000000000000e+00,0,0
7363,6805,5.0000000000000000e+01,0.0000000000000000e+00,0,0
7363,6816,3.0000000000000000e+00,0.0000000000000000e+00,0,0
7363,6863,1.8000000000000000e+00,0.0000000000000000e+00,0,0
7363,6871,3.2500000000000000e+00,0.0000000000000000e+00,0,0
7363,6873,1.2000000000000000e+00,0.0000000000000000e+00,0,0
7363,6877,8.0000000000000004e-01,0.0000000000000000e+00,0,0
7363,6913,5.0000000000000000e+00,0.0000000000000000e+00,0,0
7363,7375,4.0000000000000002e-01,0.0000000000000000e+00,0,0
7363,7407,1.0000000000000000e+01,0.0000000000000000e+00,0,0
7363,7639,3.4999999999999998e-01,0.0000000000000000e+00,0,0
7365,7365,1.0000000000000000e+00,0.0000000000000000e+00,0,0
7367,6750,2.2219999999999999e+01,0.0000000000000000e+00,0,0
7367,6804,5.5549999999999997e+01,0.0000000000000000e+00,0,0
7367,6816,2.2000000000000002e+00,0.0000000000000000e+00,0,0
7367,6871,2.2200000000000002e+00,0.0000000000000000e+00,0,0
7367,6880,1.1000000000000001e+00,0.0000000000000000e+00,0,0
7367,6914,0.0000000000000000e+00,0.0000000000000000e+00,0,0
7367,6951,4.4439999999999998e+01,0.0000000000000000e+00,0,0
7369,6750,4.0000000000000000e+00,0.0000000000000000e+00,0,0
7369,6804,5.0000000000000000e+00,0.0000000000000000e+00,0,0
7369,6871,1.0000000000000001e-01,0.0000000000000000e+00,0,0
7369,6880,1.0000000000000001e-01,0.0000000000000000e+00,0,0
7369,6951,2.0000000000000000e+00,0.0000000000000000e+00,0,0
7370,6750,1.3999999999999999e+00,0.0000000000000000e+00,0,0
7370,6804,3.0000000000000000e+00,0.0000000000000000e+00,0,0
7370,6816,1.0000000000000001e-01,0.0000000000000000e+00,0,0
7370,6863,5.0000000000000003e-02,0.0000000000000000e+00,0,0
7370,6880,5.9999999999999998e-02,0.0000000000000000e+00,0,0
7370,6914,1.3000000000000000e+00,0.0000000000000000e+00,0,0
7372,6750,4.0000000000000002e-01,0.0000000000000000e+00,0,0
7372,6803,1.2500000000000000e+00,0.0000000000000000e+00,0,0
7372,6804,1.2500000000000000e+00,0.0000000000000000e+00,0,0
7372,6816,1.0000000000000001e-01,0.0000000000000000e+00,0,0
7372,6863,5.9999999999999998e-02,0.0000000000000000e+00,0,0
7372,6871,2.0000000000000001e-01,0.0000000000000000e+00,0,0
7372,6899,2.5000000000000000e-01,0.0000000000000000e+00,0,0
7372,6913,1.0000000000000000e+00,0.0000000000000000e+00,0,0
7372,6919,2.9999999999999999e-01,0.0000000000000000e+00,0,0
7373,6750,6.7700000000000003e+01,0.0000000000000000e+00,0,0
7373,6797,4.0000000000000000e+01,0.0000000000000000e+00,0,0
7373,6863,1.8999999999999999e+00,0.0000000000000000e+00,0,0
7373,7198,5.3000000000000003e-01,0.0000000000000000e+00,0,0
7373,7338,2.0000000000000000e+01,0.0000000000000000e+00,0,0
7373,7600,4.0000000000000000e+01,0.0000000000000000e+00,0,0
7374,6750,6.5000000000000000e+01,0.0000000000000000e+00,0,0
7374,6797,8.1000000000000000e+01,0.0000000000000000e+00,0,0
7374,6802,1.8000000000000000e+01,0.0000000000000000e+00,0,0
7374,6863,1.6000000000000001e+00,0.0000000000000000e+00,0,0
7374,6868,8.0000000000000004e-01,0.0000000000000000e+00,0,0
7374,6869,2.0000000000000000e+00,0.0000000000000000e+00,0,0
7374,6871,2.2000000000000002e+00,0.0000000000000000e+00,0,0
7374,6900,5.0000000000000000e+00,0.0000000000000000e+00,0,0
7374,6913,5.0000000000000000e+00,0.0000000000000000e+00,0,0
7374,6945,4.0000000000000000e+00,0.0000000000000000e+00,0,0
7374,6961,4.0000000000000000e+00,0.0000000000000000e+00,0,0
7374,6962,4.0000000000000000e+00,0.0000000000000000e+00,0,0
7374,7639,3.4999999999999998e-01,0.0000000000000000e+00,0,0
7375,7375,1.0000000000000000e+00,0.0000000000000000e+00,0,0
7376,7376,1.0000000000000000e+00,0.0000000000000000e+00,0,0
7378,6808,2.1000000000000001e+00,0.0000000000000000e+00,1,0
7378,6829,1.0000000000000000e+01,0.0000000000000000e+00,1,0
7378,6833,5.0000000000000000e+00,0.0000000000000000e+00,1,0
7378,6834,1.5000000000000000e+01,0.0000000000000000e+00,1,0
7378,6899,1.5000000000000000e+00,0.0000000000000000e+00,1,0
7378,7379,2.0000000000000000e+00,0.0000000000000000e+00,1,0
7378,8073,1.0000000000000000e+01,0.0000000000000000e+00,0,0
7379,7379,1.0000000000000000e+00,0.0000000000000000e+00,0,0
7380,7380,1.0000000000000000e+00,0.0000000000000000e+00,0,0
7382,7382,1.0000000000000000e+00,0.0000000000000000e+00,0,0
7383,7383,1.0000000000000000e+00,0.0000000000000000e+00,0,0
7384,7384,1.0000000000000000e+00,0.0000000000000000e+00,0,0
7385,7385,1.0000000000000000e+00,0.0000000000000000e+00,0,0
7386,7386,1.0000000000000000e+00,0.0000000000000000e+00,0,0
7390,7390,1.0000000000000000e+00,0.0000000000000000e+00,0,0
7391,7391,1.0000000000000000e+00,0.0000000000000000e+00,0,0
7394,6797,8.0000000000000000e+00,0.0000000000000000e+00,0,0
7394,6817,2.2570000000000001e+00,0.0000000000000000e+00,0,0
7394,6838,1.8810000000000000e+00,0.0000000000000000e+00,0,0
7394,6862,1.3200000000000001e-01,0.0000000000000000e+00,0,0
7394,6890,1.8800000000000000e-01,0.0000000000000000e+00,0,0
7394,6913,1.8810000000000000e+00,0.0000000000000000e+00,0,0
7394,6921,2.2570000000000001e+00,0.0000000000000000e+00,0,0
7395,6817,1.5000000000000000e+00,0.0000000000000000e+00,0,0
7395,6900,1.5000000000000000e+00,0.0000000000000000e+00,0,0
7395,7222,3.0000000000000000e+00,0.0000000000000000e+00,0,0
7397,6830,1.0000000000000000e+00,0.0000000000000000e+00,1,0
7397,7223,1.0000000000000000e+00,0.0000000000000000e+00,1,0
7397,7248,1.0000000000000000e+00,0.0000000000000000e+00,1,0
7398,6846,2.0000000000000001e-01,0.0000000000000000e+00,1,0
7398,6848,5.9999999999999998e-01,0.0000000000000000e+00,1,0
7398,7251,5.0000000000000001e-03,0.0000000000000000e+00,1,0
7400,7400,1.0000000000000000e+00,0.0000000000000000e+00,0,0
7404,6750,1.8180000000000000e+01,0.0000000000000000e+00,0,0
7404,6797,1.3640000000000001e+01,0.0000000000000000e+00,0,0
7404,6803,6.8180000000000007e+01,0.0000000000000000e+00,0,0
7404,6816,1.1359999999999999e+01,0.0000000000000000e+00,0,0
7404,6863,2.2700000000000000e+00,0.0000000000000000e+00,0,0
7404,6871,3.6400000000000001e+00,0.0000000000000000e+00,0,0
7404,6913,1.0000000000000000e+01,0.0000000000000000e+00,0,0
7404,7279,1.3300000000000000e+02,0.0000000000000000e+00,0,0
7404,8073,3.1820000000000000e+01,0.0000000000000000e+00,0,0
7405,6750,6.0000000000000000e+00,0.0000000000000000e+00,0,0
7405,6798,1.0000000000000000e+02,0.0000000000000000e+00,0,0
7405,6832,4.0000000000000000e+00,0.0000000000000000e+00,0,0
7405,6862,2.0000000000000000e+00,0.0000000000000000e+00,0,0
7405,6863,2.0000000000000000e+00,0.0000000000000000e+00,0,0
7405,6871,5.2999999999999998e+00,0.0000000000000000e+00,0,0
7405,6899,1.5000000000000000e+01,0.0000000000000000e+00,0,0
7405,7279,5.5000000000000000e+01,0.0000000000000000e+00,0,0
7405,8073,2.0000000000000000e+01,0.0000000000000000e+00,0,0
7406,6750,5.0000000000000000e+01,0.0000000000000000e+00,0,0
7406,6804,5.0000000000000000e+01,0.0000000000000000e+00,0,0
7406,6805,5.0000000000000000e+01,0.0000000000000000e+00,0,0
7406,6863,3.0000000000000000e+00,0.0000000000000000e+00,0,0
7406,7279,1.5000000000000000e+01,0.0000000000000000e+00,0,0
7407,7407,1.0000000000000000e+00,0.0000000000000000e+00,0,0
7408,7408,1.0000000000000000e+00,0.0000000000000000e+00,0,0
7409,7409,1.0000000000000000e+00,0.0000000000000000e+00,0,0
7410,7410,1.0000000000000000e+00,0.0000000000000000e+00,0,0
7411,7411,1.0000000000000000e+00,0.0000000000000000e+00,0,0
7437,6750,6.3000000000000000e+01,0.0000000000000000e+00,1,0
7437,6797,3.0000000000000000e+01,0.0000000000000000e+00,1,0
7437,6805,2.5000000000000000e+01,0.0000000000000000e+00,1,0
7437,6806,4.5000000000000000e+01,0.0000000000000000e+00,1,0
7437,6808,1.0000000000000000e-03,0.0000000000000000e+00,1,0
7437,6814,1.0000000000000000e+00,0.0000000000000000e+00,1,0
7437,6863,2.0000000000000000e+00,0.0000000000000000e+00,1,0
7437,6868,8.9999999999999997e-02,0.0000000000000000e+00,1,0
7437,6870,1.0000000000000000e+00,0.0000000000000000e+00,1,0
7437,6871,1.5000000000000000e+00,0.0000000000000000e+00,1,0
7437,6882,2.0000000000000000e+00,0.0000000000000000e+00,1,0
7437,6921,2.0000000000000000e+00,0.0000000000000000e+00,1,0
7437,7261,1.5000000000000000e+00,0.0000000000000000e+00,1,0
7443,6750,5.6000000000000000e+01,0.0000000000000000e+00,0,0
7443,6805,7.5000000000000000e+01,0.0000000000000000e+00,0,0
7443,6863,1.0000000000000000e+00,0.0000000000000000e+00,0,0
7443,6871,5.0000000000000000e-01,0.0000000000000000e+00,0,0
7443,6877,1.0000000000000000e+00,0.0000000000000000e+00,0,0
7443,6913,2.0000000000000000e+00,0.0000000000000000e+00,0,0
7443,7572,2.5000000000000000e+01,0.0000000000000000e+00,0,0
7444,6750,3.2000000000000000e+01,0.0000000000000000e+00,0,0
7444,6798,5.0000000000000000e+01,0.0000000000000000e+00,0,0
7444,6871,2.5000000000000000e+00,0.0000000000000000e+00,0,0
7444,6920,3.0000000000000000e+00,0.0000000000000000e+00,0,0
7444,6955,1.2500000000000000e+01,0.0000000000000000e+00,0,0
7458,7458,1.0000000000000000e+00,0.0000000000000000e+00,0,0
7460,7460,1.0000000000000000e+00,0.0000000000000000e+00,0,0
7464,6750,5.0000000000000000e+01,0.0000000000000000e+00,0,0
7464,6803,6.6665999999999997e+01,0.0000000000000000e+00,0,0
7464,6805,3.3332999999999998e+01,0.0000000000000000e+00,0,0
7464,6816,8.0000000000000000e+00,0.0000000000000000e+00,0,0
7464,6828,4.0000000000000000e+00,0.0000000000000000e+00,0,0
7464,6863,2.0000000000000000e+00,0.0000000000000000e+00,0,0
7464,6870,1.0000000000000000e+00,0.0000000000000000e+00,0,0
7464,6871,6.0000000000000000e+00,0.0000000000000000e+00,0,0
7464,6880,1.5000000000000000e+00,0.0000000000000000e+00,0,0
7464,7279,5.0000000000000000e+00,0.0000000000000000e+00,0,0
7468,6805,2.0000000000000000e+01,0.0000000000000000e+00,1,0
7468,6829,6.0000000000000000e+00,0.0000000000000000e+00,1,0
7468,6832,1.6000000000000000e+01,0.0000000000000000e+00,1,0
7468,6833,3.8000000000000000e+01,0.0000000000000000e+00,1,0
7468,6834,1.0000000000000000e+02,0.0000000000000000e+00,1,0
7468,6899,1.0000000000000000e+01,0.0000000000000000e+00,1,0
7468,7574,5.3000000000000000e+01,0.0000000000000000e+00,0,0
7468,7631,3.0000000000000000e+00,0.0000000000000000e+00,0,0
7468,8073,3.1899999999999999e+00,0.0000000000000000e+00,0,0
7468,8074,1.7499999999999999e-01,0.0000000000000000e+00,0,0
7469,7469,1.0000000000000000e+00,0.0000000000000000e+00,0,0
7470,6750,3.1000000000000001e+00,0.0000000000000000e+00,0,0
7470,6803,4.0000000000000000e+00,0.0000000000000000e+00,0,0
7470,6871,2.9999999999999999e-01,0.0000000000000000e+00,0,0
7470,6880,1.6000000000000000e-01,0.0000000000000000e+00,0,0
7470,6899,4.0000000000000002e-01,0.0000000000000000e+00,0,0
7470,6914,3.0000000000000000e+00,0.0000000000000000e+00,0,0
7470,6954,4.0000000000000000e+00,0.0000000000000000e+00,0,0
7471,7471,1.0000000000000000e+00,0.0000000000000000e+00,0,0
7478,6750,5.6299999999999997e+01,0.0000000000000000e+00,0,0
7478,6800,8.6299999999999997e+01,0.0000000000000000e+00,0,0
7478,6809,1.5070000000000000e+01,0.0000000000000000e+00,0,0
7478,6863,1.8300000000000001e+00,0.0000000000000000e+00,0,0
7478,6869,2.7000000000000002e-01,0.0000000000000000e+00,0,0
7478,6871,2.0000000000000000e+00,0.0000000000000000e+00,0,0
7478,6877,1.0000000000000000e+00,0.0000000000000000e+00,0,0
7478,6882,1.9199999999999999e+00,0.0000000000000000e+00,0,0
7478,6921,1.9600000000000000e+00,0.0000000000000000e+00,0,0
7478,7365,1.3699999999999999e+01,0.0000000000000000e+00,0,0
7479,6750,5.9000000000000000e+01,0.0000000000000000e+00,0,0
7479,6798,5.5500000000000000e+01,0.0000000000000000e+00,0,0
7479,6870,1.0000000000000000e-03,0.0000000000000000e+00,0,0
7479,6871,3.0000000000000000e+00,0.0000000000000000e+00,0,0
7479,6880,2.0000000000000000e+00,0.0000000000000000e+00,0,0
7479,6882,1.0000000000000000e+00,0.0000000000000000e+00,0,0
7479,6913,3.7000000000000002e+00,0.0000000000000000e+00,0,0
7479,6949,1.0000000000000000e+00,0.0000000000000000e+00,0,0
7479,6951,4.4500000000000000e+01,0.0000000000000000e+00,0,0
7480,6750,6.3500000000000000e+01,0.0000000000000000e+00,0,0
7480,6799,1.0000000000000000e+01,0.0000000000000000e+00,0,0
7480,6802,3.0000000000000000e+01,0.0000000000000000e+00,0,0
7480,6805,4.0000000000000000e+01,0.0000000000000000e+00,0,0
7480,6813,2.0000000000000000e+01,0.0000000000000000e+00,0,0
7480,6863,2.0000000000000000e+00,0.0000000000000000e+00,0,0
7480,6869,4.0000000000000002e-01,0.0000000000000000e+00,0,0
7480,6870,1.1299999999999999e+00,0.0000000000000000e+00,0,0
7480,6871,2.0000000000000000e+00,0.0000000000000000e+00,0,0
7480,6879,9.3999999999999995e-01,0.0000000000000000e+00,0,0
7480,6882,1.1299999999999999e+00,0.0000000000000000e+00,0,0
7480,6913,4.6799999999999997e+00,0.0000000000000000e+00,0,0
7480,6952,1.0000000000000000e+00,0.0000000000000000e+00,0,0
7480,6959,2.6000000000000001e-01,0.0000000000000000e+00,0,0
7480,7265,5.5000000000000004e-01,0.0000000000000000e+00,0,0
7481,6750,5.9000000000000000e+01,0.0000000000000000e+00,0,0
7481,6798,5.5500000000000000e+01,0.0000000000000000e+00,0,0
7481,6870,1.0000000000000000e-03,0.0000000000000000e+00,0,0
7481,6871,3.0000000000000000e+00,0.0000000000000000e+00,0,0
7481,6880,2.0000000000000000e+00,0.0000000000000000e+00,0,0
7481,6882,1.0000000000000000e+00,0.0000000000000000e+00,0,0
7481,6913,3.7000000000000002e+00,0.0000000000000000e+00,0,0
7481,6949,1.0000000000000000e+00,0.0000000000000000e+00,0,0
7481,6951,4.4500000000000000e+01,0.0000000000000000e+00,0,0
7482,6750,5.4000000000000000e+01,0.0000000000000000e+00,0,0
7482,6798,7.8000000000000000e+01,0.0000000000000000e+00,0,0
7482,6866,1.0000000000000000e-03,0.0000000000000000e+00,0,0
7482,6871,4.7999999999999998e+00,0.0000000000000000e+00,0,0
7482,6877,1.5000000000000000e+00,0.0000000000000000e+00,0,0
7482,6878,2.8999999999999999e+00,0.0000000000000000e+00,0,0
7482,6948,2.1000000000000000e+01,0.0000000000000000e+00,0,0
7482,6949,1.0000000000000000e+00,0.0000000000000000e+00,0,0
7484,6750,9.3799999999999994e-01,0.0000000000000000e+00,0,0
7484,6890,2.8999999999999998e-03,0.0000000000000000e+00,0,0
7484,6899,0.0000000000000000e+00,0.0000000000000000e+00,0,0
7484,6921,9.3799999999999994e-01,0.0000000000000000e+00,0,0
7484,7553,2.2500000000000000e+00,0.0000000000000000e+00,0,0
7496,7496,1.0000000000000000e+00,0.0000000000000000e+00,0,0
7497,7497,1.0000000000000000e+00,0.0000000000000000e+00,0,0
7498,7498,1.0000000000000000e+00,0.0000000000000000e+00,0,0
7504,6750,5.0000000000000000e+01,0.0000000000000000e+00,0,0
7504,6803,1.0000000000000000e+02,0.0000000000000000e+00,0,0
7504,6816,1.0000000000000000e+01,0.0000000000000000e+00,0,0
7504,6828,1.0000000000000000e+01,0.0000000000000000e+00,0,0
7504,6863,2.0000000000000000e+00,0.0000000000000000e+00,0,0
7504,6870,1.0000000000000000e+00,0.0000000000000000e+00,0,0
7504,6871,6.0000000000000000e+00,0.0000000000000000e+00,0,0
7504,6877,1.5000000000000000e+00,0.0000000000000000e+00,0,0
7504,7279,1.0000000000000000e+01,0.0000000000000000e+00,0,0
7506,7506,1.0000000000000000e+00,0.0000000000000000e+00,0,0
7507,7507,1.0000000000000000e+00,0.0000000000000000e+00,0,0
7509,7509,1.0000000000000000e+00,0.0000000000000000e+00,0,0
7510,7510,1.0000000000000000e+00,0.0000000000000000e+00,0,0
7511,7511,1.0000000000000000e+00,0.0000000000000000e+00,0,0
7512,7512,1.0000000000000000e+00,0.0000000000000000e+00,0,0
7513,6750,1.0000000000000000e+02,0.0000000000000000e+00,0,0
7513,6798,1.0000000000000000e+02,0.0000000000000000e+00,0,0
7513,6871,5.0000000000000000e+01,0.0000000000000000e+00,0,0
7515,7515,1.0000000000000000e+00,0.0000000000000000e+00,0,0
7517,6797,1.0000000000000000e+01,0.0000000000000000e+00,0,0
7517,6798,8.0000000000000000e+01,0.0000000000000000e+00,0,0
7517,6799,1.0000000000000000e+01,0.0000000000000000e+00,0,0
7517,6809,2.0000000000000000e+01,0.0000000000000000e+00,0,0
7517,6863,2.6600000000000001e+00,0.0000000000000000e+00,0,0
7517,6871,4.0000000000000000e+00,0.0000000000000000e+00,0,0
7517,6885,1.0000000000000000e+00,0.0000000000000000e+00,0,0
7517,6914,3.4399999999999999e+01,0.0000000000000000e+00,0,0
7517,7279,1.0000000000000000e+01,0.0000000000000000e+00,0,0
7518,6750,5.4000000000000000e+01,0.0000000000000000e+00,0,0
7518,6816,2.5000000000000000e+00,0.0000000000000000e+00,0,0
7518,6863,2.7000000000000002e+00,0.0000000000000000e+00,0,0
7518,6871,4.0000000000000002e-01,0.0000000000000000e+00,0,0
7518,6920,3.2000000000000002e+00,0.0000000000000000e+00,0,0
7518,7200,1.0000000000000000e+02,0.0000000000000000e+00,0,0
7518,7520,1.2000000000000000e+00,0.0000000000000000e+00,0,0
7518,7887,1.7000000000000001e-01,0.0000000000000000e+00,0,0
7520,7520,1.0000000000000000e+00,0.0000000000000000e+00,0,0
7521,6863,2.0000000000000000e-02,0.0000000000000000e+00,1,0
7521,6896,5.0000000000000001e-03,0.0000000000000000e+00,1,0
7521,6918,2.0000000000000001e-01,0.0000000000000000e+00,1,0
7521,7546,2.0000000000000001e-01,0.0000000000000000e+00,1,0
7521,7547,3.0000000000000001e-03,0.0000000000000000e+00,1,0
7521,7590,2.7999999999999998e+00,0.0000000000000000e+00,1,0
7522,6805,2.0000000000000000e+01,0.0000000000000000e+00,1,0
7522,6829,6.0000000000000000e+00,0.0000000000000000e+00,1,0
7522,6832,1.6000000000000000e+01,0.0000000000000000e+00,1,0
7522,6833,3.8000000000000000e+01,0.0000000000000000e+00,1,0
7522,6834,1.0000000000000000e+02,0.0000000000000000e+00,1,0
7522,6899,1.0000000000000000e+01,0.0000000000000000e+00,1,0
7522,7631,5.0000000000000000e+00,0.0000000000000000e+00,0,0
7523,6797,1.4999999999999999e-01,0.0000000000000000e+00,0,0
7523,7279,1.2500000000000000e-01,0.0000000000000000e+00,0,0
7524,6842,5.0000000000000000e-01,0.0000000000000000e+00,1,0
7524,6863,2.0000000000000000e-02,0.0000000000000000e+00,1,0
7524,6896,1.0000000000000000e-02,0.0000000000000000e+00,1,0
7524,6933,1.4999999999999999e-01,0.0000000000000000e+00,0,0
7524,7251,2.0000000000000000e-02,0.0000000000000000e+00,1,0
7524,7548,2.0000000000000000e+00,0.0000000000000000e+00,1,0
7524,7549,5.0000000000000000e-01,0.0000000000000000e+00,1,0
7524,7631,8.0000000000000002e-02,0.0000000000000000e+00,1,0
7525,6797,7.4999999999999997e-02,0.0000000000000000e+00,1,0
7525,6842,5.0000000000000000e-01,0.0000000000000000e+00,1,0
7525,6848,5.0000000000000000e-01,0.0000000000000000e+00,1,0
7525,6863,2.0000000000000000e-02,0.0000000000000000e+00,1,0
7525,6896,1.0000000000000000e-02,0.0000000000000000e+00,1,0
7525,7251,2.0000000000000000e-02,0.0000000000000000e+00,1,0
7525,7548,2.0000000000000000e+00,0.0000000000000000e+00,1,0
7525,7631,1.7999999999999999e-01,0.0000000000000000e+00,0,0
7540,6863,2.0000000000000000e-02,0.0000000000000000e+00,1,0
7540,6896,5.0000000000000001e-03,0.0000000000000000e+00,1,0
7540,6918,2.0000000000000001e-01,0.0000000000000000e+00,1,0
7540,7546,2.0000000000000001e-01,0.0000000000000000e+00,1,0
7540,7547,3.0000000000000001e-03,0.0000000000000000e+00,1,0
7540,7590,2.7999999999999998e+00,0.0000000000000000e+00,1,0
7544,6750,6.6000000000000000e+01,0.0000000000000000e+00,0,0
7544,6805,1.0000000000000000e+02,0.0000000000000000e+00,0,0
7544,6809,5.0000000000000000e+00,0.0000000000000000e+00,0,0
7544,6863,2.0000000000000000e+00,0.0000000000000000e+00,0,0
7544,6871,1.5000000000000000e+00,0.0000000000000000e+00,0,0
7544,6920,9.9999999999999995e-07,0.0000000000000000e+00,0,0
7544,7375,3.4999999999999998e-01,0.0000000000000000e+00,0,0
7544,7520,1.0000000000000000e+00,0.0000000000000000e+00,0,0
7546,7546,1.0000000000000000e+00,0.0000000000000000e+00,0,0
7547,7547,1.0000000000000000e+00,0.0000000000000000e+00,0,0
7548,7548,1.0000000000000000e+00,0.0000000000000000e+00,0,0
7549,7549,1.0000000000000000e+00,0.0000000000000000e+00,0,0
7553,7553,1.0000000000000000e+00,0.0000000000000000e+00,0,0
7554,7554,1.0000000000000000e+00,0.0000000000000000e+00,0,0
7555,7555,1.0000000000000000e+00,0.0000000000000000e+00,0,0
7556,7556,1.0000000000000000e+00,0.0000000000000000e+00,0,0
7557,7557,1.0000000000000000e+00,0.0000000000000000e+00,0,0
7558,7558,1.0000000000000000e+00,0.0000000000000000e+00,0,0
7567,6750,4.4999999999999998e-02,0.0000000000000000e+00,0,0
7567,7581,7.4999999999999997e-02,0.0000000000000000e+00,0,0
7568,7567,1.2000000000000000e-01,0.0000000000000000e+00,1,0
7568,7578,1.5000000000000000e+00,0.0000000000000000e+00,1,0
7568,7785,9.0000000000000002e-01,0.0000000000000000e+00,1,0
7569,6820,5.5000000000000004e-01,0.0000000000000000e+00,1,0
7569,6991,5.5000000000000004e-01,0.0000000000000000e+00,1,0
7569,7555,1.0000000000000000e-03,0.0000000000000000e+00,1,0
7571,7571,1.0000000000000000e+00,0.0000000000000000e+00,0,0
7572,7572,1.0000000000000000e+00,0.0000000000000000e+00,0,0
7573,7573,1.0000000000000000e+00,0.0000000000000000e+00,0,0
7574,7574,1.0000000000000000e+00,0.0000000000000000e+00,0,0
7575,7575,1.0000000000000000e+00,0.0000000000000000e+00,0,0
7576,7576,1.0000000000000000e+00,0.0000000000000000e+00,0,0
7577,7577,1.0000000000000000e+00,0.0000000000000000e+00,0,0
7578,7578,1.0000000000000000e+00,0.0000000000000000e+00,0,0
7579,7579,1.0000000000000000e+00,0.0000000000000000e+00,0,0
7580,7580,1.0000000000000000e+00,0.0000000000000000e+00,0,0
7581,7581,1.0000000000000000e+00,0.0000000000000000e+00,0,0
7583,7583,1.0000000000000000e+00,0.0000000000000000e+00,0,0
7584,7584,1.0000000000000000e+00,0.0000000000000000e+00,0,0
7585,7585,1.0000000000000000e+00,0.0000000000000000e+00,0,0
7586,7586,1.0000000000000000e+00,0.0000000000000000e+00,0,0
7587,7587,1.0000000000000000e+00,0.0000000000000000e+00,0,0
7588,7588,1.0000000000000000e+00,0.0000000000000000e+00,0,0
7589,7589,1.0000000000000000e+00,0.0000000000000000e+00,0,0
7590,7590,1.0000000000000000e+00,0.0000000000000000e+00,0,0
7591,7591,1.0000000000000000e+00,0.0000000000000000e+00,0,0
7592,7592,1.0000000000000000e+00,0.0000000000000000e+00,0,0
7597,7523,1.6000000000000000e-01,0.0000000000000000e+00,1,0
7597,8073,1.0000000000000000e+00,0.0000000000000000e+00,1,0
7598,7598,1.0000000000000000e+00,0.0000000000000000e+00,0,0
7600,7600,1.0000000000000000e+00,0.0000000000000000e+00,0,0
7601,7601,1.0000000000000000e+00,0.0000000000000000e+00,0,0
7604,6750,5.8000000000000000e+01,0.0000000000000000e+00,0,0
7604,6798,5.0000000000000000e+01,0.0000000000000000e+00,0,0
7604,6802,2.0000000000000000e+01,0.0000000000000000e+00,0,0
7604,6863,2.0000000000000000e+00,0.0000000000000000e+00,0,0
7604,6871,2.5000000000000000e+00,0.0000000000000000e+00,0,0
7604,6877,0.0000000000000000e+00,0.0000000000000000e+00,0,0
7604,6882,1.2000000000000000e+00,0.0000000000000000e+00,0,0
7604,6920,5.0000000000000000e+00,0.0000000000000000e+00,0,0
7604,6921,8.0000000000000000e+00,0.0000000000000000e+00,0,0
7604,7205,3.0000000000000000e+01,0.0000000000000000e+00,0,0
7604,7639,3.4999999999999998e-01,0.0000000000000000e+00,0,0
7605,6750,4.8000000000000000e+01,0.0000000000000000e+00,0,0
7605,6798,7.5000000000000000e+01,0.0000000000000000e+00,0,0
7605,6811,2.5000000000000000e+01,0.0000000000000000e+00,0,0
7605,6816,2.0000000000000000e+00,0.0000000000000000e+00,0,0
7605,6863,2.0000000000000000e+00,0.0000000000000000e+00,0,0
7605,6871,3.0000000000000000e+00,0.0000000000000000e+00,0,0
7605,6880,1.0000000000000000e+00,0.0000000000000000e+00,0,0
7605,6920,5.0000000000000000e+00,0.0000000000000000e+00,0,0
7605,6952,5.0000000000000000e-01,0.0000000000000000e+00,0,0
7605,7606,1.0000000000000000e+00,0.0000000000000000e+00,0,0
7606,7606,1.0000000000000000e+00,0.0000000000000000e+00,0,0
7607,7607,1.0000000000000000e+00,0.0000000000000000e+00,0,0
7610,6750,2.0000000000000000e+01,0.0000000000000000e+00,0,0
7610,6797,1.0000000000000000e+02,0.0000000000000000e+00,0,0
7610,6828,2.5000000000000000e+00,0.0000000000000000e+00,0,0
7610,6862,1.2000000000000000e+00,0.0000000000000000e+00,0,0
7610,6863,2.0000000000000000e+00,0.0000000000000000e+00,0,0
7610,6871,2.0000000000000000e+00,0.0000000000000000e+00,0,0
7610,6899,1.5000000000000000e+01,0.0000000000000000e+00,0,0
7610,6913,2.0000000000000000e+01,0.0000000000000000e+00,0,0
7610,6924,2.5000000000000000e+01,0.0000000000000000e+00,0,0
7612,6750,2.5000000000000000e+01,0.0000000000000000e+00,0,0
7612,6797,1.0000000000000000e+02,0.0000000000000000e+00,0,0
7612,6838,5.0000000000000000e+00,0.0000000000000000e+00,0,0
7612,6862,1.8000000000000000e+00,0.0000000000000000e+00,0,0
7612,6863,2.0000000000000000e+00,0.0000000000000000e+00,0,0
7612,6874,8.0000000000000004e-01,0.0000000000000000e+00,0,0
7612,6913,2.5000000000000000e+01,0.0000000000000000e+00,0,0
7612,6921,2.5000000000000000e+01,0.0000000000000000e+00,0,0
7613,6750,4.5000000000000000e+00,0.0000000000000000e+00,1,0
7613,6805,1.0000000000000001e-01,0.0000000000000000e+00,1,0
7613,6831,4.0000000000000000e+00,0.0000000000000000e+00,1,0
7613,6832,2.0000000000000000e+00,0.0000000000000000e+00,1,0
7613,7631,1.0000000000000001e-01,0.0000000000000000e+00,0,0
7614,7614,1.0000000000000000e+00,0.0000000000000000e+00,0,0
7615,7615,1.0000000000000000e+00,0.0000000000000000e+00,0,0
7616,7616,1.0000000000000000e+00,0.0000000000000000e+00,0,0
7617,7617,1.0000000000000000e+00,0.0000000000000000e+00,0,0
7618,7618,1.0000000000000000e+00,0.0000000000000000e+00,0,0
7619,7619,1.0000000000000000e+00,0.0000000000000000e+00,0,0
7620,7620,1.0000000000000000e+00,0.0000000000000000e+00,0,0
7621,7621,1.0000000000000000e+00,0.0000000000000000e+00,0,0
7622,7622,1.0000000000000000e+00,0.0000000000000000e+00,0,0
7623,7623,1.0000000000000000e+00,0.0000000000000000e+00,0,0
7624,7624,1.0000000000000000e+00,0.0000000000000000e+00,0,0
7625,7625,1.0000000000000000e+00,0.0000000000000000e+00,0,0
7626,7626,1.0000000000000000e+00,0.0000000000000000e+00,0,0
7627,7627,1.0000000000000000e+00,0.0000000000000000e+00,0,0
7628,7628,1.0000000000000000e+00,0.0000000000000000e+00,0,0
7630,6798,1.0000000000000000e+02,0.0000000000000000e+00,0,0
7630,6816,5.3799999999999999e+00,0.0000000000000000e+00,0,0
7630,6863,2.6899999999999999e+00,0.0000000000000000e+00,0,0
7630,6871,3.2300000000000000e+00,0.0000000000000000e+00,0,0
7630,6899,8.0600000000000005e+00,0.0000000000000000e+00,0,0
7630,6921,1.3440000000000000e+01,0.0000000000000000e+00,0,0
7630,7776,1.3440000000000000e+01,0.0000000000000000e+00,0,0
7630,7887,2.0000000000000001e-01,0.0000000000000000e+00,0,0
7630,8073,5.0000000000000000e+01,0.0000000000000000e+00,0,0
7631,7631,1.0000000000000000e+00,0.0000000000000000e+00,0,0
7633,6750,4.6670000000000002e+01,0.0000000000000000e+00,0,0
7633,6803,3.3329999999999998e+01,0.0000000000000000e+00,0,0
7633,6863,1.6699999999999999e+00,0.0000000000000000e+00,0,0
7633,6920,1.6699999999999999e+00,0.0000000000000000e+00,0,0
7633,7206,6.6670000000000002e+01,0.0000000000000000e+00,0,0
7633,7279,5.0000000000000000e+00,0.0000000000000000e+00,0,0
7634,6750,5.5000000000000000e+01,0.0000000000000000e+00,0,0
7634,6798,5.0000000000000000e+01,0.0000000000000000e+00,0,0
7634,6811,5.0000000000000000e+01,0.0000000000000000e+00,0,0
7634,6863,2.0000000000000000e+00,0.0000000000000000e+00,0,0
7634,6885,1.0000000000000000e+00,0.0000000000000000e+00,0,0
7634,6920,2.0000000000000000e+01,0.0000000000000000e+00,0,0
7635,7635,1.0000000000000000e+00,0.0000000000000000e+00,0,0
7636,7636,1.0000000000000000e+00,0.0000000000000000e+00,0,0
7637,7637,1.0000000000000000e+00,0.0000000000000000e+00,0,0
7638,7638,1.0000000000000000e+00,0.0000000000000000e+00,0,0
7639,7639,1.0000000000000000e+00,0.0000000000000000e+00,0,0
7641,7641,1.0000000000000000e+00,0.0000000000000000e+00,0,0
7642,7642,1.0000000000000000e+00,0.0000000000000000e+00,0,0
7644,7644,1.0000000000000000e+00,0.0000000000000000e+00,0,0
7647,6750,6.2000000000000000e+01,0.0000000000000000e+00,0,0
7647,6797,1.0000000000000000e+02,0.0000000000000000e+00,0,0
7647,6816,2.5000000000000000e+00,0.0000000000000000e+00,0,0
7647,6863,1.3999999999999999e+00,0.0000000000000000e+00,0,0
7647,6868,5.0000000000000003e-02,0.0000000000000000e+00,0,0
7647,6871,1.8000000000000000e+00,0.0000000000000000e+00,0,0
7647,6882,2.0000000000000000e+00,0.0000000000000000e+00,0,0
7647,6885,5.0000000000000000e-01,0.0000000000000000e+00,0,0
7647,6921,1.0000000000000000e+00,0.0000000000000000e+00,0,0
7647,6959,2.5000000000000000e-01,0.0000000000000000e+00,0,0
7647,7265,3.3500000000000002e-01,0.0000000000000000e+00,0,0
7648,6750,6.3500000000000000e+01,0.0000000000000000e+00,0,0
7648,6798,4.0000000000000000e+01,0.0000000000000000e+00,0,0
7648,6799,1.0000000000000000e+01,0.0000000000000000e+00,0,0
7648,6802,3.0000000000000000e+01,0.0000000000000000e+00,0,0
7648,6813,2.0000000000000000e+01,0.0000000000000000e+00,0,0
7648,6863,2.0000000000000000e+00,0.0000000000000000e+00,0,0
7648,6869,4.0000000000000002e-01,0.0000000000000000e+00,0,0
7648,6870,1.1299999999999999e+00,0.0000000000000000e+00,0,0
7648,6871,2.0000000000000000e+00,0.0000000000000000e+00,0,0
7648,6879,9.3999999999999995e-01,0.0000000000000000e+00,0,0
7648,6882,1.1299999999999999e+00,0.0000000000000000e+00,0,0
7648,6913,4.6799999999999997e+00,0.0000000000000000e+00,0,0
7648,6952,1.0000000000000000e+00,0.0000000000000000e+00,0,0
7648,6959,2.6000000000000001e-01,0.0000000000000000e+00,0,0
7648,7265,5.5000000000000004e-01,0.0000000000000000e+00,0,0
7649,7649,1.0000000000000000e+00,0.0000000000000000e+00,0,0
7650,7650,1.0000000000000000e+00,0.0000000000000000e+00,0,0
7651,7651,1.0000000000000000e+00,0.0000000000000000e+00,0,0
7652,7652,1.0000000000000000e+00,0.0000000000000000e+00,0,0
7653,6847,1.0000000000000000e+00,0.0000000000000000e+00,0,0
7653,6858,0.0000000000000000e+00,0.0000000000000000e+00,1,0
7653,6863,5.0000000000000001e-03,0.0000000000000000e+00,0,0
7653,6896,3.0000000000000001e-03,0.0000000000000000e+00,0,0
7653,6899,5.0000000000000003e-02,0.0000000000000000e+00,0,0
7653,7547,6.0000000000000001e-03,0.0000000000000000e+00,0,0
7655,6834,1.4999999999999999e-01,0.0000000000000000e+00,0,0
7655,6863,5.0000000000000001e-03,0.0000000000000000e+00,0,0
7655,6896,3.1000000000000000e-02,0.0000000000000000e+00,0,0
7655,6899,5.0000000000000003e-02,0.0000000000000000e+00,0,0
7655,7668,1.0000000000000000e+00,0.0000000000000000e+00,0,0
7656,6863,5.0000000000000001e-03,0.0000000000000000e+00,1,0
7656,6896,3.1000000000000000e-02,0.0000000000000000e+00,1,0
7656,6899,5.0000000000000003e-02,0.0000000000000000e+00,1,0
7656,7574,1.4999999999999999e-01,0.0000000000000000e+00,1,0
7656,7668,1.0000000000000000e+00,0.0000000000000000e+00,1,0
7659,6834,1.0000000000000000e+00,0.0000000000000000e+00,0,0
7659,6896,3.0000000000000001e-03,0.0000000000000000e+00,0,0
7659,6899,2.0000000000000000e+00,0.0000000000000000e+00,0,0
7659,8073,2.9999999999999999e-02,0.0000000000000000e+00,0,0
7668,7668,1.0000000000000000e+00,0.0000000000000000e+00,0,0
7677,6750,4.1000000000000000e+01,0.0000000000000000e+00,0,0
7677,6798,6.8000000000000000e+01,0.0000000000000000e+00,0,0
7677,6816,1.6799999999999999e+00,0.0000000000000000e+00,0,0
7677,6863,2.0000000000000000e+00,0.0000000000000000e+00,0,0
7677,6871,5.0000000000000000e+00,0.0000000000000000e+00,0,0
7677,6880,2.0000000000000000e+00,0.0000000000000000e+00,0,0
7677,6913,1.7000000000000000e+01,0.0000000000000000e+00,0,0
7677,6951,3.2000000000000000e+01,0.0000000000000000e+00,0,0
7677,8073,1.2600000000000000e+01,0.0000000000000000e+00,0,0
7679,6847,2.0000000000000000e+01,0.0000000000000000e+00,0,0
7679,6863,2.0000000000000001e-01,0.0000000000000000e+00,0,0
7679,6896,5.0000000000000001e-03,0.0000000000000000e+00,0,0
7679,6921,5.5000000000000004e-01,0.0000000000000000e+00,0,0
7679,7546,2.6000000000000001e+00,0.0000000000000000e+00,0,0
7679,7844,6.0000000000000001e-03,0.0000000000000000e+00,0,0
7682,6863,1.2800000000000000e-01,0.0000000000000000e+00,0,0
7682,6896,4.0000000000000001e-03,0.0000000000000000e+00,0,0
7682,7546,8.0000000000000004e-01,0.0000000000000000e+00,0,0
7682,7788,4.0000000000000000e+00,0.0000000000000000e+00,0,0
7682,7878,8.8000000000000000e-01,0.0000000000000000e+00,0,0
7682,8263,8.0000000000000000e+00,0.0000000000000000e+00,0,0
7683,6846,3.4000000000000002e-01,0.0000000000000000e+00,0,0
7683,6896,1.0000000000000000e-03,0.0000000000000000e+00,0,0
7683,7410,3.1000000000000000e-01,0.0000000000000000e+00,0,0
7683,7546,6.3000000000000000e-01,0.0000000000000000e+00,0,0
7683,7796,4.0000000000000000e+00,0.0000000000000000e+00,0,0
7687,7687,1.0000000000000000e+00,0.0000000000000000e+00,0,0
7691,7691,1.0000000000000000e+00,0.0000000000000000e+00,0,0
7698,7698,1.0000000000000000e+00,0.0000000000000000e+00,0,0
7699,7699,1.0000000000000000e+00,0.0000000000000000e+00,0,0
7704,7704,1.0000000000000000e+00,0.0000000000000000e+00,0,0
7708,7708,1.0000000000000000e+00,0.0000000000000000e+00,0,0
7709,6750,5.9999999999999998e-01,0.0000000000000000e+00,0,0
7709,6816,1.1499999999999999e+00,0.0000000000000000e+00,0,0
7709,6819,2.9999999999999999e-01,0.0000000000000000e+00,0,0
7709,6838,2.9999999999999999e-01,0.0000000000000000e+00,0,0
7713,6750,1.3999999999999999e+00,0.0000000000000000e+00,1,0
7713,6828,5.0000000000000003e-02,0.0000000000000000e+00,1,0
7713,6834,1.1000000000000001e+00,0.0000000000000000e+00,1,0
7713,6899,2.9999999999999999e-01,0.0000000000000000e+00,1,0
7713,7574,1.7000000000000000e+00,0.0000000000000000e+00,1,0
7713,7687,4.5000000000000001e-01,0.0000000000000000e+00,1,0
7721,7721,1.0000000000000000e+00,0.0000000000000000e+00,0,0
7723,7723,1.0000000000000000e+00,0.0000000000000000e+00,0,0
7725,7725,1.0000000000000000e+00,0.0000000000000000e+00,0,0
7726,7726,1.0000000000000000e+00,0.0000000000000000e+00,0,0
7727,7727,1.0000000000000000e+00,0.0000000000000000e+00,0,0
7728,7728,1.0000000000000000e+00,0.0000000000000000e+00,0,0
7729,7729,1.0000000000000000e+00,0.0000000000000000e+00,0,0
7730,7730,1.0000000000000000e+00,0.0000000000000000e+00,0,0
7731,7731,1.0000000000000000e+00,0.0000000000000000e+00,0,0
7732,7732,1.0000000000000000e+00,0.0000000000000000e+00,0,0
7733,7733,1.0000000000000000e+00,0.0000000000000000e+00,0,0
7737,7737,1.0000000000000000e+00,0.0000000000000000e+00,0,0
7738,7738,1.0000000000000000e+00,0.0000000000000000e+00,0,0
7747,6798,2.7999999999999998e+00,0.0000000000000000e+00,0,0
7747,6817,1.8999999999999999e+00,0.0000000000000000e+00,0,0
7747,6899,5.0000000000000000e-01,0.0000000000000000e+00,0,0
7747,7279,1.5000000000000000e+00,0.0000000000000000e+00,0,0
7748,6816,1.0000000000000001e-01,0.0000000000000000e+00,0,0
7748,6899,1.4999999999999999e-01,0.0000000000000000e+00,0,0
7748,7606,4.0000000000000002e-01,0.0000000000000000e+00,0,0
7748,7750,1.0000000000000000e+00,0.0000000000000000e+00,0,0
7750,7750,1.0000000000000000e+00,0.0000000000000000e+00,0,0
7755,6935,4.0000000000000000e+00,0.0000000000000000e+00,0,0
7755,7279,1.2000000000000000e+00,0.0000000000000000e+00,0,0
7756,6797,2.5000000000000000e+00,0.0000000000000000e+00,0,0
7756,6817,1.0000000000000000e+00,0.0000000000000000e+00,0,0
7756,6857,1.0000000000000001e-01,0.0000000000000000e+00,0,0
7756,6862,2.5000000000000001e-03,0.0000000000000000e+00,0,0
7756,6891,4.0000000000000001e-03,0.0000000000000000e+00,0,0
7756,6899,5.5000000000000004e-01,0.0000000000000000e+00,0,0
7756,6913,2.0000000000000000e+00,0.0000000000000000e+00,0,0
7769,6816,3.8600000000000001e-01,0.0000000000000000e+00,0,0
7769,6838,1.5400000000000000e-01,0.0000000000000000e+00,0,0
7769,6862,5.3999999999999999e-02,0.0000000000000000e+00,0,0
7769,6899,3.8600000000000001e-01,0.0000000000000000e+00,0,0
7769,6921,3.8600000000000001e-01,0.0000000000000000e+00,0,0
7769,7635,5.8000000000000003e-02,0.0000000000000000e+00,0,0
7769,7649,9.6499999999999997e-01,0.0000000000000000e+00,0,0
7769,7785,3.8600000000000001e-01,0.0000000000000000e+00,0,0
7771,7771,1.0000000000000000e+00,0.0000000000000000e+00,0,0
7772,7772,1.0000000000000000e+00,0.0000000000000000e+00,0,0
7774,7774,1.0000000000000000e+00,0.0000000000000000e+00,0,0
7775,7775,1.0000000000000000e+00,0.0000000000000000e+00,0,0
7776,7776,1.0000000000000000e+00,0.0000000000000000e+00,0,0
7778,6750,5.0000000000000000e+01,0.0000000000000000e+00,0,0
7778,6803,6.6665999999999997e+01,0.0000000000000000e+00,0,0
7778,6805,3.3332999999999998e+01,0.0000000000000000e+00,0,0
7778,6816,8.0000000000000000e+00,0.0000000000000000e+00,0,0
7778,6828,4.0000000000000000e+00,0.0000000000000000e+00,0,0
7778,6863,2.0000000000000000e+00,0.0000000000000000e+00,0,0
7778,6871,6.0000000000000000e+00,0.0000000000000000e+00,0,0
7778,6880,1.5000000000000000e+00,0.0000000000000000e+00,0,0
7778,7279,5.0000000000000000e+00,0.0000000000000000e+00,0,0
7782,7782,1.0000000000000000e+00,0.0000000000000000e+00,0,0
7785,7785,1.0000000000000000e+00,0.0000000000000000e+00,0,0
7787,6863,7.0000000000000007e-02,0.0000000000000000e+00,0,0
7787,6896,3.0000000000000001e-03,0.0000000000000000e+00,0,0
7787,6920,2.0000000000000001e-01,0.0000000000000000e+00,0,0
7787,7248,5.0000000000000000e-01,0.0000000000000000e+00,0,0
7787,7469,4.0000000000000000e+00,0.0000000000000000e+00,0,0
7787,7546,2.0000000000000001e-01,0.0000000000000000e+00,0,0
7787,7788,2.0000000000000000e+00,0.0000000000000000e+00,0,0
7788,7788,1.0000000000000000e+00,0.0000000000000000e+00,0,0
7789,7789,1.0000000000000000e+00,0.0000000000000000e+00,0,0
7790,7790,1.0000000000000000e+00,0.0000000000000000e+00,0,0
7791,7791,1.0000000000000000e+00,0.0000000000000000e+00,0,0
7792,7792,1.0000000000000000e+00,0.0000000000000000e+00,0,0
7793,6820,0.0000000000000000e+00,0.0000000000000000e+00,0,0
7793,6839,4.0000000000000001e-02,0.0000000000000000e+00,0,0
7793,6890,2.0000000000000000e-03,0.0000000000000000e+00,0,0
7793,6905,5.9999999999999998e-02,0.0000000000000000e+00,0,0
7793,6937,5.9999999999999998e-01,0.0000000000000000e+00,0,0
7793,7844,0.0000000000000000e+00,0.0000000000000000e+00,0,0
7795,7795,1.0000000000000000e+00,0.0000000000000000e+00,0,0
7796,7796,1.0000000000000000e+00,0.0000000000000000e+00,0,0
7799,7799,1.0000000000000000e+00,0.0000000000000000e+00,0,0
7801,6872,1.0000000000000000e+00,0.0000000000000000e+00,0,0
7801,6900,7.5000000000000000e-01,0.0000000000000000e+00,0,0
7803,6750,4.0000000000000002e-01,0.0000000000000000e+00,0,0
7803,6856,1.2000000000000000e-01,0.0000000000000000e+00,0,0
7803,6921,2.5000000000000000e-01,0.0000000000000000e+00,0,0
7803,7824,1.0000000000000000e+00,0.0000000000000000e+00,0,0
7804,6750,5.0000000000000000e-01,0.0000000000000000e+00,0,0
7804,6816,1.0000000000000000e+00,0.0000000000000000e+00,0,0
7804,6819,3.4999999999999998e-01,0.0000000000000000e+00,0,0
7805,6850,1.3999999999999999e+00,0.0000000000000000e+00,1,0
7805,7279,1.0000000000000001e-01,0.0000000000000000e+00,1,0
7805,7606,1.0000000000000000e+00,0.0000000000000000e+00,1,0
7806,6750,4.0000000000000002e-01,0.0000000000000000e+00,0,0
7806,6855,1.4999999999999999e-01,0.0000000000000000e+00,0,0
7806,6918,1.2000000000000000e-01,0.0000000000000000e+00,0,0
7806,7823,1.0000000000000000e+00,0.0000000000000000e+00,0,0
7810,6820,4.0000000000000002e-01,0.0000000000000000e+00,0,0
7810,6844,2.5000000000000000e+00,0.0000000000000000e+00,0,0
7810,6890,5.0000000000000001e-03,0.0000000000000000e+00,0,0
7810,6905,1.0000000000000001e-01,0.0000000000000000e+00,0,0
7810,7844,2.0000000000000000e-03,0.0000000000000000e+00,0,0
7811,6863,5.9999999999999998e-02,0.0000000000000000e+00,0,0
7811,6896,2.0000000000000000e-03,0.0000000000000000e+00,0,0
7811,7410,3.0000000000000000e+00,0.0000000000000000e+00,0,0
7811,7469,9.0000000000000000e+00,0.0000000000000000e+00,0,0
7811,7546,1.7000000000000000e+00,0.0000000000000000e+00,0,0
7811,7844,2.0000000000000000e-03,0.0000000000000000e+00,0,0
7811,7845,5.9999999999999998e-02,0.0000000000000000e+00,0,0
7812,6750,2.0000000000000000e+00,0.0000000000000000e+00,0,0
7812,7631,1.0000000000000001e-01,0.0000000000000000e+00,0,0
7812,7846,4.3999999999999997e-02,0.0000000000000000e+00,0,0
7813,7546,4.3500000000000000e-01,0.0000000000000000e+00,0,0
7813,7590,1.3999999999999999e+00,0.0000000000000000e+00,0,0
7813,7827,1.0000000000000000e+00,0.0000000000000000e+00,0,0
7814,6846,3.4000000000000002e-01,0.0000000000000000e+00,1,0
7814,6896,1.0000000000000000e-03,0.0000000000000000e+00,1,0
7814,7410,3.1000000000000000e-01,0.0000000000000000e+00,1,0
7814,7546,6.3000000000000000e-01,0.0000000000000000e+00,1,0
7814,7796,4.0000000000000000e+00,0.0000000000000000e+00,1,0
7814,7812,1.5000000000000000e+00,0.0000000000000000e+00,1,0
7815,6899,3.4999999999999998e-01,0.0000000000000000e+00,0,0
7815,7279,2.0000000000000001e-01,0.0000000000000000e+00,0,0
7815,7850,2.5000000000000000e-01,0.0000000000000000e+00,0,0
7815,8073,2.3999999999999999e+00,0.0000000000000000e+00,0,0
7817,7817,1.0000000000000000e+00,0.0000000000000000e+00,0,0
7821,6750,3.4999999999999998e-01,0.0000000000000000e+00,0,0
7821,6899,1.0000000000000001e-01,0.0000000000000000e+00,0,0
7821,6920,4.0000000000000002e-01,0.0000000000000000e+00,0,0
7821,6933,3.4999999999999998e-01,0.0000000000000000e+00,0,0
7821,7776,2.5000000000000000e-01,0.0000000000000000e+00,0,0
7821,7799,1.0000000000000000e+00,0.0000000000000000e+00,0,0
7822,7822,1.0000000000000000e+00,0.0000000000000000e+00,0,0
7823,7823,1.0000000000000000e+00,0.0000000000000000e+00,0,0
7824,7824,1.0000000000000000e+00,0.0000000000000000e+00,0,0
7825,6750,2.2000000000000002e+00,0.0000000000000000e+00,0,0
7825,6798,2.0000000000000000e+00,0.0000000000000000e+00,0,0
7825,6803,2.0000000000000000e+00,0.0000000000000000e+00,0,0
7825,6816,5.2000000000000002e-01,0.0000000000000000e+00,0,0
7825,6828,8.0000000000000002e-02,0.0000000000000000e+00,0,0
7825,6863,6.4000000000000001e-02,0.0000000000000000e+00,0,0
7825,6871,2.0000000000000001e-01,0.0000000000000000e+00,0,0
7825,6899,2.0000000000000001e-01,0.0000000000000000e+00,0,0
7825,6913,1.6000000000000000e-01,0.0000000000000000e+00,0,0
7825,7279,1.6000000000000000e-01,0.0000000000000000e+00,0,0
7827,7827,1.0000000000000000e+00,0.0000000000000000e+00,0,0
7831,7831,1.0000000000000000e+00,0.0000000000000000e+00,0,0
7838,6750,4.2000000000000000e+01,0.0000000000000000e+00,0,0
7838,6798,6.8000000000000000e+01,0.0000000000000000e+00,0,0
7838,6816,1.6799999999999999e+00,0.0000000000000000e+00,0,0
7838,6863,2.0000000000000000e+00,0.0000000000000000e+00,0,0
7838,6871,2.0000000000000000e+00,0.0000000000000000e+00,0,0
7838,6880,2.0000000000000000e+00,0.0000000000000000e+00,0,0
7838,6913,1.7000000000000000e+01,0.0000000000000000e+00,0,0
7838,6951,3.2000000000000000e+01,0.0000000000000000e+00,0,0
7838,8073,1.2600000000000000e+01,0.0000000000000000e+00,0,0
7839,6842,4.0000000000000002e-01,0.0000000000000000e+00,0,0
7839,6846,2.0000000000000001e-01,0.0000000000000000e+00,0,0
7839,6847,1.6000000000000001e+00,0.0000000000000000e+00,0,0
7839,6863,1.2999999999999999e-02,0.0000000000000000e+00,0,0
7839,7410,2.0000000000000001e-01,0.0000000000000000e+00,0,0
7839,7668,5.9999999999999998e-01,0.0000000000000000e+00,0,0
7839,7789,4.0000000000000002e-01,0.0000000000000000e+00,0,0
7839,7792,5.9999999999999998e-01,0.0000000000000000e+00,0,0
7839,7841,4.0000000000000002e-01,0.0000000000000000e+00,0,0
7841,7841,1.0000000000000000e+00,0.0000000000000000e+00,0,0
7842,7842,1.0000000000000000e+00,0.0000000000000000e+00,0,0
7844,7844,1.0000000000000000e+00,0.0000000000000000e+00,0,0
7845,7845,1.0000000000000000e+00,0.0000000000000000e+00,0,0
7846,7846,1.0000000000000000e+00,0.0000000000000000e+00,0,0
7847,7847,1.0000000000000000e+00,0.0000000000000000e+00,0,0
7850,7850,1.0000000000000000e+00,0.0000000000000000e+00,0,0
7854,6808,4.0000000000000002e-01,0.0000000000000000e+00,0,0
7854,6816,8.0000000000000004e-01,0.0000000000000000e+00,0,0
7854,6837,5.0000000000000001e-03,0.0000000000000000e+00,0,0
7854,6899,5.0000000000000000e-01,0.0000000000000000e+00,0,0
7854,7279,2.0000000000000001e-01,0.0000000000000000e+00,0,0
7854,8073,3.2000000000000002e+00,0.0000000000000000e+00,0,0
7855,6890,7.0000000000000001e-03,0.0000000000000000e+00,1,0
7855,6905,5.4000000000000004e-01,0.0000000000000000e+00,1,0
7855,6924,4.0000000000000002e-01,0.0000000000000000e+00,1,0
7855,6966,2.2000000000000002e+00,1.4999999999999999e-01,1,0
7856,6890,5.0000000000000001e-03,0.0000000000000000e+00,1,0
7856,6905,3.3000000000000002e-01,0.0000000000000000e+00,1,0
7856,6924,1.2000000000000000e-01,0.0000000000000000e+00,1,0
7856,6966,1.3500000000000001e+00,0.0000000000000000e+00,1,0
7857,6911,6.3000000000000000e-02,0.0000000000000000e+00,1,0
7857,6924,1.1500000000000000e-01,0.0000000000000000e+00,1,0
7857,6966,1.7000000000000000e+00,5.0000000000000003e-02,1,0
7857,7854,4.5000000000000001e-01,0.0000000000000000e+00,1,0
7858,6890,1.0000000000000000e-02,0.0000000000000000e+00,1,0
7858,6905,9.0000000000000002e-01,0.0000000000000000e+00,1,0
7858,6924,1.2200000000000000e+00,0.0000000000000000e+00,1,0
7858,6966,4.7000000000000002e+00,1.0000000000000001e-01,1,0
7859,6750,7.5000000000000000e+00,0.0000000000000000e+00,0,0
7859,6816,1.0000000000000000e+01,0.0000000000000000e+00,0,0
7859,6819,4.0000000000000000e+00,0.0000000000000000e+00,0,0
7859,6826,2.9999999999999999e-01,0.0000000000000000e+00,0,0
7859,6884,7.0000000000000001e-03,0.0000000000000000e+00,0,0
7859,6891,5.0000000000000001e-03,0.0000000000000000e+00,0,0
7862,7862,1.0000000000000000e+00,0.0000000000000000e+00,0,0
7864,6750,8.4000000000000000e+01,0.0000000000000000e+00,0,0
7864,6809,5.0000000000000000e+00,0.0000000000000000e+00,0,0
7864,7600,1.0000000000000000e+02,0.0000000000000000e+00,0,0
7865,6750,1.0000000000000001e-01,0.0000000000000000e+00,0,0
7865,6830,8.0000000000000004e-01,0.0000000000000000e+00,0,0
7865,6899,5.0000000000000003e-02,0.0000000000000000e+00,0,0
7865,7331,2.5000000000000001e-02,0.0000000000000000e+00,0,0
7865,7574,2.0000000000000001e-01,0.0000000000000000e+00,0,0
7866,7866,1.0000000000000000e+00,0.0000000000000000e+00,0,0
7874,7874,1.0000000000000000e+00,0.0000000000000000e+00,0,0
7876,6750,3.7500000000000000e+00,0.0000000000000000e+00,0,0
7876,6804,7.5000000000000000e+00,0.0000000000000000e+00,0,0
7876,6863,2.2500000000000001e-01,0.0000000000000000e+00,0,0
7876,6914,1.1250000000000000e+00,0.0000000000000000e+00,0,0
7878,7878,1.0000000000000000e+00,0.0000000000000000e+00,0,0
7879,7879,1.0000000000000000e+00,0.0000000000000000e+00,0,0
7880,7880,1.0000000000000000e+00,0.0000000000000000e+00,0,0
7886,6750,2.2999999999999998e+00,0.0000000000000000e+00,0,0
7886,6871,2.0000000000000001e-01,0.0000000000000000e+00,0,0
7886,6880,1.2000000000000000e-01,0.0000000000000000e+00,0,0
7886,7332,6.0000000000000000e+00,0.0000000000000000e+00,0,0
7887,7887,1.0000000000000000e+00,0.0000000000000000e+00,0,0
7888,6750,5.2500000000000000e+00,0.0000000000000000e+00,0,0
7888,6804,7.5000000000000000e+00,0.0000000000000000e+00,0,0
7888,6805,4.5000000000000000e+00,0.0000000000000000e+00,0,0
7888,6863,4.1999999999999998e-01,0.0000000000000000e+00,0,0
7888,6885,5.9999999999999998e-02,0.0000000000000000e+00,0,0
7888,7279,1.8000000000000000e+00,0.0000000000000000e+00,0,0
7893,6750,1.0000000000000000e+02,0.0000000000000000e+00,0,0
7893,6871,2.5000000000000000e+00,0.0000000000000000e+00,0,0
7893,8072,1.0000000000000000e+02,0.0000000000000000e+00,0,0
7897,6750,3.0000000000000000e+00,0.0000000000000000e+00,0,0
7897,6798,1.0000000000000000e+01,0.0000000000000000e+00,0,0
7897,6816,1.0000000000000000e+00,0.0000000000000000e+00,0,0
7897,6828,2.9999999999999999e-01,0.0000000000000000e+00,0,0
7897,6837,2.0000000000000000e-03,0.0000000000000000e+00,0,0
7897,6863,1.4999999999999999e-01,0.0000000000000000e+00,0,0
7897,6871,8.0000000000000004e-01,0.0000000000000000e+00,0,0
7897,6880,2.0000000000000001e-01,0.0000000000000000e+00,0,0
7897,6890,1.0000000000000000e-02,0.0000000000000000e+00,0,0
7897,6891,1.0000000000000000e-03,0.0000000000000000e+00,0,0
7897,6899,2.0000000000000000e+00,0.0000000000000000e+00,0,0
7897,6913,1.0000000000000000e+00,0.0000000000000000e+00,0,0
7901,7901,1.0000000000000000e+00,0.0000000000000000e+00,0,0
7902,6750,5.8000000000000000e+01,0.0000000000000000e+00,0,0
7902,6798,1.0000000000000000e+02,0.0000000000000000e+00,0,0
7902,6816,2.5000000000000000e+00,0.0000000000000000e+00,0,0
7902,6863,1.6599999999999999e+00,0.0000000000000000e+00,0,0
7902,6918,5.0000000000000000e+00,0.0000000000000000e+00,0,0
7902,7887,3.4999999999999998e-01,0.0000000000000000e+00,0,0
7903,7903,1.0000000000000000e+00,0.0000000000000000e+00,0,0
7904,7904,1.0000000000000000e+00,0.0000000000000000e+00,0,0
7905,7905,1.0000000000000000e+00,0.0000000000000000e+00,0,0
7911,7911,1.0000000000000000e+00,0.0000000000000000e+00,0,0
7912,7912,1.0000000000000000e+00,0.0000000000000000e+00,0,0
7970,6750,1.0000000000000000e+00,0.0000000000000000e+00,0,0
7970,6808,2.5000000000000000e-01,0.0000000000000000e+00,0,0
7970,6816,4.5000000000000001e-01,0.0000000000000000e+00,0,0
7970,6890,8.0000000000000002e-03,0.0000000000000000e+00,0,0
7970,6891,2.0000000000000000e-03,0.0000000000000000e+00,0,0
7970,6913,2.2000000000000000e-01,0.0000000000000000e+00,0,0
7970,7841,1.0000000000000000e+00,0.0000000000000000e+00,0,0
7981,7981,1.0000000000000000e+00,0.0000000000000000e+00,0,0
7985,6842,2.2300000000000000e-01,0.0000000000000000e+00,1,0
7985,6846,8.0000000000000002e-02,0.0000000000000000e+00,1,0
7985,6863,8.9999999999999993e-03,0.0000000000000000e+00,1,0
7985,6896,1.0000000000000000e-03,0.0000000000000000e+00,1,0
7985,6933,6.7000000000000004e-02,0.0000000000000000e+00,1,0
7985,7251,4.0000000000000001e-03,0.0000000000000000e+00,1,0
7985,7410,8.0000000000000002e-02,0.0000000000000000e+00,1,0
7985,7546,1.0000000000000001e-01,0.0000000000000000e+00,1,0
7985,7548,8.9200000000000002e-01,0.0000000000000000e+00,1,0
7985,7549,2.2300000000000000e-01,0.0000000000000000e+00,1,0
7985,7631,8.0000000000000002e-02,0.0000000000000000e+00,1,0
7989,7989,1.0000000000000000e+00,0.0000000000000000e+00,0,0
7990,7990,1.0000000000000000e+00,0.0000000000000000e+00,0,0
7991,7991,1.0000000000000000e+00,0.0000000000000000e+00,0,0
7993,6750,6.4290000000000006e+01,0.0000000000000000e+00,0,0
7993,6797,2.5000000000000000e+01,0.0000000000000000e+00,0,0
7993,6805,2.0000000000000000e+01,0.0000000000000000e+00,0,0
7993,6806,5.0000000000000000e+01,0.0000000000000000e+00,0,0
7993,6814,1.0000000000000000e+00,0.0000000000000000e+00,0,0
7993,6816,4.0000000000000002e-01,0.0000000000000000e+00,0,0
7993,6863,2.0000000000000000e+00,0.0000000000000000e+00,0,0
7993,6868,5.9999999999999998e-02,0.0000000000000000e+00,0,0
7993,6871,1.5000000000000000e+00,0.0000000000000000e+00,0,0
7993,6877,5.0000000000000000e-01,0.0000000000000000e+00,0,0
7993,6882,3.0000000000000000e+00,0.0000000000000000e+00,0,0
7993,6921,1.0000000000000000e+00,0.0000000000000000e+00,0,0
7996,6817,4.0000000000000002e-01,0.0000000000000000e+00,0,0
7996,6891,2.0000000000000000e-03,0.0000000000000000e+00,0,0
7996,6913,1.0000000000000000e+00,0.0000000000000000e+00,0,0
7996,7842,1.5000000000000000e+00,0.0000000000000000e+00,0,0
7997,7997,1.0000000000000000e+00,0.0000000000000000e+00,0,0
8004,8004,1.0000000000000000e+00,0.0000000000000000e+00,0,0
8009,6750,3.3330000000000002e+00,0.0000000000000000e+00,0,0
8009,6805,3.3330000000000002e+00,0.0000000000000000e+00,0,0
8009,6871,6.0000000000000001e-03,0.0000000000000000e+00,0,0
8010,6750,3.0000000000000000e+00,0.0000000000000000e+00,0,0
8010,6806,2.5000000000000000e+00,0.0000000000000000e+00,0,0
8010,6871,2.5000000000000001e-03,0.0000000000000000e+00,0,0
8010,8072,2.5000000000000000e+00,0.0000000000000000e+00,0,0
8013,6750,5.5000000000000000e+01,0.0000000000000000e+00,0,0
8013,6798,1.0000000000000000e+02,0.0000000000000000e+00,0,0
8013,6816,2.0000000000000000e+00,0.0000000000000000e+00,0,0
8013,6863,2.0000000000000000e+00,0.0000000000000000e+00,0,0
8013,6874,2.0000000000000000e+00,0.0000000000000000e+00,0,0
8013,6921,2.0000000000000000e+00,0.0000000000000000e+00,0,0
8014,6750,4.0000000000000000e+00,0.0000000000000000e+00,0,0
8014,6803,2.0000000000000000e+00,0.0000000000000000e+00,0,0
8014,6805,1.0000000000000000e+00,0.0000000000000000e+00,0,0
8014,6863,5.9999999999999998e-02,0.0000000000000000e+00,0,0
8014,6871,3.3000000000000002e-01,0.0000000000000000e+00,0,0
8014,6880,2.0000000000000001e-01,0.0000000000000000e+00,0,0
8014,6899,2.5000000000000000e-01,0.0000000000000000e+00,0,0
8014,6913,3.4499999999999997e-01,0.0000000000000000e+00,0,0
8014,7332,7.0000000000000000e+00,0.0000000000000000e+00,0,0
8015,6750,6.9999999999999996e-01,0.0000000000000000e+00,0,0
8015,7990,1.0000000000000000e+00,0.0000000000000000e+00,0,0
8016,6750,4.0000000000000002e-01,0.0000000000000000e+00,0,0
8016,8018,1.0000000000000000e+00,0.0000000000000000e+00,0,0
8017,6750,4.0000000000000002e-01,0.0000000000000000e+00,0,0
8017,7991,1.0000000000000000e+00,0.0000000000000000e+00,0,0
8018,8018,1.0000000000000000e+00,0.0000000000000000e+00,0,0
8021,8021,1.0000000000000000e+00,0.0000000000000000e+00,0,0
8024,8024,1.0000000000000000e+00,0.0000000000000000e+00,0,0
8026,8026,1.0000000000000000e+00,0.0000000000000000e+00,0,0
8027,8027,1.0000000000000000e+00,0.0000000000000000e+00,0,0
8030,8030,1.0000000000000000e+00,0.0000000000000000e+00,0,0
8047,8047,1.0000000000000000e+00,0.0000000000000000e+00,0,0
8071,6750,1.0000000000000000e+02,0.0000000000000000e+00,0,0
8071,6871,1.5000000000000000e+00,0.0000000000000000e+00,0,0
8071,6878,1.2000000000000000e+00,0.0000000000000000e+00,0,0
8071,8072,1.0000000000000000e+02,0.0000000000000000e+00,0,0
8072,8072,1.0000000000000000e+00,0.0000000000000000e+00,0,0
8073,8073,1.0000000000000000e+00,0.0000000000000000e+00,0,0
8074,8074,1.0000000000000000e+00,0.0000000000000000e+00,0,0
8084,8084,1.0000000000000000e+00,0.0000000000000000e+00,0,0
8085,8085,1.0000000000000000e+00,0.0000000000000000e+00,0,0
8087,8087,1.0000000000000000e+00,0.0000000000000000e+00,0,0
8088,6846,9.5000000000000001e-02,0.0000000000000000e+00,0,0
8088,6863,5.0000000000000001e-03,0.0000000000000000e+00,0,0
8088,6896,1.0000000000000000e-03,0.0000000000000000e+00,0,0
8088,6921,2.0000000000000001e-01,0.0000000000000000e+00,0,0
8088,7251,5.0000000000000001e-03,0.0000000000000000e+00,0,0
8088,7410,1.4999999999999999e-01,0.0000000000000000e+00,0,0
8088,7590,4.5000000000000001e-01,0.0000000000000000e+00,0,0
8088,7668,8.4999999999999998e-01,0.0000000000000000e+00,0,0
8088,7847,1.0000000000000000e-02,0.0000000000000000e+00,0,0
8089,6750,3.5499999999999998e-01,0.0000000000000000e+00,0,0
8089,6846,9.5000000000000001e-02,0.0000000000000000e+00,0,0
8089,6847,1.5000000000000000e+00,0.0000000000000000e+00,0,0
8089,6921,2.0000000000000001e-01,0.0000000000000000e+00,0,0
8089,7410,1.4999999999999999e-01,0.0000000000000000e+00,0,0
8089,7546,1.0000000000000001e-01,0.0000000000000000e+00,0,0
8089,7547,8.0000000000000002e-02,0.0000000000000000e+00,0,0
8089,7668,8.4999999999999998e-01,0.0000000000000000e+00,0,0
8089,7845,8.0000000000000002e-02,0.0000000000000000e+00,0,0
8089,7847,1.0000000000000000e-02,0.0000000000000000e+00,0,0
8089,8091,1.4000000000000001e-01,0.0000000000000000e+00,0,0
8091,8091,1.0000000000000000e+00,0.0000000000000000e+00,0,0
8092,8092,1.0000000000000000e+00,0.0000000000000000e+00,0,0
8093,6750,1.7500000000000000e+01,0.0000000000000000e+00,0,0
8093,6816,1.0500000000000000e+00,0.0000000000000000e+00,0,0
8093,6871,2.6000000000000001e+00,0.0000000000000000e+00,0,0
8093,6880,1.0000000000000000e+00,0.0000000000000000e+00,0,0
8093,6889,3.5000000000000003e-02,0.0000000000000000e+00,0,0
8093,6893,5.0000000000000003e-02,0.0000000000000000e+00,0,0
8093,6894,2.5000000000000001e-02,0.0000000000000000e+00,0,0
8093,7231,5.1500000000000000e+01,0.0000000000000000e+00,0,0
8093,7279,2.6000000000000001e+00,0.0000000000000000e+00,0,0
8095,8095,1.0000000000000000e+00,0.0000000000000000e+00,0,0
8096,8096,1.0000000000000000e+00,0.0000000000000000e+00,0,0
8097,8097,1.0000000000000000e+00,0.0000000000000000e+00,0,0
8098,8098,1.0000000000000000e+00,0.0000000000000000e+00,0,0
8099,6750,4.2500000000000000e+01,0.0000000000000000e+00,0,0
8099,7407,5.0000000000000000e+00,0.0000000000000000e+00,0,0
8099,8072,4.2500000000000000e+01,0.0000000000000000e+00,0,0
8108,8108,1.0000000000000000e+00,0.0000000000000000e+00,0,0
8110,8110,1.0000000000000000e+00,0.0000000000000000e+00,0,0
8112,8112,1.0000000000000000e+00,0.0000000000000000e+00,0,0
8114,8114,1.0000000000000000e+00,0.0000000000000000e+00,0,0
8116,6750,4.6000000000000000e+01,0.0000000000000000e+00,0,0
8116,6798,1.0000000000000000e+02,0.0000000000000000e+00,0,0
8116,6816,6.0000000000000000e+00,0.0000000000000000e+00,0,0
8116,6819,3.0000000000000000e+00,0.0000000000000000e+00,0,0
8116,6821,1.0000000000000000e+00,0.0000000000000000e+00,0,0
8116,6863,1.0000000000000000e+00,0.0000000000000000e+00,0,0
8116,6871,2.2000000000000002e+00,0.0000000000000000e+00,0,0
8116,6877,5.9999999999999998e-01,0.0000000000000000e+00,0,0
8116,6913,1.0000000000000000e+01,0.0000000000000000e+00,0,0
8117,8117,1.0000000000000000e+00,0.0000000000000000e+00,0,0
8118,8118,1.0000000000000000e+00,0.0000000000000000e+00,0,0
8119,8119,1.0000000000000000e+00,0.0000000000000000e+00,0,0
8120,8120,1.0000000000000000e+00,0.0000000000000000e+00,0,0
8123,8123,1.0000000000000000e+00,0.0000000000000000e+00,0,0
8124,8124,1.0000000000000000e+00,0.0000000000000000e+00,0,0
8125,8125,1.0000000000000000e+00,0.0000000000000000e+00,0,0
8126,8126,1.0000000000000000e+00,0.0000000000000000e+00,0,0
8127,8127,1.0000000000000000e+00,0.0000000000000000e+00,0,0
8128,8128,1.0000000000000000e+00,0.0000000000000000e+00,0,0
8129,8129,1.0000000000000000e+00,0.0000000000000000e+00,0,0
8130,8130,1.0000000000000000e+00,0.0000000000000000e+00,0,0
8131,8131,1.0000000000000000e+00,0.0000000000000000e+00,0,0
8132,8132,1.0000000000000000e+00,0.0000000000000000e+00,0,0
8133,8133,1.0000000000000000e+00,0.0000000000000000e+00,0,0
8134,8134,1.0000000000000000e+00,0.0000000000000000e+00,0,0
8135,8135,1.0000000000000000e+00,0.0000000000000000e+00,0,0
8137,8137,1.0000000000000000e+00,0.0000000000000000e+00,0,0
8138,8138,1.0000000000000000e+00,0.0000000000000000e+00,0,0
8140,8140,1.0000000000000000e+00,0.0000000000000000e+00,0,0
8141,8141,1.0000000000000000e+00,0.0000000000000000e+00,0,0
8142,8142,1.0000000000000000e+00,0.0000000000000000e+00,0,0
8143,8143,1.0000000000000000e+00,0.0000000000000000e+00,0,0
8144,8144,1.0000000000000000e+00,0.0000000000000000e+00,0,0
8146,8146,1.0000000000000000e+00,0.0000000000000000e+00,0,0
8147,8147,1.0000000000000000e+00,0.0000000000000000e+00,0,0
8148,8148,1.0000000000000000e+00,0.0000000000000000e+00,0,0
8149,8149,1.0000000000000000e+00,0.0000000000000000e+00,0,0
8150,8150,1.0000000000000000e+00,0.0000000000000000e+00,0,0
8151,8151,1.0000000000000000e+00,0.0000000000000000e+00,0,0
8152,8152,1.0000000000000000e+00,0.0000000000000000e+00,0,0
8153,8153,1.0000000000000000e+00,0.0000000000000000e+00,0,0
8154,8154,1.0000000000000000e+00,0.0000000000000000e+00,0,0
8155,8155,1.0000000000000000e+00,0.0000000000000000e+00,0,0
8156,8156,1.0000000000000000e+00,0.0000000000000000e+00,0,0
8157,8157,1.0000000000000000e+00,0.0000000000000000e+00,0,0
8158,8158,1.0000000000000000e+00,0.0000000000000000e+00,0,0
8159,8159,1.0000000000000000e+00,0.0000000000000000e+00,0,0
8160,8160,1.0000000000000000e+00,0.0000000000000000e+00,0,0
8161,8161,1.0000000000000000e+00,0.0000000000000000e+00,0,0
8162,8162,1.0000000000000000e+00,0.0000000000000000e+00,0,0
8163,8163,1.0000000000000000e+00,0.0000000000000000e+00,0,0
8164,8164,1.0000000000000000e+00,0.0000000000000000e+00,0,0
8165,8165,1.0000000000000000e+00,0.0000000000000000e+00,0,0
8166,8166,1.0000000000000000e+00,0.0000000000000000e+00,0,0
8167,8167,1.0000000000000000e+00,0.0000000000000000e+00,0,0
8168,8168,1.0000000000000000e+00,0.0000000000000000e+00,0,0
8169,8169,1.0000000000000000e+00,0.0000000000000000e+00,0,0
8170,8170,1.0000000000000000e+00,0.0000000000000000e+00,0,0
8171,8171,1.0000000000000000e+00,0.0000000000000000e+00,0,0
8172,8172,1.0000000000000000e+00,0.0000000000000000e+00,0,0
8173,8173,1.0000000000000000e+00,0.0000000000000000e+00,0,0
8174,8174,1.0000000000000000e+00,0.0000000000000000e+00,0,0
8175,8175,1.0000000000000000e+00,0.0000000000000000e+00,0,0
8176,8176,1.0000000000000000e+00,0.0000000000000000e+00,0,0
8177,8177,1.0000000000000000e+00,0.0000000000000000e+00,0,0
8178,8178,1.0000000000000000e+00,0.0000000000000000e+00,0,0
8179,8179,1.0000000000000000e+00,0.0000000000000000e+00,0,0
8180,8180,1.0000000000000000e+00,0.0000000000000000e+00,0,0
8181,8181,1.0000000000000000e+00,0.0000000000000000e+00,0,0
8182,8182,1.0000000000000000e+00,0.0000000000000000e+00,0,0
8183,8183,1.0000000000000000e+00,0.0000000000000000e+00,0,0
8184,8184,1.0000000000000000e+00,0.0000000000000000e+00,0,0
8185,8185,1.0000000000000000e+00,0.0000000000000000e+00,0,0
8186,8186,1.0000000000000000e+00,0.0000000000000000e+00,0,0
8187,8187,1.0000000000000000e+00,0.0000000000000000e+00,0,0
8188,8188,1.0000000000000000e+00,0.0000000000000000e+00,0,0
8189,8189,1.0000000000000000e+00,0.0000000000000000e+00,0,0
8190,8190,1.0000000000000000e+00,0.0000000000000000e+00,0,0
8191,8191,1.0000000000000000e+00,0.0000000000000000e+00,0,0
8192,8192,1.0000000000000000e+00,0.0000000000000000e+00,0,0
8193,8193,1.0000000000000000e+00,0.0000000000000000e+00,0,0
8194,8194,1.0000000000000000e+00,0.0000000000000000e+00,0,0
8195,8195,1.0000000000000000e+00,0.0000000000000000e+00,0,0
8196,8196,1.0000000000000000e+00,0.0000000000000000e+00,0,0
8197,8197,1.0000000000000000e+00,0.0000000000000000e+00,0,0
8198,8198,1.0000000000000000e+00,0.0000000000000000e+00,0,0
8199,8199,1.0000000000000000e+00,0.0000000000000000e+00,0,0
8200,8200,1.0000000000000000e+00,0.0000000000000000e+00,0,0
8201,8201,1.0000000000000000e+00,0.0000000000000000e+00,0,0
8202,8202,1.0000000000000000e+00,0.0000000000000000e+00,0,0
8203,8203,1.0000000000000000e+00,0.0000000000000000e+00,0,0
8204,8204,1.0000000000000000e+00,0.0000000000000000e+00,0,0
8205,8205,1.0000000000000000e+00,0.0000000000000000e+00,0,0
8206,8206,1.0000000000000000e+00,0.0000000000000000e+00,0,0
8207,8207,1.0000000000000000e+00,0.0000000000000000e+00,0,0
8208,8208,1.0000000000000000e+00,0.0000000000000000e+00,0,0
8209,8209,1.0000000000000000e+00,0.0000000000000000e+00,0,0
8210,8210,1.0000000000000000e+00,0.0000000000000000e+00,0,0
8211,8211,1.0000000000000000e+00,0.0000000000000000e+00,0,0
8212,8212,1.0000000000000000e+00,0.0000000000000000e+00,0,0
8213,8213,1.0000000000000000e+00,0.0000000000000000e+00,0,0
8214,8214,1.0000000000000000e+00,0.0000000000000000e+00,0,0
8215,8215,1.0000000000000000e+00,0.0000000000000000e+00,0,0
8216,8216,1.0000000000000000e+00,0.0000000000000000e+00,0,0
8217,8217,1.0000000000000000e+00,0.0000000000000000e+00,0,0
8218,8218,1.0000000000000000e+00,0.0000000000000000e+00,0,0
8219,8219,1.0000000000000000e+00,0.0000000000000000e+00,0,0
8220,8220,1.0000000000000000e+00,0.0000000000000000e+00,0,0
8248,8248,1.0000000000000000e+00,0.0000000000000000e+00,0,0
8249,8249,1.0000000000000000e+00,0.0000000000000000e+00,0,0
8252,8252,1.0000000000000000e+00,0.0000000000000000e+00,0,0
8253,8253,1.0000000000000000e+00,0.0000000000000000e+00,0,0
8254,8254,1.0000000000000000e+00,0.0000000000000000e+00,0,0
8255,8255,1.0000000000000000e+00,0.0000000000000000e+00,0,0
8256,8256,1.0000000000000000e+00,0.0000000000000000e+00,0,0
8257,8257,1.0000000000000000e+00,0.0000000000000000e+00,0,0
8258,8258,1.0000000000000000e+00,0.0000000000000000e+00,0,0
8259,8259,1.0000000000000000e+00,0.0000000000000000e+00,0,0
8260,8260,1.0000000000000000e+00,0.0000000000000000e+00,0,0
8261,8261,1.0000000000000000e+00,0.0000000000000000e+00,0,0
8262,8262,1.0000000000000000e+00,0.0000000000000000e+00,0,0
8263,8263,1.0000000000000000e+00,0.0000000000000000e+00,0,0
8264,8264,1.0000000000000000e+00,0.0000000000000000e+00,0,0
8265,8265,1.0000000000000000e+00,0.0000000000000000e+00,0,0
8266,8266,1.0000000000000000e+00,0.0000000000000000e+00,0,0
8269,8269,1.0000000000000000e+00,0.0000000000000000e+00,0,0
8270,8270,1.0000000000000000e+00,0.0000000000000000e+00,0,0
8272,8272,1.0000000000000000e+00,0.0000000000000000e+00,0,0
8273,8273,1.0000000000000000e+00,0.0000000000000000e+00,0,0
8274,8274,1.0000000000000000e+00,0.0000000000000000e+00,0,0
8275,8275,1.0000000000000000e+00,0.0000000000000000e+00,0,0
8283,8283,1.0000000000000000e+00,0.0000000000000000e+00,0,0
8284,8284,1.0000000000000000e+00,0.0000000000000000e+00,0,0
8287,6750,5.0000000000000000e+01,0.0000000000000000e+00,0,0
8287,6805,1.0000000000000000e+02,0.0000000000000000e+00,0,0
8287,6863,1.7000000000000000e+00,0.0000000000000000e+00,0,0
8287,6871,3.0000000000000000e+00,0.0000000000000000e+00,0,0
8287,6880,2.0000000000000000e+00,0.0000000000000000e+00,0,0
8287,7260,4.0000000000000000e+00,0.0000000000000000e+00,0,0
8290,8290,1.0000000000000000e+00,0.0000000000000000e+00,0,0
8294,6750,1.0000000000000000e+02,0.0000000000000000e+00,0,0
8294,6871,1.5000000000000000e+00,0.0000000000000000e+00,0,0
8294,6878,1.2000000000000000e+00,0.0000000000000000e+00,0,0
8294,8097,1.0000000000000000e+02,0.0000000000000000e+00,0,0
8295,6750,2.2500000000000001e-01,0.0000000000000000e+00,0,0
8295,6899,3.4999999999999998e-01,0.0000000000000000e+00,0,0
8295,6921,2.9999999999999999e-01,0.0000000000000000e+00,0,0
8295,8296,1.0000000000000000e+00,0.0000000000000000e+00,0,0
8296,8296,1.0000000000000000e+00,0.0000000000000000e+00,0,0
8297,8297,1.0000000000000000e+00,0.0000000000000000e+00,0,0
8299,6863,3.2000000000000001e-02,0.0000000000000000e+00,0,0
8299,6896,1.0000000000000000e-03,0.0000000000000000e+00,0,0
8299,6921,1.4999999999999999e-01,0.0000000000000000e+00,0,0
8299,7248,2.2000000000000000e-01,0.0000000000000000e+00,0,0
8299,7546,2.0000000000000001e-01,0.0000000000000000e+00,0,0
8299,7668,1.0000000000000000e+00,0.0000000000000000e+00,0,0
8299,7788,1.0000000000000000e+00,0.0000000000000000e+00,0,0
8301,8301,1.0000000000000000e+00,0.0000000000000000e+00,0,0
8302,8302,1.0000000000000000e+00,0.0000000000000000e+00,0,0
8303,8303,1.0000000000000000e+00,0.0000000000000000e+00,0,0
8304,6750,5.5000000000000000e-02,0.0000000000000000e+00,0,0
8304,6838,5.5000000000000000e-02,0.0000000000000000e+00,0,0
8304,6839,8.2000000000000003e-02,0.0000000000000000e+00,0,0
8304,6856,1.3600000000000001e-01,0.0000000000000000e+00,0,0
8304,6860,6.8000000000000005e-02,0.0000000000000000e+00,0,0
8304,6861,6.8000000000000005e-02,0.0000000000000000e+00,0,0
8304,6900,6.8000000000000005e-02,0.0000000000000000e+00,0,0
8304,6903,1.3599999999999999e-02,0.0000000000000000e+00,0,0
8304,6906,6.8000000000000005e-02,0.0000000000000000e+00,0,0
8304,6913,1.3600000000000001e-01,0.0000000000000000e+00,0,0
8304,7228,5.5000000000000000e-02,0.0000000000000000e+00,0,0
8304,7279,6.8000000000000005e-02,0.0000000000000000e+00,0,0
8304,8301,1.3600000000000001e+00,0.0000000000000000e+00,0,0
8304,8302,5.5000000000000000e-02,0.0000000000000000e+00,0,0
8304,8303,1.0900000000000000e-01,0.0000000000000000e+00,0,0
8304,8307,6.8000000000000005e-02,0.0000000000000000e+00,0,0
8305,6860,7.4999999999999997e-02,0.0000000000000000e+00,0,0
8305,6861,7.4999999999999997e-02,0.0000000000000000e+00,0,0
8305,6872,3.2000000000000001e-01,0.0000000000000000e+00,0,0
8305,6900,7.4999999999999997e-02,0.0000000000000000e+00,0,0
8305,6904,4.0799999999999997e-01,0.0000000000000000e+00,0,0
8305,6906,7.4999999999999997e-02,0.0000000000000000e+00,0,0
8305,8303,1.0199999999999999e-01,0.0000000000000000e+00,0,0
8305,8307,7.4999999999999997e-02,0.0000000000000000e+00,0,0
8307,8307,1.0000000000000000e+00,0.0000000000000000e+00,0,0
8311,8311,1.0000000000000000e+00,0.0000000000000000e+00,0,0
