IDC_FASH,IDSort,IDOperation,IDC_FASHQuantity,IDC_FASHLoose,IDC_FASHRecipe,IDC_FASHDelete
7007,6727,"Χ_Φ",0.0000000000000000e+00,0.0000000000000000e+00,0,0
7007,6729,"Χ_Φ",0.0000000000000000e+00,0.0000000000000000e+00,0,0
7008,6727,"Χ_Φ",0.0000000000000000e+00,0.0000000000000000e+00,0,0
7008,6729,"Χ_Φ",0.0000000000000000e+00,0.0000000000000000e+00,0,0
7009,6727,"Χ_Φ",0.0000000000000000e+00,0.0000000000000000e+00,0,0
7009,6729,"Χ_Φ",0.0000000000000000e+00,0.0000000000000000e+00,0,0
7010,6727,"Χ_Φ",0.0000000000000000e+00,0.0000000000000000e+00,0,0
7010,6729,"Χ_Φ",0.0000000000000000e+00,0.0000000000000000e+00,0,0
7011,6727,"Χ_Φ",0.0000000000000000e+00,0.0000000000000000e+00,0,0
7011,6729,"Χ_Φ",0.0000000000000000e+00,0.0000000000000000e+00,0,0
7012,6727,"Χ_Φ",0.0000000000000000e+00,0.0000000000000000e+00,0,0
7012,6729,"Χ_Φ",0.0000000000000000e+00,0.0000000000000000e+00,0,0
7013,6727,"Χ_Φ",0.0000000000000000e+00,0.0000000000000000e+00,0,0
7013,6729,"Χ_Φ",0.0000000000000000e+00,0.0000000000000000e+00,0,0
7015,6727,"Χ_Φ",0.0000000000000000e+00,0.0000000000000000e+00,0,0
7015,6729,"Χ_Φ",0.0000000000000000e+00,0.0000000000000000e+00,0,0
7016,6727,"Χ_Φ",0.0000000000000000e+00,0.0000000000000000e+00,0,0
7016,6729,"Χ_Φ",0.0000000000000000e+00,0.0000000000000000e+00,0,0
7017,6727,"Χ_Φ",0.0000000000000000e+00,0.0000000000000000e+00,0,0
7017,6729,"Χ_Φ",0.0000000000000000e+00,0.0000000000000000e+00,0,0
7018,6727,"Χ_Φ",0.0000000000000000e+00,0.0000000000000000e+00,0,0
7018,6729,"Χ_Φ",0.0000000000000000e+00,0.0000000000000000e+00,0,0
7019,6727,"Χ_Φ",0.0000000000000000e+00,0.0000000000000000e+00,0,0
7019,6729,"Χ_Φ",0.0000000000000000e+00,0.0000000000000000e+00,0,0
7020,6727,"Χ_Φ",0.0000000000000000e+00,0.0000000000000000e+00,0,0
7020,6729,"Χ_Φ",0.0000000000000000e+00,0.0000000000000000e+00,0,0
7021,6727,"Χ_Φ",0.0000000000000000e+00,0.0000000000000000e+00,0,0
7021,6729,"Χ_Φ",0.0000000000000000e+00,0.0000000000000000e+00,0,0
7022,6727,"Χ_Φ",0.0000000000000000e+00,0.0000000000000000e+00,0,0
7022,6729,"Χ_Φ",0.0000000000000000e+00,0.0000000000000000e+00,0,0
7023,6727,"Χ_Φ",0.0000000000000000e+00,0.0000000000000000e+00,0,0
7023,6729,"Χ_Φ",0.0000000000000000e+00,0.0000000000000000e+00,0,0
7024,6727,"Χ_Φ",0.0000000000000000e+00,0.0000000000000000e+00,0,0
7024,6729,"Χ_Φ",0.0000000000000000e+00,0.0000000000000000e+00,0,0
7025,6727,"Χ_Φ",0.0000000000000000e+00,0.0000000000000000e+00,0,0
7025,6729,"Χ_Φ",0.0000000000000000e+00,0.0000000000000000e+00,0,0
7026,6727,"Χ_Φ",0.0000000000000000e+00,0.0000000000000000e+00,0,0
7026,6729,"Χ_Φ",0.0000000000000000e+00,0.0000000000000000e+00,0,0
7027,6727,"Χ_Φ",0.0000000000000000e+00,0.0000000000000000e+00,0,0
7027,6729,"Χ_Φ",0.0000000000000000e+00,0.0000000000000000e+00,0,0
7028,6727,"Χ_Φ",0.0000000000000000e+00,0.0000000000000000e+00,0,0
7028,6729,"Χ_Φ",0.0000000000000000e+00,0.0000000000000000e+00,0,0
7029,6727,"Χ_Φ",0.0000000000000000e+00,0.0000000000000000e+00,0,0
7029,6729,"Χ_Φ",0.0000000000000000e+00,0.0000000000000000e+00,0,0
7030,6727,"Χ_Φ",0.0000000000000000e+00,0.0000000000000000e+00,0,0
7030,6729,"Χ_Φ",0.0000000000000000e+00,0.0000000000000000e+00,0,0
7031,6727,"Χ_Φ",0.0000000000000000e+00,0.0000000000000000e+00,0,0
7031,6729,"Χ_Φ",0.0000000000000000e+00,0.0000000000000000e+00,0,0
7032,6727,"Χ_Φ",0.0000000000000000e+00,0.0000000000000000e+00,0,0
7032,6729,"Χ_Φ",0.0000000000000000e+00,0.0000000000000000e+00,0,0
7033,6727,"Χ_Φ",0.0000000000000000e+00,0.0000000000000000e+00,0,0
7033,6729,"Χ_Φ",0.0000000000000000e+00,0.0000000000000000e+00,0,0
7034,6727,"Χ_Φ",0.0000000000000000e+00,0.0000000000000000e+00,0,0
7034,6729,"Χ_Φ",0.0000000000000000e+00,0.0000000000000000e+00,0,0
7035,6727,"Χ_Φ",0.0000000000000000e+00,0.0000000000000000e+00,0,0
7035,6729,"Χ_Φ",0.0000000000000000e+00,0.0000000000000000e+00,0,0
7036,6727,"Χ_Φ",0.0000000000000000e+00,0.0000000000000000e+00,0,0
7036,6729,"Χ_Φ",0.0000000000000000e+00,0.0000000000000000e+00,0,0
7037,6727,"Χ_Φ",0.0000000000000000e+00,0.0000000000000000e+00,0,0
7037,6729,"Χ_Φ",0.0000000000000000e+00,0.0000000000000000e+00,0,0
7038,6727,"Χ_Φ",0.0000000000000000e+00,0.0000000000000000e+00,0,0
7038,6729,"Χ_Φ",0.0000000000000000e+00,0.0000000000000000e+00,0,0
7039,6727,"Χ_Φ",0.0000000000000000e+00,0.0000000000000000e+00,0,0
7039,6729,"Χ_Φ",0.0000000000000000e+00,0.0000000000000000e+00,0,0
7040,6727,"Χ_Φ",0.0000000000000000e+00,0.0000000000000000e+00,0,0
7040,6729,"Χ_Φ",0.0000000000000000e+00,0.0000000000000000e+00,0,0
7041,6727,"Χ_Φ",0.0000000000000000e+00,0.0000000000000000e+00,0,0
7041,6729,"Χ_Φ",0.0000000000000000e+00,0.0000000000000000e+00,0,0
7042,6727,"Χ_Φ",0.0000000000000000e+00,0.0000000000000000e+00,0,0
7042,6978,"Χ_Φ",1.7000000000000000e+00,0.0000000000000000e+00,0,0
7043,6727,"Χ_Φ",0.0000000000000000e+00,0.0000000000000000e+00,0,0
7043,6978,"91",5.0000000000000000e-01,0.0000000000000000e+00,0,0
7044,6727,"Χ_Φ",0.0000000000000000e+00,0.0000000000000000e+00,0,0
7044,6978,"95",5.9999999999999998e-01,0.0000000000000000e+00,0,0
7045,6727,"Χ_Φ",0.0000000000000000e+00,0.0000000000000000e+00,0,0
7045,6729,"Χ_Φ",0.0000000000000000e+00,0.0000000000000000e+00,0,0
7046,6727,"Χ_Φ",0.0000000000000000e+00,0.0000000000000000e+00,0,0
7046,6729,"Χ_Φ",0.0000000000000000e+00,0.0000000000000000e+00,0,0
7047,6727,"Χ_Φ",0.0000000000000000e+00,0.0000000000000000e+00,0,0
7047,6729,"Χ_Φ",0.0000000000000000e+00,0.0000000000000000e+00,0,0
7048,6727,"Χ_Φ",0.0000000000000000e+00,0.0000000000000000e+00,0,0
7048,6729,"Χ_Φ",0.0000000000000000e+00,0.0000000000000000e+00,0,0
7049,6727,"Χ_Φ",0.0000000000000000e+00,0.0000000000000000e+00,0,0
7049,6729,"Χ_Φ",0.0000000000000000e+00,0.0000000000000000e+00,0,0
7050,6727,"Χ_Φ",0.0000000000000000e+00,0.0000000000000000e+00,0,0
7050,6729,"Χ_Φ",0.0000000000000000e+00,0.0000000000000000e+00,0,0
7051,6727,"Χ_Φ",0.0000000000000000e+00,0.0000000000000000e+00,0,0
7051,6729,"Χ_Φ",0.0000000000000000e+00,0.0000000000000000e+00,0,0
7052,6727,"Χ_Φ",0.0000000000000000e+00,0.0000000000000000e+00,0,0
7052,6729,"Χ_Φ",0.0000000000000000e+00,0.0000000000000000e+00,0,0
7053,6727,"Χ_Φ",0.0000000000000000e+00,0.0000000000000000e+00,0,0
7053,6729,"Χ_Φ",0.0000000000000000e+00,0.0000000000000000e+00,0,0
7054,6727,"Χ_Φ",0.0000000000000000e+00,0.0000000000000000e+00,0,0
7054,6729,"Χ_Φ",0.0000000000000000e+00,0.0000000000000000e+00,0,0
7055,6727,"Χ_Φ",0.0000000000000000e+00,0.0000000000000000e+00,0,0
7055,6729,"Χ_Φ",0.0000000000000000e+00,0.0000000000000000e+00,0,0
7056,6727,"Χ_Φ",0.0000000000000000e+00,0.0000000000000000e+00,0,0
7056,6729,"Χ_Φ",0.0000000000000000e+00,0.0000000000000000e+00,0,0
7057,6727,"Χ_Φ",0.0000000000000000e+00,0.0000000000000000e+00,0,0
7057,6729,"Χ_Φ",0.0000000000000000e+00,0.0000000000000000e+00,0,0
7058,6727,"Χ_Φ",0.0000000000000000e+00,0.0000000000000000e+00,0,0
7058,6729,"Χ_Φ",0.0000000000000000e+00,0.0000000000000000e+00,0,0
7059,6727,"Χ_Φ",0.0000000000000000e+00,0.0000000000000000e+00,0,0
7059,6729,"Χ_Φ",0.0000000000000000e+00,0.0000000000000000e+00,0,0
7060,6727,"Χ_Φ",0.0000000000000000e+00,0.0000000000000000e+00,0,0
7060,6729,"Χ_Φ",0.0000000000000000e+00,0.0000000000000000e+00,0,0
7061,6727,"Χ_Φ",0.0000000000000000e+00,0.0000000000000000e+00,0,0
7061,6729,"Χ_Φ",0.0000000000000000e+00,0.0000000000000000e+00,0,0
7062,6727,"Χ_Φ",0.0000000000000000e+00,0.0000000000000000e+00,0,0
7062,6729,"Χ_Φ",0.0000000000000000e+00,0.0000000000000000e+00,0,0
7063,6727,"Χ_Φ",0.0000000000000000e+00,0.0000000000000000e+00,0,0
7063,6729,"Χ_Φ",0.0000000000000000e+00,0.0000000000000000e+00,0,0
7064,6727,"Χ_Φ",0.0000000000000000e+00,0.0000000000000000e+00,0,0
7064,6729,"Χ_Φ",0.0000000000000000e+00,0.0000000000000000e+00,0,0
7065,6727,"Χ_Φ",0.0000000000000000e+00,0.0000000000000000e+00,0,0
7065,6729,"Χ_Φ",0.0000000000000000e+00,0.0000000000000000e+00,0,0
7066,6727,"Χ_Φ",0.0000000000000000e+00,0.0000000000000000e+00,0,0
7066,6729,"Χ_Φ",0.0000000000000000e+00,0.0000000000000000e+00,0,0
7067,6727,"Χ_Φ",0.0000000000000000e+00,0.0000000000000000e+00,0,0
7067,6729,"Χ_Φ",0.0000000000000000e+00,0.0000000000000000e+00,0,0
7068,6727,"Χ_Φ",0.0000000000000000e+00,0.0000000000000000e+00,0,0
7068,6978,"95",6.9999999999999996e-01,0.0000000000000000e+00,0,0
7069,6727,"Χ_Φ",0.0000000000000000e+00,0.0000000000000000e+00,0,0
7069,6729,"Χ_Φ",0.0000000000000000e+00,0.0000000000000000e+00,0,0
7070,6727,"Χ_Φ",0.0000000000000000e+00,0.0000000000000000e+00,0,0
7070,6729,"Χ_Φ",0.0000000000000000e+00,0.0000000000000000e+00,0,0
7071,6727,"Χ_Φ",0.0000000000000000e+00,0.0000000000000000e+00,0,0
7071,6729,"Χ_Φ",0.0000000000000000e+00,0.0000000000000000e+00,0,0
7072,6727,"Χ_Φ",0.0000000000000000e+00,0.0000000000000000e+00,0,0
7072,6729,"Χ_Φ",0.0000000000000000e+00,0.0000000000000000e+00,0,0
7073,6727,"Χ_Φ",0.0000000000000000e+00,0.0000000000000000e+00,0,0
7073,6729,"Χ_Φ",0.0000000000000000e+00,0.0000000000000000e+00,0,0
7075,6727,"Χ_Φ",0.0000000000000000e+00,0.0000000000000000e+00,0,0
7075,6729,"Χ_Φ",0.0000000000000000e+00,0.0000000000000000e+00,0,0
7076,6727,"Χ_Φ",0.0000000000000000e+00,0.0000000000000000e+00,0,0
7076,6729,"Χ_Φ",0.0000000000000000e+00,0.0000000000000000e+00,0,0
7077,6727,"Χ_Φ",0.0000000000000000e+00,0.0000000000000000e+00,0,0
7077,6729,"Χ_Φ",0.0000000000000000e+00,0.0000000000000000e+00,0,0
7078,6727,"Χ_Φ",0.0000000000000000e+00,0.0000000000000000e+00,0,0
7078,6729,"Χ_Φ",0.0000000000000000e+00,0.0000000000000000e+00,0,0
7079,6727,"Χ_Φ",0.0000000000000000e+00,0.0000000000000000e+00,0,0
7079,6729,"Χ_Φ",0.0000000000000000e+00,0.0000000000000000e+00,0,0
7080,6727,"Χ_Φ",0.0000000000000000e+00,0.0000000000000000e+00,0,0
7080,6729,"Χ_Φ",0.0000000000000000e+00,0.0000000000000000e+00,0,0
7081,6727,"Χ_Φ",0.0000000000000000e+00,0.0000000000000000e+00,0,0
7081,6729,"Χ_Φ",0.0000000000000000e+00,0.0000000000000000e+00,0,0
7082,6727,"Χ_Φ",0.0000000000000000e+00,0.0000000000000000e+00,0,0
7082,6729,"Χ_Φ",0.0000000000000000e+00,0.0000000000000000e+00,0,0
7084,6727,"Χ_Φ",0.0000000000000000e+00,0.0000000000000000e+00,0,0
7084,6729,"Χ_Φ",0.0000000000000000e+00,0.0000000000000000e+00,0,0
7085,6727,"Χ_Φ",0.0000000000000000e+00,0.0000000000000000e+00,0,0
7085,6729,"Χ_Φ",0.0000000000000000e+00,0.0000000000000000e+00,0,0
7086,6727,"Χ_Φ",0.0000000000000000e+00,0.0000000000000000e+00,0,0
7086,6729,"Χ_Φ",0.0000000000000000e+00,0.0000000000000000e+00,0,0
7087,6727,"Χ_Φ",0.0000000000000000e+00,0.0000000000000000e+00,0,0
7087,6729,"Χ_Φ",0.0000000000000000e+00,0.0000000000000000e+00,0,0
7088,6727,"Χ_Φ",0.0000000000000000e+00,0.0000000000000000e+00,0,0
7088,6729,"Χ_Φ",0.0000000000000000e+00,0.0000000000000000e+00,0,0
7089,6727,"Χ_Φ",0.0000000000000000e+00,0.0000000000000000e+00,0,0
7089,6729,"Χ_Φ",0.0000000000000000e+00,0.0000000000000000e+00,0,0
7090,6727,"Χ_Φ",0.0000000000000000e+00,0.0000000000000000e+00,0,0
7090,6729,"Χ_Φ",0.0000000000000000e+00,0.0000000000000000e+00,0,0
7091,6727,"Χ_Φ",0.0000000000000000e+00,0.0000000000000000e+00,0,0
7091,6729,"Χ_Φ",0.0000000000000000e+00,0.0000000000000000e+00,0,0
7092,6727,"Χ_Φ",0.0000000000000000e+00,0.0000000000000000e+00,0,0
7092,6729,"Χ_Φ",0.0000000000000000e+00,0.0000000000000000e+00,0,0
7093,6727,"Χ_Φ",0.0000000000000000e+00,0.0000000000000000e+00,0,0
7093,6729,"Χ_Φ",0.0000000000000000e+00,0.0000000000000000e+00,0,0
7094,6727,"Χ_Φ",0.0000000000000000e+00,0.0000000000000000e+00,0,0
7094,6729,"Χ_Φ",0.0000000000000000e+00,0.0000000000000000e+00,0,0
7095,6727,"Χ_Φ",0.0000000000000000e+00,0.0000000000000000e+00,0,0
7095,7783,"Χ_Φ",1.4000000000000000e+01,0.0000000000000000e+00,0,0
7096,6727,"Χ_Φ",0.0000000000000000e+00,0.0000000000000000e+00,0,0
7096,6729,"Χ_Φ",0.0000000000000000e+00,0.0000000000000000e+00,0,0
7097,6727,"Χ_Φ",0.0000000000000000e+00,0.0000000000000000e+00,0,0
7097,6729,"Χ_Φ",0.0000000000000000e+00,0.0000000000000000e+00,0,0
7098,6727,"Χ_Φ",0.0000000000000000e+00,0.0000000000000000e+00,0,0
7098,6729,"Χ_Φ",0.0000000000000000e+00,0.0000000000000000e+00,0,0
7099,6727,"Χ_Φ",0.0000000000000000e+00,0.0000000000000000e+00,0,0
7099,6729,"Χ_Φ",0.0000000000000000e+00,0.0000000000000000e+00,0,0
7100,6727,"Χ_Φ",0.0000000000000000e+00,0.0000000000000000e+00,0,0
7100,6729,"Χ_Φ",0.0000000000000000e+00,0.0000000000000000e+00,0,0
7101,6727,"Χ_Φ",0.0000000000000000e+00,0.0000000000000000e+00,0,0
7101,6729,"Χ_Φ",0.0000000000000000e+00,0.0000000000000000e+00,0,0
7102,6727,"Χ_Φ",0.0000000000000000e+00,0.0000000000000000e+00,0,0
7102,6729,"Χ_Φ",0.0000000000000000e+00,0.0000000000000000e+00,0,0
7104,6727,"Χ_Φ",0.0000000000000000e+00,0.0000000000000000e+00,0,0
7104,6729,"Χ_Φ",0.0000000000000000e+00,0.0000000000000000e+00,0,0
7105,6727,"Χ_Φ",0.0000000000000000e+00,0.0000000000000000e+00,0,0
7105,6729,"Χ_Φ",0.0000000000000000e+00,0.0000000000000000e+00,0,0
7106,6727,"Χ_Φ",0.0000000000000000e+00,0.0000000000000000e+00,0,0
7106,6729,"Χ_Φ",0.0000000000000000e+00,0.0000000000000000e+00,0,0
7107,6727,"Χ_Φ",0.0000000000000000e+00,0.0000000000000000e+00,0,0
7107,6729,"Χ_Φ",0.0000000000000000e+00,0.0000000000000000e+00,0,0
7108,6727,"Χ_Φ",0.0000000000000000e+00,0.0000000000000000e+00,0,0
7108,6729,"Χ_Φ",0.0000000000000000e+00,0.0000000000000000e+00,0,0
7109,6727,"Χ_Φ",0.0000000000000000e+00,0.0000000000000000e+00,0,0
7109,6729,"Χ_Φ",0.0000000000000000e+00,0.0000000000000000e+00,0,0
7110,6727,"Χ_Φ",0.0000000000000000e+00,0.0000000000000000e+00,0,0
7110,6729,"Χ_Φ",0.0000000000000000e+00,0.0000000000000000e+00,0,0
7111,6727,"Χ_Φ",0.0000000000000000e+00,0.0000000000000000e+00,0,0
7111,6729,"Χ_Φ",0.0000000000000000e+00,0.0000000000000000e+00,0,0
7112,6727,"Χ_Φ",0.0000000000000000e+00,0.0000000000000000e+00,0,0
7112,6729,"Χ_Φ",0.0000000000000000e+00,0.0000000000000000e+00,0,0
7113,6727,"Χ_Φ",0.0000000000000000e+00,0.0000000000000000e+00,0,0
7113,6729,"Χ_Φ",0.0000000000000000e+00,0.0000000000000000e+00,0,0
7114,6727,"Χ_Φ",0.0000000000000000e+00,0.0000000000000000e+00,0,0
7114,6729,"Χ_Φ",0.0000000000000000e+00,0.0000000000000000e+00,0,0
7115,6727,"Χ_Φ",0.0000000000000000e+00,0.0000000000000000e+00,0,0
7115,6729,"Χ_Φ",0.0000000000000000e+00,0.0000000000000000e+00,0,0
7116,6727,"Χ_Φ",0.0000000000000000e+00,0.0000000000000000e+00,0,0
7116,6729,"Χ_Φ",0.0000000000000000e+00,0.0000000000000000e+00,0,0
7117,6727,"Χ_Φ",0.0000000000000000e+00,0.0000000000000000e+00,0,0
7117,6729,"Χ_Φ",0.0000000000000000e+00,0.0000000000000000e+00,0,0
7118,6727,"Χ_Φ",0.0000000000000000e+00,0.0000000000000000e+00,0,0
7118,6729,"Χ_Φ",0.0000000000000000e+00,0.0000000000000000e+00,0,0
7119,6727,"Χ_Φ",0.0000000000000000e+00,0.0000000000000000e+00,0,0
7119,6729,"Χ_Φ",0.0000000000000000e+00,0.0000000000000000e+00,0,0
7120,6727,"Χ_Φ",0.0000000000000000e+00,0.0000000000000000e+00,0,0
7120,6729,"Χ_Φ",0.0000000000000000e+00,0.0000000000000000e+00,0,0
7121,6727,"Χ_Φ",0.0000000000000000e+00,0.0000000000000000e+00,0,0
7121,6729,"Χ_Φ",0.0000000000000000e+00,0.0000000000000000e+00,0,0
7122,6727,"Χ_Φ",0.0000000000000000e+00,0.0000000000000000e+00,0,0
7122,6729,"Χ_Φ",0.0000000000000000e+00,0.0000000000000000e+00,0,0
7123,6727,"Χ_Φ",0.0000000000000000e+00,0.0000000000000000e+00,0,0
7123,6729,"Χ_Φ",0.0000000000000000e+00,0.0000000000000000e+00,0,0
7124,6727,"Χ_Φ",0.0000000000000000e+00,0.0000000000000000e+00,0,0
7124,6729,"Χ_Φ",0.0000000000000000e+00,0.0000000000000000e+00,0,0
7125,6727,"Χ_Φ",0.0000000000000000e+00,0.0000000000000000e+00,0,0
7125,6729,"Χ_Φ",0.0000000000000000e+00,0.0000000000000000e+00,0,0
7127,6727,"Χ_Φ",0.0000000000000000e+00,0.0000000000000000e+00,0,0
7127,6729,"Χ_Φ",0.0000000000000000e+00,0.0000000000000000e+00,0,0
7128,6727,"Χ_Φ",0.0000000000000000e+00,0.0000000000000000e+00,0,0
7128,6729,"Χ_Φ",0.0000000000000000e+00,0.0000000000000000e+00,0,0
7129,6727,"Χ_Φ",0.0000000000000000e+00,0.0000000000000000e+00,0,0
7129,6729,"Χ_Φ",0.0000000000000000e+00,0.0000000000000000e+00,0,0
7130,6727,"Χ_Φ",0.0000000000000000e+00,0.0000000000000000e+00,0,0
7130,6729,"Χ_Φ",0.0000000000000000e+00,0.0000000000000000e+00,0,0
7131,6727,"Χ_Φ",0.0000000000000000e+00,0.0000000000000000e+00,0,0
7131,6729,"Χ_Φ",0.0000000000000000e+00,0.0000000000000000e+00,0,0
7132,6727,"Χ_Φ",0.0000000000000000e+00,0.0000000000000000e+00,0,0
7132,6729,"Χ_Φ",0.0000000000000000e+00,0.0000000000000000e+00,0,0
7133,6727,"Χ_Φ",0.0000000000000000e+00,0.0000000000000000e+00,0,0
7133,6729,"Χ_Φ",0.0000000000000000e+00,0.0000000000000000e+00,0,0
7134,6727,"Χ_Φ",0.0000000000000000e+00,0.0000000000000000e+00,0,0
7134,6729,"Χ_Φ",0.0000000000000000e+00,0.0000000000000000e+00,0,0
7135,6727,"Χ_Φ",0.0000000000000000e+00,0.0000000000000000e+00,0,0
7135,6729,"Χ_Φ",0.0000000000000000e+00,0.0000000000000000e+00,0,0
7136,6727,"Χ_Φ",0.0000000000000000e+00,0.0000000000000000e+00,0,0
7136,6729,"Χ_Φ",0.0000000000000000e+00,0.0000000000000000e+00,0,0
7137,6727,"Χ_Φ",0.0000000000000000e+00,0.0000000000000000e+00,0,0
7137,6729,"Χ_Φ",0.0000000000000000e+00,0.0000000000000000e+00,0,0
7138,6727,"Χ_Φ",0.0000000000000000e+00,0.0000000000000000e+00,0,0
7138,6729,"Χ_Φ",0.0000000000000000e+00,0.0000000000000000e+00,0,0
7139,6727,"Χ_Φ",0.0000000000000000e+00,0.0000000000000000e+00,0,0
7139,6729,"Χ_Φ",0.0000000000000000e+00,0.0000000000000000e+00,0,0
7140,6727,"Χ_Φ",0.0000000000000000e+00,0.0000000000000000e+00,0,0
7140,6729,"Χ_Φ",0.0000000000000000e+00,0.0000000000000000e+00,0,0
7142,6727,"Χ_Φ",0.0000000000000000e+00,0.0000000000000000e+00,0,0
7142,6729,"Χ_Φ",0.0000000000000000e+00,0.0000000000000000e+00,0,0
7143,6727,"Χ_Φ",0.0000000000000000e+00,0.0000000000000000e+00,0,0
7143,6729,"Χ_Φ",0.0000000000000000e+00,0.0000000000000000e+00,0,0
7144,6727,"Χ_Φ",0.0000000000000000e+00,0.0000000000000000e+00,0,0
7144,6729,"Χ_Φ",0.0000000000000000e+00,0.0000000000000000e+00,0,0
7145,6727,"Χ_Φ",0.0000000000000000e+00,0.0000000000000000e+00,0,0
7145,6729,"Χ_Φ",0.0000000000000000e+00,0.0000000000000000e+00,0,0
7146,6727,"Χ_Φ",0.0000000000000000e+00,0.0000000000000000e+00,0,0
7146,6729,"Χ_Φ",0.0000000000000000e+00,0.0000000000000000e+00,0,0
7147,6727,"Χ_Φ",0.0000000000000000e+00,0.0000000000000000e+00,0,0
7147,6729,"Χ_Φ",0.0000000000000000e+00,0.0000000000000000e+00,0,0
7148,6727,"Χ_Φ",0.0000000000000000e+00,0.0000000000000000e+00,0,0
7148,6729,"Χ_Φ",0.0000000000000000e+00,0.0000000000000000e+00,0,0
7149,6727,"Χ_Φ",0.0000000000000000e+00,0.0000000000000000e+00,0,0
7149,6729,"Χ_Φ",0.0000000000000000e+00,0.0000000000000000e+00,0,0
7150,6727,"Χ_Φ",0.0000000000000000e+00,0.0000000000000000e+00,0,0
7150,6729,"Χ_Φ",0.0000000000000000e+00,0.0000000000000000e+00,0,0
7151,6727,"Χ_Φ",0.0000000000000000e+00,0.0000000000000000e+00,0,0
7151,6729,"Χ_Φ",0.0000000000000000e+00,0.0000000000000000e+00,0,0
7152,6727,"Χ_Φ",0.0000000000000000e+00,0.0000000000000000e+00,0,0
7152,6729,"Χ_Φ",0.0000000000000000e+00,0.0000000000000000e+00,0,0
7153,6727,"Χ_Φ",0.0000000000000000e+00,0.0000000000000000e+00,0,0
7153,6729,"Χ_Φ",0.0000000000000000e+00,0.0000000000000000e+00,0,0
7154,6727,"Χ_Φ",0.0000000000000000e+00,0.0000000000000000e+00,0,0
7154,6729,"Χ_Φ",0.0000000000000000e+00,0.0000000000000000e+00,0,0
7155,6727,"Χ_Φ",0.0000000000000000e+00,0.0000000000000000e+00,0,0
7155,6729,"Χ_Φ",0.0000000000000000e+00,0.0000000000000000e+00,0,0
7156,6727,"Χ_Φ",0.0000000000000000e+00,0.0000000000000000e+00,0,0
7156,6729,"Χ_Φ",0.0000000000000000e+00,0.0000000000000000e+00,0,0
7157,6727,"Χ_Φ",0.0000000000000000e+00,0.0000000000000000e+00,0,0
7157,6729,"Χ_Φ",0.0000000000000000e+00,0.0000000000000000e+00,0,0
7158,6727,"Χ_Φ",0.0000000000000000e+00,0.0000000000000000e+00,0,0
7158,6729,"Χ_Φ",0.0000000000000000e+00,0.0000000000000000e+00,0,0
7159,6727,"Χ_Φ",0.0000000000000000e+00,0.0000000000000000e+00,0,0
7159,6729,"Χ_Φ",0.0000000000000000e+00,0.0000000000000000e+00,0,0
7160,6727,"Χ_Φ",0.0000000000000000e+00,0.0000000000000000e+00,0,0
7160,6729,"Χ_Φ",0.0000000000000000e+00,0.0000000000000000e+00,0,0
7161,6727,"Χ_Φ",0.0000000000000000e+00,0.0000000000000000e+00,0,0
7161,6729,"Χ_Φ",0.0000000000000000e+00,0.0000000000000000e+00,0,0
7162,6727,"Χ_Φ",0.0000000000000000e+00,0.0000000000000000e+00,0,0
7162,6729,"Χ_Φ",0.0000000000000000e+00,0.0000000000000000e+00,0,0
7163,6727,"Χ_Φ",0.0000000000000000e+00,0.0000000000000000e+00,0,0
7163,6729,"Χ_Φ",0.0000000000000000e+00,0.0000000000000000e+00,0,0
7164,6727,"Χ_Φ",0.0000000000000000e+00,0.0000000000000000e+00,0,0
7164,6729,"Χ_Φ",0.0000000000000000e+00,0.0000000000000000e+00,0,0
7165,6727,"Χ_Φ",0.0000000000000000e+00,0.0000000000000000e+00,0,0
7165,6729,"Χ_Φ",0.0000000000000000e+00,0.0000000000000000e+00,0,0
7166,6727,"Χ_Φ",0.0000000000000000e+00,0.0000000000000000e+00,0,0
7166,6978,"92",1.6000000000000000e-01,0.0000000000000000e+00,0,0
7167,6727,"Χ_Φ",0.0000000000000000e+00,0.0000000000000000e+00,0,0
7167,6978,"92",1.6000000000000000e-01,0.0000000000000000e+00,0,0
7168,6727,"Χ_Φ",0.0000000000000000e+00,0.0000000000000000e+00,0,0
7168,7974,"93",1.2500000000000000e-01,0.0000000000000000e+00,0,0
7169,6727,"Χ_Φ",0.0000000000000000e+00,0.0000000000000000e+00,0,0
7169,6729,"Χ_Φ",0.0000000000000000e+00,0.0000000000000000e+00,0,0
7171,6727,"Χ_Φ",0.0000000000000000e+00,0.0000000000000000e+00,0,0
7171,6729,"Χ_Φ",0.0000000000000000e+00,0.0000000000000000e+00,0,0
7172,6727,"Χ_Φ",0.0000000000000000e+00,0.0000000000000000e+00,0,0
7172,6729,"Χ_Φ",0.0000000000000000e+00,0.0000000000000000e+00,0,0
7182,6727,"Χ_Φ",0.0000000000000000e+00,0.0000000000000000e+00,0,0
7182,6729,"Χ_Φ",0.0000000000000000e+00,0.0000000000000000e+00,0,0
7184,6727,"Χ_Φ",0.0000000000000000e+00,0.0000000000000000e+00,0,0
7184,6729,"Χ_Φ",0.0000000000000000e+00,0.0000000000000000e+00,0,0
7185,6727,"Χ_Φ",0.0000000000000000e+00,0.0000000000000000e+00,0,0
7185,6729,"Χ_Φ",0.0000000000000000e+00,0.0000000000000000e+00,0,0
7188,6727,"Χ_Φ",0.0000000000000000e+00,0.0000000000000000e+00,0,0
7188,6729,"Χ_Φ",0.0000000000000000e+00,0.0000000000000000e+00,0,0
7189,6727,"Χ_Φ",0.0000000000000000e+00,0.0000000000000000e+00,0,0
7189,6729,"Χ_Φ",0.0000000000000000e+00,0.0000000000000000e+00,0,0
7190,6727,"Χ_Φ",0.0000000000000000e+00,0.0000000000000000e+00,0,0
7190,6729,"Χ_Φ",0.0000000000000000e+00,0.0000000000000000e+00,0,0
7191,6727,"Χ_Φ",0.0000000000000000e+00,0.0000000000000000e+00,0,0
7191,6978,"95",5.9999999999999998e-01,0.0000000000000000e+00,0,0
7192,6727,"Χ_Φ",0.0000000000000000e+00,0.0000000000000000e+00,0,0
7192,6729,"Χ_Φ",0.0000000000000000e+00,0.0000000000000000e+00,0,0
7271,6727,"Χ_Φ",0.0000000000000000e+00,0.0000000000000000e+00,0,0
7271,6729,"Χ_Φ",0.0000000000000000e+00,0.0000000000000000e+00,0,0
7273,6727,"Χ_Φ",0.0000000000000000e+00,0.0000000000000000e+00,0,0
7273,6729,"Χ_Φ",0.0000000000000000e+00,0.0000000000000000e+00,0,0
7280,6727,"Χ_Φ",0.0000000000000000e+00,0.0000000000000000e+00,0,0
7280,6729,"Χ_Φ",0.0000000000000000e+00,0.0000000000000000e+00,0,0
7282,6727,"Χ_Φ",0.0000000000000000e+00,0.0000000000000000e+00,0,0
7282,6729,"Χ_Φ",0.0000000000000000e+00,0.0000000000000000e+00,0,0
7283,6727,"Χ_Φ",0.0000000000000000e+00,0.0000000000000000e+00,0,0
7283,6729,"Χ_Φ",0.0000000000000000e+00,0.0000000000000000e+00,0,0
7288,6727,"Χ_Φ",0.0000000000000000e+00,0.0000000000000000e+00,0,0
7288,6729,"Χ_Φ",0.0000000000000000e+00,0.0000000000000000e+00,0,0
7289,6727,"Χ_Φ",0.0000000000000000e+00,0.0000000000000000e+00,0,0
7289,6729,"Χ_Φ",0.0000000000000000e+00,0.0000000000000000e+00,0,0
7290,6727,"Χ_Φ",0.0000000000000000e+00,0.0000000000000000e+00,0,0
7290,6729,"Χ_Φ",0.0000000000000000e+00,0.0000000000000000e+00,0,0
7291,6727,"Χ_Φ",0.0000000000000000e+00,0.0000000000000000e+00,0,0
7291,6729,"Χ_Φ",0.0000000000000000e+00,0.0000000000000000e+00,0,0
7297,6727,"Χ_Φ",0.0000000000000000e+00,0.0000000000000000e+00,0,0
7297,6729,"Χ_Φ",0.0000000000000000e+00,0.0000000000000000e+00,0,0
7299,6727,"Χ_Φ",0.0000000000000000e+00,0.0000000000000000e+00,0,0
7299,6729,"Χ_Φ",0.0000000000000000e+00,0.0000000000000000e+00,0,0
7301,6727,"Χ_Φ",0.0000000000000000e+00,0.0000000000000000e+00,0,0
7301,6729,"Χ_Φ",0.0000000000000000e+00,0.0000000000000000e+00,0,0
7315,6727,"Χ_Φ",0.0000000000000000e+00,0.0000000000000000e+00,0,0
7315,6729,"Χ_Φ",0.0000000000000000e+00,0.0000000000000000e+00,0,0
7316,6727,"Χ_Φ",0.0000000000000000e+00,0.0000000000000000e+00,0,0
7316,6729,"Χ_Φ",0.0000000000000000e+00,0.0000000000000000e+00,0,0
7320,6727,"Χ_Φ",0.0000000000000000e+00,0.0000000000000000e+00,0,0
7320,6729,"Χ_Φ",0.0000000000000000e+00,0.0000000000000000e+00,0,0
7335,6727,"Χ_Φ",0.0000000000000000e+00,0.0000000000000000e+00,0,0
7335,6729,"Χ_Φ",0.0000000000000000e+00,0.0000000000000000e+00,0,0
7352,6727,"Χ_Φ",0.0000000000000000e+00,0.0000000000000000e+00,0,0
7352,6729,"Χ_Φ",0.0000000000000000e+00,0.0000000000000000e+00,0,0
7356,6727,"Χ_Φ",0.0000000000000000e+00,0.0000000000000000e+00,0,0
7356,6978,"92",1.6000000000000000e-01,0.0000000000000000e+00,0,0
7357,6727,"Χ_Φ",0.0000000000000000e+00,0.0000000000000000e+00,0,0
7357,7974,"93",1.2500000000000000e+00,0.0000000000000000e+00,0,0
7359,6727,"Χ_Φ",0.0000000000000000e+00,0.0000000000000000e+00,0,0
7359,7974,"93",1.1000000000000000e-01,0.0000000000000000e+00,0,0
7361,6727,"Χ_Φ",0.0000000000000000e+00,0.0000000000000000e+00,0,0
7361,6978,"92",1.6000000000000000e-01,0.0000000000000000e+00,0,0
7366,6727,"Χ_Φ",0.0000000000000000e+00,0.0000000000000000e+00,0,0
7366,6729,"Χ_Φ",0.0000000000000000e+00,0.0000000000000000e+00,0,0
7371,6727,"Χ_Φ",0.0000000000000000e+00,0.0000000000000000e+00,0,0
7371,6729,"Χ_Φ",0.0000000000000000e+00,0.0000000000000000e+00,0,0
7387,6727,"Χ_Φ",0.0000000000000000e+00,0.0000000000000000e+00,0,0
7387,6729,"Χ_Φ",0.0000000000000000e+00,0.0000000000000000e+00,0,0
7388,6727,"Χ_Φ",0.0000000000000000e+00,0.0000000000000000e+00,0,0
7388,6729,"Χ_Φ",0.0000000000000000e+00,0.0000000000000000e+00,0,0
7392,6727,"Χ_Φ",0.0000000000000000e+00,0.0000000000000000e+00,0,0
7392,6729,"Χ_Φ",0.0000000000000000e+00,0.0000000000000000e+00,0,0
7399,6727,"Χ_Φ",0.0000000000000000e+00,0.0000000000000000e+00,0,0
7399,6729,"Χ_Φ",0.0000000000000000e+00,0.0000000000000000e+00,0,0
7442,6727,"Χ_Φ",0.0000000000000000e+00,0.0000000000000000e+00,0,0
7442,6729,"Χ_Φ",0.0000000000000000e+00,0.0000000000000000e+00,0,0
7448,6727,"Χ_Φ",0.0000000000000000e+00,0.0000000000000000e+00,0,0
7448,6729,"Χ_Φ",0.0000000000000000e+00,0.0000000000000000e+00,0,0
7449,6727,"Χ_Φ",0.0000000000000000e+00,0.0000000000000000e+00,0,0
7449,6729,"Χ_Φ",0.0000000000000000e+00,0.0000000000000000e+00,0,0
7450,6727,"Χ_Φ",0.0000000000000000e+00,0.0000000000000000e+00,0,0
7450,6729,"Χ_Φ",0.0000000000000000e+00,0.0000000000000000e+00,0,0
7462,6727,"Χ_Φ",0.0000000000000000e+00,0.0000000000000000e+00,0,0
7462,6729,"Χ_Φ",0.0000000000000000e+00,0.0000000000000000e+00,0,0
7463,6727,"Χ_Φ",0.0000000000000000e+00,0.0000000000000000e+00,0,0
7463,6729,"Χ_Φ",0.0000000000000000e+00,0.0000000000000000e+00,0,0
7472,6727,"Χ_Φ",0.0000000000000000e+00,0.0000000000000000e+00,0,0
7472,6729,"Χ_Φ",0.0000000000000000e+00,0.0000000000000000e+00,0,0
7475,6727,"Χ_Φ",0.0000000000000000e+00,0.0000000000000000e+00,0,0
7475,6729,"Χ_Φ",0.0000000000000000e+00,0.0000000000000000e+00,0,0
7485,6727,"Χ_Φ",0.0000000000000000e+00,0.0000000000000000e+00,0,0
7485,6729,"Χ_Φ",0.0000000000000000e+00,0.0000000000000000e+00,0,0
7486,6727,"Χ_Φ",0.0000000000000000e+00,0.0000000000000000e+00,0,0
7486,6729,"Χ_Φ",0.0000000000000000e+00,0.0000000000000000e+00,0,0
7489,6727,"Χ_Φ",0.0000000000000000e+00,0.0000000000000000e+00,0,0
7489,6729,"Χ_Φ",0.0000000000000000e+00,0.0000000000000000e+00,0,0
7490,6727,"Χ_Φ",0.0000000000000000e+00,0.0000000000000000e+00,0,0
7490,6729,"Χ_Φ",0.0000000000000000e+00,0.0000000000000000e+00,0,0
7491,6727,"Χ_Φ",0.0000000000000000e+00,0.0000000000000000e+00,0,0
7491,6729,"Χ_Φ",0.0000000000000000e+00,0.0000000000000000e+00,0,0
7492,6727,"Χ_Φ",0.0000000000000000e+00,0.0000000000000000e+00,0,0
7492,6729,"Χ_Φ",0.0000000000000000e+00,0.0000000000000000e+00,0,0
7493,6727,"Χ_Φ",0.0000000000000000e+00,0.0000000000000000e+00,0,0
7493,6729,"Χ_Φ",0.0000000000000000e+00,0.0000000000000000e+00,0,0
7494,6727,"Χ_Φ",0.0000000000000000e+00,0.0000000000000000e+00,0,0
7494,6729,"Χ_Φ",0.0000000000000000e+00,0.0000000000000000e+00,0,0
7526,6727,"Χ_Φ",0.0000000000000000e+00,0.0000000000000000e+00,0,0
7526,6729,"Χ_Φ",0.0000000000000000e+00,0.0000000000000000e+00,0,0
7527,6727,"Χ_Φ",0.0000000000000000e+00,0.0000000000000000e+00,0,0
7527,6729,"Χ_Φ",0.0000000000000000e+00,0.0000000000000000e+00,0,0
7529,6727,"Χ_Φ",0.0000000000000000e+00,0.0000000000000000e+00,0,0
7529,6729,"Χ_Φ",0.0000000000000000e+00,0.0000000000000000e+00,0,0
7530,6727,"Χ_Φ",0.0000000000000000e+00,0.0000000000000000e+00,0,0
7530,6729,"Χ_Φ",0.0000000000000000e+00,0.0000000000000000e+00,0,0
7531,6727,"Χ_Φ",0.0000000000000000e+00,0.0000000000000000e+00,0,0
7531,6729,"Χ_Φ",0.0000000000000000e+00,0.0000000000000000e+00,0,0
7532,6727,"Χ_Φ",0.0000000000000000e+00,0.0000000000000000e+00,0,0
7532,6729,"Χ_Φ",0.0000000000000000e+00,0.0000000000000000e+00,0,0
7534,6727,"Χ_Φ",0.0000000000000000e+00,0.0000000000000000e+00,0,0
7534,6729,"Χ_Φ",0.0000000000000000e+00,0.0000000000000000e+00,0,0
7535,6727,"Χ_Φ",0.0000000000000000e+00,0.0000000000000000e+00,0,0
7535,6729,"Χ_Φ",0.0000000000000000e+00,0.0000000000000000e+00,0,0
7536,6727,"Χ_Φ",0.0000000000000000e+00,0.0000000000000000e+00,0,0
7536,6729,"Χ_Φ",0.0000000000000000e+00,0.0000000000000000e+00,0,0
7537,6727,"Χ_Φ",0.0000000000000000e+00,0.0000000000000000e+00,0,0
7537,6729,"Χ_Φ",0.0000000000000000e+00,0.0000000000000000e+00,0,0
7538,6727,"Χ_Φ",0.0000000000000000e+00,0.0000000000000000e+00,0,0
7538,6729,"Χ_Φ",0.0000000000000000e+00,0.0000000000000000e+00,0,0
7539,6727,"Χ_Φ",0.0000000000000000e+00,0.0000000000000000e+00,0,0
7539,6729,"Χ_Φ",0.0000000000000000e+00,0.0000000000000000e+00,0,0
7542,6727,"Χ_Φ",0.0000000000000000e+00,0.0000000000000000e+00,0,0
7542,6729,"Χ_Φ",0.0000000000000000e+00,0.0000000000000000e+00,0,0
7543,6727,"Χ_Φ",0.0000000000000000e+00,0.0000000000000000e+00,0,0
7543,6729,"Χ_Φ",0.0000000000000000e+00,0.0000000000000000e+00,0,0
7545,6727,"Χ_Φ",0.0000000000000000e+00,0.0000000000000000e+00,0,0
7545,6729,"Χ_Φ",0.0000000000000000e+00,0.0000000000000000e+00,0,0
7559,6727,"Χ_Φ",0.0000000000000000e+00,0.0000000000000000e+00,0,0
7559,6729,"Χ_Φ",0.0000000000000000e+00,0.0000000000000000e+00,0,0
7560,6727,"Χ_Φ",0.0000000000000000e+00,0.0000000000000000e+00,0,0
7560,6729,"Χ_Φ",0.0000000000000000e+00,0.0000000000000000e+00,0,0
7561,6727,"Χ_Φ",0.0000000000000000e+00,0.0000000000000000e+00,0,0
7561,6729,"Χ_Φ",0.0000000000000000e+00,0.0000000000000000e+00,0,0
7562,6727,"Χ_Φ",0.0000000000000000e+00,0.0000000000000000e+00,0,0
7562,6729,"Χ_Φ",0.0000000000000000e+00,0.0000000000000000e+00,0,0
7563,6727,"Χ_Φ",0.0000000000000000e+00,0.0000000000000000e+00,0,0
7563,6729,"Χ_Φ",0.0000000000000000e+00,0.0000000000000000e+00,0,0
7564,6727,"Χ_Φ",0.0000000000000000e+00,0.0000000000000000e+00,0,0
7564,6729,"Χ_Φ",0.0000000000000000e+00,0.0000000000000000e+00,0,0
7565,6727,"Χ_Φ",0.0000000000000000e+00,0.0000000000000000e+00,0,0
7565,6729,"Χ_Φ",0.0000000000000000e+00,0.0000000000000000e+00,0,0
7566,6727,"Χ_Φ",0.0000000000000000e+00,0.0000000000000000e+00,0,0
7566,6729,"Χ_Φ",0.0000000000000000e+00,0.0000000000000000e+00,0,0
7582,6727,"Χ_Φ",0.0000000000000000e+00,0.0000000000000000e+00,0,0
7582,6729,"Χ_Φ",0.0000000000000000e+00,0.0000000000000000e+00,0,0
7594,6727,"Χ_Φ",0.0000000000000000e+00,0.0000000000000000e+00,0,0
7594,7783,"Χ_Φ",1.3000000000000000e+01,0.0000000000000000e+00,0,0
7595,6727,"Χ_Φ",0.0000000000000000e+00,0.0000000000000000e+00,0,0
7595,7783,"Χ_Φ",1.4000000000000000e+01,0.0000000000000000e+00,0,0
7602,6727,"Χ_Φ",0.0000000000000000e+00,0.0000000000000000e+00,0,0
7602,6729,"Χ_Φ",0.0000000000000000e+00,0.0000000000000000e+00,0,0
7603,6727,"Χ_Φ",0.0000000000000000e+00,0.0000000000000000e+00,0,0
7603,6729,"Χ_Φ",0.0000000000000000e+00,0.0000000000000000e+00,0,0
7608,6727,"Χ_Φ",0.0000000000000000e+00,0.0000000000000000e+00,0,0
7608,7974,"93",1.1000000000000000e-01,0.0000000000000000e+00,0,0
7632,6727,"Χ_Φ",0.0000000000000000e+00,0.0000000000000000e+00,0,0
7632,6729,"Χ_Φ",0.0000000000000000e+00,0.0000000000000000e+00,0,0
7643,6727,"Χ_Φ",0.0000000000000000e+00,0.0000000000000000e+00,0,0
7643,6729,"Χ_Φ",0.0000000000000000e+00,0.0000000000000000e+00,0,0
7645,6727,"Χ_Φ",0.0000000000000000e+00,0.0000000000000000e+00,0,0
7645,6729,"Χ_Φ",0.0000000000000000e+00,0.0000000000000000e+00,0,0
7646,6727,"Χ_Φ",0.0000000000000000e+00,0.0000000000000000e+00,0,0
7646,6729,"Χ_Φ",0.0000000000000000e+00,0.0000000000000000e+00,0,0
7669,6727,"Χ_Φ",0.0000000000000000e+00,0.0000000000000000e+00,0,0
7669,6729,"Χ_Φ",0.0000000000000000e+00,0.0000000000000000e+00,0,0
7670,6727,"Χ_Φ",0.0000000000000000e+00,0.0000000000000000e+00,0,0
7670,6729,"Χ_Φ",0.0000000000000000e+00,0.0000000000000000e+00,0,0
7671,6727,"Χ_Φ",0.0000000000000000e+00,0.0000000000000000e+00,0,0
7671,6729,"Χ_Φ",0.0000000000000000e+00,0.0000000000000000e+00,0,0
7672,6727,"Χ_Φ",0.0000000000000000e+00,0.0000000000000000e+00,0,0
7672,6729,"Χ_Φ",0.0000000000000000e+00,0.0000000000000000e+00,0,0
7673,6727,"Χ_Φ",0.0000000000000000e+00,0.0000000000000000e+00,0,0
7673,6729,"Χ_Φ",0.0000000000000000e+00,0.0000000000000000e+00,0,0
7674,6727,"Χ_Φ",0.0000000000000000e+00,0.0000000000000000e+00,0,0
7674,6729,"Χ_Φ",0.0000000000000000e+00,0.0000000000000000e+00,0,0
7690,6727,"Χ_Φ",0.0000000000000000e+00,0.0000000000000000e+00,0,0
7690,6729,"Χ_Φ",0.0000000000000000e+00,0.0000000000000000e+00,0,0
7696,6727,"Χ_Φ",0.0000000000000000e+00,0.0000000000000000e+00,0,0
7696,6729,"Χ_Φ",0.0000000000000000e+00,0.0000000000000000e+00,0,0
7697,6727,"Χ_Φ",0.0000000000000000e+00,0.0000000000000000e+00,0,0
7697,6729,"Χ_Φ",0.0000000000000000e+00,0.0000000000000000e+00,0,0
7700,6727,"Χ_Φ",0.0000000000000000e+00,0.0000000000000000e+00,0,0
7700,6729,"Χ_Φ",0.0000000000000000e+00,0.0000000000000000e+00,0,0
7701,6727,"Χ_Φ",0.0000000000000000e+00,0.0000000000000000e+00,0,0
7701,6729,"Χ_Φ",0.0000000000000000e+00,0.0000000000000000e+00,0,0
7702,6727,"Χ_Φ",0.0000000000000000e+00,0.0000000000000000e+00,0,0
7702,6729,"Χ_Φ",0.0000000000000000e+00,0.0000000000000000e+00,0,0
7705,6727,"Χ_Φ",0.0000000000000000e+00,0.0000000000000000e+00,0,0
7705,6729,"Χ_Φ",0.0000000000000000e+00,0.0000000000000000e+00,0,0
7708,6727,"Χ_Φ",0.0000000000000000e+00,0.0000000000000000e+00,0,0
7708,6729,"Χ_Φ",0.0000000000000000e+00,0.0000000000000000e+00,0,0
7710,6727,"Χ_Φ",0.0000000000000000e+00,0.0000000000000000e+00,0,0
7710,7714,"Χ_Φ",1.2800000000000001e+01,0.0000000000000000e+00,0,0
7722,6727,"Χ_Φ",0.0000000000000000e+00,0.0000000000000000e+00,0,0
7722,6729,"Χ_Φ",0.0000000000000000e+00,0.0000000000000000e+00,0,0
7733,6727,"Χ_Φ",0.0000000000000000e+00,0.0000000000000000e+00,0,0
7733,6729,"Χ_Φ",0.0000000000000000e+00,0.0000000000000000e+00,0,0
7737,6727,"Χ_Φ",0.0000000000000000e+00,0.0000000000000000e+00,0,0
7737,6729,"Χ_Φ",0.0000000000000000e+00,0.0000000000000000e+00,0,0
7738,6727,"Χ_Φ",0.0000000000000000e+00,0.0000000000000000e+00,0,0
7738,6729,"Χ_Φ",0.0000000000000000e+00,0.0000000000000000e+00,0,0
7745,6727,"Χ_Φ",0.0000000000000000e+00,0.0000000000000000e+00,0,0
7745,6729,"Χ_Φ",0.0000000000000000e+00,0.0000000000000000e+00,0,0
7746,6727,"Χ_Φ",0.0000000000000000e+00,0.0000000000000000e+00,0,0
7746,6729,"Χ_Φ",0.0000000000000000e+00,0.0000000000000000e+00,0,0
7751,6727,"Χ_Φ",0.0000000000000000e+00,0.0000000000000000e+00,0,0
7751,6729,"Χ_Φ",0.0000000000000000e+00,0.0000000000000000e+00,0,0
7757,6727,"Χ_Φ",0.0000000000000000e+00,0.0000000000000000e+00,0,0
7757,6729,"Χ_Φ",0.0000000000000000e+00,0.0000000000000000e+00,0,0
7759,6727,"Χ_Φ",0.0000000000000000e+00,0.0000000000000000e+00,0,0
7759,6729,"Χ_Φ",0.0000000000000000e+00,0.0000000000000000e+00,0,0
7766,6727,"Χ_Φ",0.0000000000000000e+00,0.0000000000000000e+00,0,0
7766,6729,"Χ_Φ",0.0000000000000000e+00,0.0000000000000000e+00,0,0
7767,6727,"Χ_Φ",0.0000000000000000e+00,0.0000000000000000e+00,0,0
7767,6729,"Χ_Φ",0.0000000000000000e+00,0.0000000000000000e+00,0,0
7768,6727,"Χ_Φ",0.0000000000000000e+00,0.0000000000000000e+00,0,0
7768,6729,"Χ_Φ",0.0000000000000000e+00,0.0000000000000000e+00,0,0
7773,6727,"Χ_Φ",0.0000000000000000e+00,0.0000000000000000e+00,0,0
7773,6729,"Χ_Φ",0.0000000000000000e+00,0.0000000000000000e+00,0,0
7774,6727,"Χ_Φ",0.0000000000000000e+00,0.0000000000000000e+00,0,0
7774,6729,"Χ_Φ",0.0000000000000000e+00,0.0000000000000000e+00,0,0
7779,6727,"Χ_Φ",0.0000000000000000e+00,0.0000000000000000e+00,0,0
7779,6729,"Χ_Φ",0.0000000000000000e+00,0.0000000000000000e+00,0,0
7794,6727,"Χ_Φ",0.0000000000000000e+00,0.0000000000000000e+00,0,0
7794,6729,"Χ_Φ",0.0000000000000000e+00,0.0000000000000000e+00,0,0
7802,6727,"Χ_Φ",0.0000000000000000e+00,0.0000000000000000e+00,0,0
7802,6729,"Χ_Φ",0.0000000000000000e+00,0.0000000000000000e+00,0,0
7807,6727,"Χ_Φ",0.0000000000000000e+00,0.0000000000000000e+00,0,0
7807,6729,"Χ_Φ",0.0000000000000000e+00,0.0000000000000000e+00,0,0
7818,6727,"Χ_Φ",0.0000000000000000e+00,0.0000000000000000e+00,0,0
7818,6729,"Χ_Φ",0.0000000000000000e+00,0.0000000000000000e+00,0,0
7826,6727,"Χ_Φ",0.0000000000000000e+00,0.0000000000000000e+00,0,0
7826,6729,"Χ_Φ",0.0000000000000000e+00,0.0000000000000000e+00,0,0
7828,6727,"Χ_Φ",0.0000000000000000e+00,0.0000000000000000e+00,0,0
7828,6729,"Χ_Φ",0.0000000000000000e+00,0.0000000000000000e+00,0,0
7829,6727,"Χ_Φ",0.0000000000000000e+00,0.0000000000000000e+00,0,0
7829,6729,"Χ_Φ",0.0000000000000000e+00,0.0000000000000000e+00,0,0
7834,6727,"Χ_Φ",0.0000000000000000e+00,0.0000000000000000e+00,0,0
7834,6729,"Χ_Φ",0.0000000000000000e+00,0.0000000000000000e+00,0,0
7835,6727,"Χ_Φ",0.0000000000000000e+00,0.0000000000000000e+00,0,0
7835,6729,"Χ_Φ",0.0000000000000000e+00,0.0000000000000000e+00,0,0
7836,6727,"Χ_Φ",0.0000000000000000e+00,0.0000000000000000e+00,0,0
7836,6729,"Χ_Φ",0.0000000000000000e+00,0.0000000000000000e+00,0,0
7840,6727,"Χ_Φ",0.0000000000000000e+00,0.0000000000000000e+00,0,0
7840,6729,"Χ_Φ",0.0000000000000000e+00,0.0000000000000000e+00,0,0
7851,6727,"Χ_Φ",0.0000000000000000e+00,0.0000000000000000e+00,0,0
7851,6729,"Χ_Φ",0.0000000000000000e+00,0.0000000000000000e+00,0,0
7852,6727,"Χ_Φ",0.0000000000000000e+00,0.0000000000000000e+00,0,0
7852,6729,"Χ_Φ",0.0000000000000000e+00,0.0000000000000000e+00,0,0
7853,6727,"Χ_Φ",0.0000000000000000e+00,0.0000000000000000e+00,0,0
7853,6729,"Χ_Φ",0.0000000000000000e+00,0.0000000000000000e+00,0,0
7863,6727,"Χ_Φ",0.0000000000000000e+00,0.0000000000000000e+00,0,0
7863,6729,"Χ_Φ",0.0000000000000000e+00,0.0000000000000000e+00,0,0
7867,6727,"Χ_Φ",0.0000000000000000e+00,0.0000000000000000e+00,0,0
7867,6729,"Χ_Φ",0.0000000000000000e+00,0.0000000000000000e+00,0,0
7869,6727,"Χ_Φ",0.0000000000000000e+00,0.0000000000000000e+00,0,0
7869,6729,"Χ_Φ",0.0000000000000000e+00,0.0000000000000000e+00,0,0
7871,6727,"Χ_Φ",0.0000000000000000e+00,0.0000000000000000e+00,0,0
7871,6729,"Χ_Φ",0.0000000000000000e+00,0.0000000000000000e+00,0,0
7872,6727,"Χ_Φ",0.0000000000000000e+00,0.0000000000000000e+00,0,0
7872,6729,"Χ_Φ",0.0000000000000000e+00,0.0000000000000000e+00,0,0
7875,6727,"Χ_Φ",0.0000000000000000e+00,0.0000000000000000e+00,0,0
7875,6729,"Χ_Φ",0.0000000000000000e+00,0.0000000000000000e+00,0,0
7881,6727,"Χ_Φ",0.0000000000000000e+00,0.0000000000000000e+00,0,0
7881,6729,"Χ_Φ",0.0000000000000000e+00,0.0000000000000000e+00,0,0
7882,6727,"Χ_Φ",0.0000000000000000e+00,0.0000000000000000e+00,0,0
7882,6729,"Χ_Φ",0.0000000000000000e+00,0.0000000000000000e+00,0,0
7883,6727,"Χ_Φ",0.0000000000000000e+00,0.0000000000000000e+00,0,0
7883,6729,"Χ_Φ",0.0000000000000000e+00,0.0000000000000000e+00,0,0
7884,6727,"Χ_Φ",0.0000000000000000e+00,0.0000000000000000e+00,0,0
7884,6729,"Χ_Φ",0.0000000000000000e+00,0.0000000000000000e+00,0,0
7885,6727,"Χ_Φ",0.0000000000000000e+00,0.0000000000000000e+00,0,0
7885,6729,"Χ_Φ",0.0000000000000000e+00,0.0000000000000000e+00,0,0
7890,6727,"Χ_Φ",0.0000000000000000e+00,0.0000000000000000e+00,0,0
7890,6729,"Χ_Φ",0.0000000000000000e+00,0.0000000000000000e+00,0,0
7891,6727,"Χ_Φ",0.0000000000000000e+00,0.0000000000000000e+00,0,0
7891,6729,"Χ_Φ",0.0000000000000000e+00,0.0000000000000000e+00,0,0
7892,6727,"Χ_Φ",0.0000000000000000e+00,0.0000000000000000e+00,0,0
7892,6729,"Χ_Φ",0.0000000000000000e+00,0.0000000000000000e+00,0,0
7899,6727,"Χ_Φ",0.0000000000000000e+00,0.0000000000000000e+00,0,0
7899,6729,"Χ_Φ",0.0000000000000000e+00,0.0000000000000000e+00,0,0
7900,6727,"Χ_Φ",0.0000000000000000e+00,0.0000000000000000e+00,0,0
7900,6729,"Χ_Φ",0.0000000000000000e+00,0.0000000000000000e+00,0,0
7907,6727,"Χ_Φ",0.0000000000000000e+00,0.0000000000000000e+00,0,0
7907,7974,"94",1.7000000000000000e+00,0.0000000000000000e+00,0,0
7908,6727,"Χ_Φ",0.0000000000000000e+00,0.0000000000000000e+00,0,0
7908,6729,"Χ_Φ",0.0000000000000000e+00,0.0000000000000000e+00,0,0
7909,6727,"Χ_Φ",0.0000000000000000e+00,0.0000000000000000e+00,0,0
7909,7974,"94",1.7000000000000000e+00,0.0000000000000000e+00,0,0
7910,6727,"Χ_Φ",0.0000000000000000e+00,0.0000000000000000e+00,0,0
7910,7974,"Χ_Φ",0.0000000000000000e+00,0.0000000000000000e+00,0,0
7914,6727,"Χ_Φ",0.0000000000000000e+00,0.0000000000000000e+00,0,0
7914,6729,"Χ_Φ",0.0000000000000000e+00,0.0000000000000000e+00,0,0
7915,6727,"Χ_Φ",0.0000000000000000e+00,0.0000000000000000e+00,0,0
7915,6729,"Χ_Φ",0.0000000000000000e+00,0.0000000000000000e+00,0,0
7916,6727,"Χ_Φ",0.0000000000000000e+00,0.0000000000000000e+00,0,0
7916,6729,"Χ_Φ",0.0000000000000000e+00,0.0000000000000000e+00,0,0
7917,6727,"Χ_Φ",0.0000000000000000e+00,0.0000000000000000e+00,0,0
7917,6729,"Χ_Φ",0.0000000000000000e+00,0.0000000000000000e+00,0,0
7919,6727,"Χ_Φ",0.0000000000000000e+00,0.0000000000000000e+00,0,0
7919,6729,"Χ_Φ",0.0000000000000000e+00,0.0000000000000000e+00,0,0
7920,6727,"Χ_Φ",0.0000000000000000e+00,0.0000000000000000e+00,0,0
7920,6729,"Χ_Φ",0.0000000000000000e+00,0.0000000000000000e+00,0,0
7921,6727,"Χ_Φ",0.0000000000000000e+00,0.0000000000000000e+00,0,0
7921,6729,"Χ_Φ",0.0000000000000000e+00,0.0000000000000000e+00,0,0
7922,6727,"Χ_Φ",0.0000000000000000e+00,0.0000000000000000e+00,0,0
7922,6729,"Χ_Φ",0.0000000000000000e+00,0.0000000000000000e+00,0,0
7923,6727,"Χ_Φ",0.0000000000000000e+00,0.0000000000000000e+00,0,0
7923,6729,"Χ_Φ",0.0000000000000000e+00,0.0000000000000000e+00,0,0
7924,6727,"Χ_Φ",0.0000000000000000e+00,0.0000000000000000e+00,0,0
7924,6729,"Χ_Φ",0.0000000000000000e+00,0.0000000000000000e+00,0,0
7925,6727,"Χ_Φ",0.0000000000000000e+00,0.0000000000000000e+00,0,0
7925,6729,"Χ_Φ",0.0000000000000000e+00,0.0000000000000000e+00,0,0
7926,6727,"Χ_Φ",0.0000000000000000e+00,0.0000000000000000e+00,0,0
7926,6729,"Χ_Φ",0.0000000000000000e+00,0.0000000000000000e+00,0,0
7927,6727,"Χ_Φ",0.0000000000000000e+00,0.0000000000000000e+00,0,0
7927,6729,"Χ_Φ",0.0000000000000000e+00,0.0000000000000000e+00,0,0
7928,6727,"Χ_Φ",0.0000000000000000e+00,0.0000000000000000e+00,0,0
7928,6729,"Χ_Φ",0.0000000000000000e+00,0.0000000000000000e+00,0,0
7929,6727,"Χ_Φ",0.0000000000000000e+00,0.0000000000000000e+00,0,0
7929,6729,"Χ_Φ",0.0000000000000000e+00,0.0000000000000000e+00,0,0
7930,6727,"Χ_Φ",0.0000000000000000e+00,0.0000000000000000e+00,0,0
7930,6729,"Χ_Φ",0.0000000000000000e+00,0.0000000000000000e+00,0,0
7931,6727,"Χ_Φ",0.0000000000000000e+00,0.0000000000000000e+00,0,0
7931,6729,"Χ_Φ",0.0000000000000000e+00,0.0000000000000000e+00,0,0
7933,6727,"Χ_Φ",0.0000000000000000e+00,0.0000000000000000e+00,0,0
7933,6729,"Χ_Φ",0.0000000000000000e+00,0.0000000000000000e+00,0,0
7934,6727,"Χ_Φ",0.0000000000000000e+00,0.0000000000000000e+00,0,0
7934,6729,"Χ_Φ",0.0000000000000000e+00,0.0000000000000000e+00,0,0
7935,6727,"Χ_Φ",0.0000000000000000e+00,0.0000000000000000e+00,0,0
7935,6729,"Χ_Φ",0.0000000000000000e+00,0.0000000000000000e+00,0,0
7936,6727,"Χ_Φ",0.0000000000000000e+00,0.0000000000000000e+00,0,0
7936,6729,"Χ_Φ",0.0000000000000000e+00,0.0000000000000000e+00,0,0
7937,6727,"Χ_Φ",0.0000000000000000e+00,0.0000000000000000e+00,0,0
7937,6729,"Χ_Φ",0.0000000000000000e+00,0.0000000000000000e+00,0,0
7938,6727,"Χ_Φ",0.0000000000000000e+00,0.0000000000000000e+00,0,0
7938,6729,"Χ_Φ",0.0000000000000000e+00,0.0000000000000000e+00,0,0
7939,6727,"Χ_Φ",0.0000000000000000e+00,0.0000000000000000e+00,0,0
7939,6729,"Χ_Φ",0.0000000000000000e+00,0.0000000000000000e+00,0,0
7940,6727,"Χ_Φ",0.0000000000000000e+00,0.0000000000000000e+00,0,0
7940,6729,"Χ_Φ",0.0000000000000000e+00,0.0000000000000000e+00,0,0
7941,6727,"Χ_Φ",0.0000000000000000e+00,0.0000000000000000e+00,0,0
7941,6729,"Χ_Φ",0.0000000000000000e+00,0.0000000000000000e+00,0,0
7942,6727,"Χ_Φ",0.0000000000000000e+00,0.0000000000000000e+00,0,0
7942,6729,"Χ_Φ",0.0000000000000000e+00,0.0000000000000000e+00,0,0
7943,6727,"Χ_Φ",0.0000000000000000e+00,0.0000000000000000e+00,0,0
7943,6729,"Χ_Φ",0.0000000000000000e+00,0.0000000000000000e+00,0,0
7944,6727,"Χ_Φ",0.0000000000000000e+00,0.0000000000000000e+00,0,0
7944,6729,"Χ_Φ",0.0000000000000000e+00,0.0000000000000000e+00,0,0
7945,6727,"Χ_Φ",0.0000000000000000e+00,0.0000000000000000e+00,0,0
7945,6729,"Χ_Φ",0.0000000000000000e+00,0.0000000000000000e+00,0,0
7946,6727,"Χ_Φ",0.0000000000000000e+00,0.0000000000000000e+00,0,0
7946,6729,"Χ_Φ",0.0000000000000000e+00,0.0000000000000000e+00,0,0
7947,6727,"Χ_Φ",0.0000000000000000e+00,0.0000000000000000e+00,0,0
7947,6729,"Χ_Φ",0.0000000000000000e+00,0.0000000000000000e+00,0,0
7948,6727,"Χ_Φ",0.0000000000000000e+00,0.0000000000000000e+00,0,0
7948,6729,"Χ_Φ",0.0000000000000000e+00,0.0000000000000000e+00,0,0
7949,6727,"Χ_Φ",0.0000000000000000e+00,0.0000000000000000e+00,0,0
7949,6729,"Χ_Φ",0.0000000000000000e+00,0.0000000000000000e+00,0,0
7950,6727,"Χ_Φ",0.0000000000000000e+00,0.0000000000000000e+00,0,0
7950,6729,"Χ_Φ",0.0000000000000000e+00,0.0000000000000000e+00,0,0
7951,6727,"Χ_Φ",0.0000000000000000e+00,0.0000000000000000e+00,0,0
7951,6729,"Χ_Φ",0.0000000000000000e+00,0.0000000000000000e+00,0,0
7952,6727,"Χ_Φ",0.0000000000000000e+00,0.0000000000000000e+00,0,0
7952,6729,"Χ_Φ",0.0000000000000000e+00,0.0000000000000000e+00,0,0
7953,6727,"Χ_Φ",0.0000000000000000e+00,0.0000000000000000e+00,0,0
7953,6729,"Χ_Φ",0.0000000000000000e+00,0.0000000000000000e+00,0,0
7954,6727,"Χ_Φ",0.0000000000000000e+00,0.0000000000000000e+00,0,0
7954,6729,"Χ_Φ",0.0000000000000000e+00,0.0000000000000000e+00,0,0
7955,6727,"Χ_Φ",0.0000000000000000e+00,0.0000000000000000e+00,0,0
7955,6729,"Χ_Φ",0.0000000000000000e+00,0.0000000000000000e+00,0,0
7956,6727,"Χ_Φ",0.0000000000000000e+00,0.0000000000000000e+00,0,0
7956,6729,"Χ_Φ",0.0000000000000000e+00,0.0000000000000000e+00,0,0
7957,6727,"Χ_Φ",0.0000000000000000e+00,0.0000000000000000e+00,0,0
7957,6729,"Χ_Φ",0.0000000000000000e+00,0.0000000000000000e+00,0,0
7964,6727,"Χ_Φ",0.0000000000000000e+00,0.0000000000000000e+00,0,0
7964,6729,"Χ_Φ",0.0000000000000000e+00,0.0000000000000000e+00,0,0
7965,6727,"Χ_Φ",0.0000000000000000e+00,0.0000000000000000e+00,0,0
7965,6729,"Χ_Φ",0.0000000000000000e+00,0.0000000000000000e+00,0,0
7966,6727,"Χ_Φ",0.0000000000000000e+00,0.0000000000000000e+00,0,0
7966,6729,"Χ_Φ",0.0000000000000000e+00,0.0000000000000000e+00,0,0
7967,6727,"Χ_Φ",0.0000000000000000e+00,0.0000000000000000e+00,0,0
7967,6729,"Χ_Φ",0.0000000000000000e+00,0.0000000000000000e+00,0,0
7968,6727,"Χ_Φ",0.0000000000000000e+00,0.0000000000000000e+00,0,0
7968,6729,"Χ_Φ",0.0000000000000000e+00,0.0000000000000000e+00,0,0
7969,6727,"Χ_Φ",0.0000000000000000e+00,0.0000000000000000e+00,0,0
7969,6729,"Χ_Φ",0.0000000000000000e+00,0.0000000000000000e+00,0,0
7975,6727,"Χ_Φ",0.0000000000000000e+00,0.0000000000000000e+00,0,0
7975,6729,"Χ_Φ",0.0000000000000000e+00,0.0000000000000000e+00,0,0
7976,6727,"Χ_Φ",0.0000000000000000e+00,0.0000000000000000e+00,0,0
7976,6729,"Χ_Φ",0.0000000000000000e+00,0.0000000000000000e+00,0,0
7977,6727,"Χ_Φ",0.0000000000000000e+00,0.0000000000000000e+00,0,0
7977,6729,"Χ_Φ",0.0000000000000000e+00,0.0000000000000000e+00,0,0
7978,6727,"Χ_Φ",0.0000000000000000e+00,0.0000000000000000e+00,0,0
7978,6729,"Χ_Φ",0.0000000000000000e+00,0.0000000000000000e+00,0,0
7979,6727,"Χ_Φ",0.0000000000000000e+00,0.0000000000000000e+00,0,0
7979,6729,"Χ_Φ",0.0000000000000000e+00,0.0000000000000000e+00,0,0
7980,6727,"Χ_Φ",0.0000000000000000e+00,0.0000000000000000e+00,0,0
7980,6729,"Χ_Φ",0.0000000000000000e+00,0.0000000000000000e+00,0,0
7983,6727,"Χ_Φ",0.0000000000000000e+00,0.0000000000000000e+00,0,0
7983,6729,"Χ_Φ",0.0000000000000000e+00,0.0000000000000000e+00,0,0
7984,6727,"Χ_Φ",0.0000000000000000e+00,0.0000000000000000e+00,0,0
7984,6729,"Χ_Φ",0.0000000000000000e+00,0.0000000000000000e+00,0,0
7992,6727,"Χ_Φ",0.0000000000000000e+00,0.0000000000000000e+00,0,0
7992,6729,"Χ_Φ",0.0000000000000000e+00,0.0000000000000000e+00,0,0
7994,6727,"Χ_Φ",0.0000000000000000e+00,0.0000000000000000e+00,0,0
7994,6729,"Χ_Φ",0.0000000000000000e+00,0.0000000000000000e+00,0,0
7998,6727,"Χ_Φ",0.0000000000000000e+00,0.0000000000000000e+00,0,0
7998,6729,"Χ_Φ",0.0000000000000000e+00,0.0000000000000000e+00,0,0
7999,6727,"Χ_Φ",0.0000000000000000e+00,0.0000000000000000e+00,0,0
7999,6729,"Χ_Φ",0.0000000000000000e+00,0.0000000000000000e+00,0,0
8000,6727,"Χ_Φ",0.0000000000000000e+00,0.0000000000000000e+00,0,0
8000,6729,"Χ_Φ",0.0000000000000000e+00,0.0000000000000000e+00,0,0
8001,6727,"Χ_Φ",0.0000000000000000e+00,0.0000000000000000e+00,0,0
8001,6729,"Χ_Φ",0.0000000000000000e+00,0.0000000000000000e+00,0,0
8002,6727,"Χ_Φ",0.0000000000000000e+00,0.0000000000000000e+00,0,0
8002,6729,"Χ_Φ",0.0000000000000000e+00,0.0000000000000000e+00,0,0
8003,6727,"Χ_Φ",0.0000000000000000e+00,0.0000000000000000e+00,0,0
8003,6729,"Χ_Φ",0.0000000000000000e+00,0.0000000000000000e+00,0,0
8005,6727,"Χ_Φ",0.0000000000000000e+00,0.0000000000000000e+00,0,0
8005,6729,"Χ_Φ",0.0000000000000000e+00,0.0000000000000000e+00,0,0
8006,6727,"Χ_Φ",0.0000000000000000e+00,0.0000000000000000e+00,0,0
8006,6729,"Χ_Φ",0.0000000000000000e+00,0.0000000000000000e+00,0,0
8011,6727,"Χ_Φ",0.0000000000000000e+00,0.0000000000000000e+00,0,0
8011,6729,"Χ_Φ",0.0000000000000000e+00,0.0000000000000000e+00,0,0
8012,6727,"Χ_Φ",0.0000000000000000e+00,0.0000000000000000e+00,0,0
8012,6729,"Χ_Φ",0.0000000000000000e+00,0.0000000000000000e+00,0,0
8020,6727,"Χ_Φ",0.0000000000000000e+00,0.0000000000000000e+00,0,0
8020,6729,"Χ_Φ",0.0000000000000000e+00,0.0000000000000000e+00,0,0
8021,6727,"Χ_Φ",0.0000000000000000e+00,0.0000000000000000e+00,0,0
8021,6729,"Χ_Φ",0.0000000000000000e+00,0.0000000000000000e+00,0,0
8022,6727,"Χ_Φ",0.0000000000000000e+00,0.0000000000000000e+00,0,0
8022,6729,"Χ_Φ",0.0000000000000000e+00,0.0000000000000000e+00,0,0
8025,6727,"Χ_Φ",0.0000000000000000e+00,0.0000000000000000e+00,0,0
8025,6729,"Χ_Φ",0.0000000000000000e+00,0.0000000000000000e+00,0,0
8029,6727,"Χ_Φ",0.0000000000000000e+00,0.0000000000000000e+00,0,0
8029,6729,"Χ_Φ",0.0000000000000000e+00,0.0000000000000000e+00,0,0
8031,6727,"Χ_Φ",0.0000000000000000e+00,0.0000000000000000e+00,0,0
8031,6729,"Χ_Φ",0.0000000000000000e+00,0.0000000000000000e+00,0,0
8032,6727,"Χ_Φ",0.0000000000000000e+00,0.0000000000000000e+00,0,0
8032,6729,"Χ_Φ",0.0000000000000000e+00,0.0000000000000000e+00,0,0
8033,6727,"Χ_Φ",0.0000000000000000e+00,0.0000000000000000e+00,0,0
8033,6729,"Χ_Φ",0.0000000000000000e+00,0.0000000000000000e+00,0,0
8034,6727,"Χ_Φ",0.0000000000000000e+00,0.0000000000000000e+00,0,0
8034,6729,"Χ_Φ",0.0000000000000000e+00,0.0000000000000000e+00,0,0
8035,6727,"Χ_Φ",0.0000000000000000e+00,0.0000000000000000e+00,0,0
8035,6729,"Χ_Φ",0.0000000000000000e+00,0.0000000000000000e+00,0,0
8037,6727,"Χ_Φ",0.0000000000000000e+00,0.0000000000000000e+00,0,0
8037,6729,"Χ_Φ",0.0000000000000000e+00,0.0000000000000000e+00,0,0
8038,6727,"Χ_Φ",0.0000000000000000e+00,0.0000000000000000e+00,0,0
8038,6729,"Χ_Φ",0.0000000000000000e+00,0.0000000000000000e+00,0,0
8039,6727,"Χ_Φ",0.0000000000000000e+00,0.0000000000000000e+00,0,0
8039,6729,"Χ_Φ",0.0000000000000000e+00,0.0000000000000000e+00,0,0
8040,6727,"Χ_Φ",0.0000000000000000e+00,0.0000000000000000e+00,0,0
8040,6729,"Χ_Φ",0.0000000000000000e+00,0.0000000000000000e+00,0,0
8041,6727,"Χ_Φ",0.0000000000000000e+00,0.0000000000000000e+00,0,0
8041,6729,"Χ_Φ",0.0000000000000000e+00,0.0000000000000000e+00,0,0
8043,6727,"Χ_Φ",0.0000000000000000e+00,0.0000000000000000e+00,0,0
8043,6729,"Χ_Φ",0.0000000000000000e+00,0.0000000000000000e+00,0,0
8045,6727,"Χ_Φ",0.0000000000000000e+00,0.0000000000000000e+00,0,0
8045,6729,"Χ_Φ",0.0000000000000000e+00,0.0000000000000000e+00,0,0
8046,6727,"Χ_Φ",0.0000000000000000e+00,0.0000000000000000e+00,0,0
8046,6729,"Χ_Φ",0.0000000000000000e+00,0.0000000000000000e+00,0,0
8048,6727,"Χ_Φ",0.0000000000000000e+00,0.0000000000000000e+00,0,0
8048,6729,"Χ_Φ",0.0000000000000000e+00,0.0000000000000000e+00,0,0
8073,6727,"Χ_Φ",0.0000000000000000e+00,0.0000000000000000e+00,0,0
8073,6729,"Χ_Φ",0.0000000000000000e+00,0.0000000000000000e+00,0,0
8082,6727,"Χ_Φ",0.0000000000000000e+00,0.0000000000000000e+00,0,0
8082,6729,"Χ_Φ",0.0000000000000000e+00,0.0000000000000000e+00,0,0
8083,6727,"Χ_Φ",0.0000000000000000e+00,0.0000000000000000e+00,0,0
8083,6729,"Χ_Φ",0.0000000000000000e+00,0.0000000000000000e+00,0,0
8100,6727,"Χ_Φ",0.0000000000000000e+00,0.0000000000000000e+00,0,0
8100,6729,"Χ_Φ",0.0000000000000000e+00,0.0000000000000000e+00,0,0
8101,6727,"Χ_Φ",0.0000000000000000e+00,0.0000000000000000e+00,0,0
8101,6729,"Χ_Φ",0.0000000000000000e+00,0.0000000000000000e+00,0,0
8102,6727,"Χ_Φ",0.0000000000000000e+00,0.0000000000000000e+00,0,0
8102,6729,"Χ_Φ",0.0000000000000000e+00,0.0000000000000000e+00,0,0
8103,6727,"Χ_Φ",0.0000000000000000e+00,0.0000000000000000e+00,0,0
8103,6729,"Χ_Φ",0.0000000000000000e+00,0.0000000000000000e+00,0,0
8105,6727,"Χ_Φ",0.0000000000000000e+00,0.0000000000000000e+00,0,0
8105,6729,"Χ_Φ",0.0000000000000000e+00,0.0000000000000000e+00,0,0
8106,6727,"Χ_Φ",0.0000000000000000e+00,0.0000000000000000e+00,0,0
8106,6729,"Χ_Φ",0.0000000000000000e+00,0.0000000000000000e+00,0,0
8109,6727,"Χ_Φ",0.0000000000000000e+00,0.0000000000000000e+00,0,0
8109,6729,"Χ_Φ",0.0000000000000000e+00,0.0000000000000000e+00,0,0
8115,6727,"Χ_Φ",0.0000000000000000e+00,0.0000000000000000e+00,0,0
8115,6729,"Χ_Φ",0.0000000000000000e+00,0.0000000000000000e+00,0,0
8121,6727,"Χ_Φ",0.0000000000000000e+00,0.0000000000000000e+00,0,0
8121,6729,"Χ_Φ",0.0000000000000000e+00,0.0000000000000000e+00,0,0
8123,6727,"Χ_Φ",0.0000000000000000e+00,0.0000000000000000e+00,0,0
8123,6729,"Χ_Φ",0.0000000000000000e+00,0.0000000000000000e+00,0,0
8124,6727,"Χ_Φ",0.0000000000000000e+00,0.0000000000000000e+00,0,0
8124,6729,"Χ_Φ",0.0000000000000000e+00,0.0000000000000000e+00,0,0
8125,6727,"Χ_Φ",0.0000000000000000e+00,0.0000000000000000e+00,0,0
8125,6729,"Χ_Φ",0.0000000000000000e+00,0.0000000000000000e+00,0,0
8126,6727,"Χ_Φ",0.0000000000000000e+00,0.0000000000000000e+00,0,0
8126,6729,"Χ_Φ",0.0000000000000000e+00,0.0000000000000000e+00,0,0
8127,6727,"Χ_Φ",0.0000000000000000e+00,0.0000000000000000e+00,0,0
8127,6729,"Χ_Φ",0.0000000000000000e+00,0.0000000000000000e+00,0,0
8128,6727,"Χ_Φ",0.0000000000000000e+00,0.0000000000000000e+00,0,0
8128,6729,"Χ_Φ",0.0000000000000000e+00,0.0000000000000000e+00,0,0
8129,6727,"Χ_Φ",0.0000000000000000e+00,0.0000000000000000e+00,0,0
8129,6729,"Χ_Φ",0.0000000000000000e+00,0.0000000000000000e+00,0,0
8130,6727,"Χ_Φ",0.0000000000000000e+00,0.0000000000000000e+00,0,0
8130,6729,"Χ_Φ",0.0000000000000000e+00,0.0000000000000000e+00,0,0
8131,6727,"Χ_Φ",0.0000000000000000e+00,0.0000000000000000e+00,0,0
8131,6729,"Χ_Φ",0.0000000000000000e+00,0.0000000000000000e+00,0,0
8132,6727,"Χ_Φ",0.0000000000000000e+00,0.0000000000000000e+00,0,0
8132,6729,"Χ_Φ",0.0000000000000000e+00,0.0000000000000000e+00,0,0
8133,6727,"Χ_Φ",0.0000000000000000e+00,0.0000000000000000e+00,0,0
8133,6729,"Χ_Φ",0.0000000000000000e+00,0.0000000000000000e+00,0,0
8134,6727,"Χ_Φ",0.0000000000000000e+00,0.0000000000000000e+00,0,0
8134,6729,"Χ_Φ",0.0000000000000000e+00,0.0000000000000000e+00,0,0
8135,6727,"Χ_Φ",0.0000000000000000e+00,0.0000000000000000e+00,0,0
8135,6729,"Χ_Φ",0.0000000000000000e+00,0.0000000000000000e+00,0,0
8137,6727,"Χ_Φ",0.0000000000000000e+00,0.0000000000000000e+00,0,0
8137,6729,"Χ_Φ",0.0000000000000000e+00,0.0000000000000000e+00,0,0
8138,6727,"Χ_Φ",0.0000000000000000e+00,0.0000000000000000e+00,0,0
8138,6729,"Χ_Φ",0.0000000000000000e+00,0.0000000000000000e+00,0,0
8140,6727,"Χ_Φ",0.0000000000000000e+00,0.0000000000000000e+00,0,0
8140,6729,"Χ_Φ",0.0000000000000000e+00,0.0000000000000000e+00,0,0
8141,6727,"Χ_Φ",0.0000000000000000e+00,0.0000000000000000e+00,0,0
8141,6729,"Χ_Φ",0.0000000000000000e+00,0.0000000000000000e+00,0,0
8142,6727,"Χ_Φ",0.0000000000000000e+00,0.0000000000000000e+00,0,0
8142,6729,"Χ_Φ",0.0000000000000000e+00,0.0000000000000000e+00,0,0
8143,6727,"Χ_Φ",0.0000000000000000e+00,0.0000000000000000e+00,0,0
8143,6729,"Χ_Φ",0.0000000000000000e+00,0.0000000000000000e+00,0,0
8144,6727,"Χ_Φ",0.0000000000000000e+00,0.0000000000000000e+00,0,0
8144,6729,"Χ_Φ",0.0000000000000000e+00,0.0000000000000000e+00,0,0
8146,6727,"Χ_Φ",0.0000000000000000e+00,0.0000000000000000e+00,0,0
8146,6729,"Χ_Φ",0.0000000000000000e+00,0.0000000000000000e+00,0,0
8147,6727,"Χ_Φ",0.0000000000000000e+00,0.0000000000000000e+00,0,0
8147,6729,"Χ_Φ",0.0000000000000000e+00,0.0000000000000000e+00,0,0
8148,6727,"Χ_Φ",0.0000000000000000e+00,0.0000000000000000e+00,0,0
8148,6729,"Χ_Φ",0.0000000000000000e+00,0.0000000000000000e+00,0,0
8149,6727,"Χ_Φ",0.0000000000000000e+00,0.0000000000000000e+00,0,0
8149,6729,"Χ_Φ",0.0000000000000000e+00,0.0000000000000000e+00,0,0
8150,6727,"Χ_Φ",0.0000000000000000e+00,0.0000000000000000e+00,0,0
8150,6729,"Χ_Φ",0.0000000000000000e+00,0.0000000000000000e+00,0,0
8151,6727,"Χ_Φ",0.0000000000000000e+00,0.0000000000000000e+00,0,0
8151,6729,"Χ_Φ",0.0000000000000000e+00,0.0000000000000000e+00,0,0
8152,6727,"Χ_Φ",0.0000000000000000e+00,0.0000000000000000e+00,0,0
8152,6729,"Χ_Φ",0.0000000000000000e+00,0.0000000000000000e+00,0,0
8153,6727,"Χ_Φ",0.0000000000000000e+00,0.0000000000000000e+00,0,0
8153,6729,"Χ_Φ",0.0000000000000000e+00,0.0000000000000000e+00,0,0
8154,6727,"Χ_Φ",0.0000000000000000e+00,0.0000000000000000e+00,0,0
8154,6729,"Χ_Φ",0.0000000000000000e+00,0.0000000000000000e+00,0,0
8155,6727,"Χ_Φ",0.0000000000000000e+00,0.0000000000000000e+00,0,0
8155,6729,"Χ_Φ",0.0000000000000000e+00,0.0000000000000000e+00,0,0
8156,6727,"Χ_Φ",0.0000000000000000e+00,0.0000000000000000e+00,0,0
8156,6729,"Χ_Φ",0.0000000000000000e+00,0.0000000000000000e+00,0,0
8157,6727,"Χ_Φ",0.0000000000000000e+00,0.0000000000000000e+00,0,0
8157,6729,"Χ_Φ",0.0000000000000000e+00,0.0000000000000000e+00,0,0
8158,6727,"Χ_Φ",0.0000000000000000e+00,0.0000000000000000e+00,0,0
8158,6729,"Χ_Φ",0.0000000000000000e+00,0.0000000000000000e+00,0,0
8159,6727,"Χ_Φ",0.0000000000000000e+00,0.0000000000000000e+00,0,0
8159,6729,"Χ_Φ",0.0000000000000000e+00,0.0000000000000000e+00,0,0
8160,6727,"Χ_Φ",0.0000000000000000e+00,0.0000000000000000e+00,0,0
8160,6729,"Χ_Φ",0.0000000000000000e+00,0.0000000000000000e+00,0,0
8161,6727,"Χ_Φ",0.0000000000000000e+00,0.0000000000000000e+00,0,0
8161,6729,"Χ_Φ",0.0000000000000000e+00,0.0000000000000000e+00,0,0
8162,6727,"Χ_Φ",0.0000000000000000e+00,0.0000000000000000e+00,0,0
8162,6729,"Χ_Φ",0.0000000000000000e+00,0.0000000000000000e+00,0,0
8163,6727,"Χ_Φ",0.0000000000000000e+00,0.0000000000000000e+00,0,0
8163,6729,"Χ_Φ",0.0000000000000000e+00,0.0000000000000000e+00,0,0
8164,6727,"Χ_Φ",0.0000000000000000e+00,0.0000000000000000e+00,0,0
8164,6729,"Χ_Φ",0.0000000000000000e+00,0.0000000000000000e+00,0,0
8165,6727,"Χ_Φ",0.0000000000000000e+00,0.0000000000000000e+00,0,0
8165,6729,"Χ_Φ",0.0000000000000000e+00,0.0000000000000000e+00,0,0
8166,6727,"Χ_Φ",0.0000000000000000e+00,0.0000000000000000e+00,0,0
8166,6729,"Χ_Φ",0.0000000000000000e+00,0.0000000000000000e+00,0,0
8167,6727,"Χ_Φ",0.0000000000000000e+00,0.0000000000000000e+00,0,0
8167,6729,"Χ_Φ",0.0000000000000000e+00,0.0000000000000000e+00,0,0
8168,6727,"Χ_Φ",0.0000000000000000e+00,0.0000000000000000e+00,0,0
8168,6729,"Χ_Φ",0.0000000000000000e+00,0.0000000000000000e+00,0,0
8169,6727,"Χ_Φ",0.0000000000000000e+00,0.0000000000000000e+00,0,0
8169,6729,"Χ_Φ",0.0000000000000000e+00,0.0000000000000000e+00,0,0
8170,6727,"Χ_Φ",0.0000000000000000e+00,0.0000000000000000e+00,0,0
8170,6729,"Χ_Φ",0.0000000000000000e+00,0.0000000000000000e+00,0,0
8171,6727,"Χ_Φ",0.0000000000000000e+00,0.0000000000000000e+00,0,0
8171,6729,"Χ_Φ",0.0000000000000000e+00,0.0000000000000000e+00,0,0
8172,6727,"Χ_Φ",0.0000000000000000e+00,0.0000000000000000e+00,0,0
8172,6729,"Χ_Φ",0.0000000000000000e+00,0.0000000000000000e+00,0,0
8173,6727,"Χ_Φ",0.0000000000000000e+00,0.0000000000000000e+00,0,0
8173,6729,"Χ_Φ",0.0000000000000000e+00,0.0000000000000000e+00,0,0
8174,6727,"Χ_Φ",0.0000000000000000e+00,0.0000000000000000e+00,0,0
8174,6729,"Χ_Φ",0.0000000000000000e+00,0.0000000000000000e+00,0,0
8175,6727,"Χ_Φ",0.0000000000000000e+00,0.0000000000000000e+00,0,0
8175,6729,"Χ_Φ",0.0000000000000000e+00,0.0000000000000000e+00,0,0
8176,6727,"Χ_Φ",0.0000000000000000e+00,0.0000000000000000e+00,0,0
8176,6729,"Χ_Φ",0.0000000000000000e+00,0.0000000000000000e+00,0,0
8177,6727,"Χ_Φ",0.0000000000000000e+00,0.0000000000000000e+00,0,0
8177,6729,"Χ_Φ",0.0000000000000000e+00,0.0000000000000000e+00,0,0
8178,6727,"Χ_Φ",0.0000000000000000e+00,0.0000000000000000e+00,0,0
8178,6729,"Χ_Φ",0.0000000000000000e+00,0.0000000000000000e+00,0,0
8179,6727,"Χ_Φ",0.0000000000000000e+00,0.0000000000000000e+00,0,0
8179,6729,"Χ_Φ",0.0000000000000000e+00,0.0000000000000000e+00,0,0
8180,6727,"Χ_Φ",0.0000000000000000e+00,0.0000000000000000e+00,0,0
8180,6729,"Χ_Φ",0.0000000000000000e+00,0.0000000000000000e+00,0,0
8181,6727,"Χ_Φ",0.0000000000000000e+00,0.0000000000000000e+00,0,0
8181,6729,"Χ_Φ",0.0000000000000000e+00,0.0000000000000000e+00,0,0
8182,6727,"Χ_Φ",0.0000000000000000e+00,0.0000000000000000e+00,0,0
8182,6729,"Χ_Φ",0.0000000000000000e+00,0.0000000000000000e+00,0,0
8183,6727,"Χ_Φ",0.0000000000000000e+00,0.0000000000000000e+00,0,0
8183,6729,"Χ_Φ",0.0000000000000000e+00,0.0000000000000000e+00,0,0
8184,6727,"Χ_Φ",0.0000000000000000e+00,0.0000000000000000e+00,0,0
8184,6729,"Χ_Φ",0.0000000000000000e+00,0.0000000000000000e+00,0,0
8185,6727,"Χ_Φ",0.0000000000000000e+00,0.0000000000000000e+00,0,0
8185,6729,"Χ_Φ",0.0000000000000000e+00,0.0000000000000000e+00,0,0
8186,6727,"Χ_Φ",0.0000000000000000e+00,0.0000000000000000e+00,0,0
8186,6729,"Χ_Φ",0.0000000000000000e+00,0.0000000000000000e+00,0,0
8187,6727,"Χ_Φ",0.0000000000000000e+00,0.0000000000000000e+00,0,0
8187,6729,"Χ_Φ",0.0000000000000000e+00,0.0000000000000000e+00,0,0
8188,6727,"Χ_Φ",0.0000000000000000e+00,0.0000000000000000e+00,0,0
8188,6729,"Χ_Φ",0.0000000000000000e+00,0.0000000000000000e+00,0,0
8189,6727,"Χ_Φ",0.0000000000000000e+00,0.0000000000000000e+00,0,0
8189,6729,"Χ_Φ",0.0000000000000000e+00,0.0000000000000000e+00,0,0
8190,6727,"Χ_Φ",0.0000000000000000e+00,0.0000000000000000e+00,0,0
8190,6729,"Χ_Φ",0.0000000000000000e+00,0.0000000000000000e+00,0,0
8191,6727,"Χ_Φ",0.0000000000000000e+00,0.0000000000000000e+00,0,0
8191,6729,"Χ_Φ",0.0000000000000000e+00,0.0000000000000000e+00,0,0
8192,6727,"Χ_Φ",0.0000000000000000e+00,0.0000000000000000e+00,0,0
8192,6729,"Χ_Φ",0.0000000000000000e+00,0.0000000000000000e+00,0,0
8193,6727,"Χ_Φ",0.0000000000000000e+00,0.0000000000000000e+00,0,0
8193,6729,"Χ_Φ",0.0000000000000000e+00,0.0000000000000000e+00,0,0
8194,6727,"Χ_Φ",0.0000000000000000e+00,0.0000000000000000e+00,0,0
8194,6729,"Χ_Φ",0.0000000000000000e+00,0.0000000000000000e+00,0,0
8195,6727,"Χ_Φ",0.0000000000000000e+00,0.0000000000000000e+00,0,0
8195,6729,"Χ_Φ",0.0000000000000000e+00,0.0000000000000000e+00,0,0
8196,6727,"Χ_Φ",0.0000000000000000e+00,0.0000000000000000e+00,0,0
8196,6729,"Χ_Φ",0.0000000000000000e+00,0.0000000000000000e+00,0,0
8197,6727,"Χ_Φ",0.0000000000000000e+00,0.0000000000000000e+00,0,0
8197,6729,"Χ_Φ",0.0000000000000000e+00,0.0000000000000000e+00,0,0
8198,6727,"Χ_Φ",0.0000000000000000e+00,0.0000000000000000e+00,0,0
8198,6729,"Χ_Φ",0.0000000000000000e+00,0.0000000000000000e+00,0,0
8199,6727,"Χ_Φ",0.0000000000000000e+00,0.0000000000000000e+00,0,0
8199,6729,"Χ_Φ",0.0000000000000000e+00,0.0000000000000000e+00,0,0
8200,6727,"Χ_Φ",0.0000000000000000e+00,0.0000000000000000e+00,0,0
8200,6729,"Χ_Φ",0.0000000000000000e+00,0.0000000000000000e+00,0,0
8201,6727,"Χ_Φ",0.0000000000000000e+00,0.0000000000000000e+00,0,0
8201,6729,"Χ_Φ",0.0000000000000000e+00,0.0000000000000000e+00,0,0
8202,6727,"Χ_Φ",0.0000000000000000e+00,0.0000000000000000e+00,0,0
8202,6729,"Χ_Φ",0.0000000000000000e+00,0.0000000000000000e+00,0,0
8203,6727,"Χ_Φ",0.0000000000000000e+00,0.0000000000000000e+00,0,0
8203,6729,"Χ_Φ",0.0000000000000000e+00,0.0000000000000000e+00,0,0
8204,6727,"Χ_Φ",0.0000000000000000e+00,0.0000000000000000e+00,0,0
8204,6729,"Χ_Φ",0.0000000000000000e+00,0.0000000000000000e+00,0,0
8205,6727,"Χ_Φ",0.0000000000000000e+00,0.0000000000000000e+00,0,0
8205,6729,"Χ_Φ",0.0000000000000000e+00,0.0000000000000000e+00,0,0
8206,6727,"Χ_Φ",0.0000000000000000e+00,0.0000000000000000e+00,0,0
8206,6729,"Χ_Φ",0.0000000000000000e+00,0.0000000000000000e+00,0,0
8207,6727,"Χ_Φ",0.0000000000000000e+00,0.0000000000000000e+00,0,0
8207,6729,"Χ_Φ",0.0000000000000000e+00,0.0000000000000000e+00,0,0
8208,6727,"Χ_Φ",0.0000000000000000e+00,0.0000000000000000e+00,0,0
8208,6729,"Χ_Φ",0.0000000000000000e+00,0.0000000000000000e+00,0,0
8209,6727,"Χ_Φ",0.0000000000000000e+00,0.0000000000000000e+00,0,0
8209,6729,"Χ_Φ",0.0000000000000000e+00,0.0000000000000000e+00,0,0
8210,6727,"Χ_Φ",0.0000000000000000e+00,0.0000000000000000e+00,0,0
8210,6729,"Χ_Φ",0.0000000000000000e+00,0.0000000000000000e+00,0,0
8211,6727,"Χ_Φ",0.0000000000000000e+00,0.0000000000000000e+00,0,0
8211,6729,"Χ_Φ",0.0000000000000000e+00,0.0000000000000000e+00,0,0
8212,6727,"Χ_Φ",0.0000000000000000e+00,0.0000000000000000e+00,0,0
8212,6729,"Χ_Φ",0.0000000000000000e+00,0.0000000000000000e+00,0,0
8213,6727,"Χ_Φ",0.0000000000000000e+00,0.0000000000000000e+00,0,0
8213,6729,"Χ_Φ",0.0000000000000000e+00,0.0000000000000000e+00,0,0
8214,6727,"Χ_Φ",0.0000000000000000e+00,0.0000000000000000e+00,0,0
8214,6729,"Χ_Φ",0.0000000000000000e+00,0.0000000000000000e+00,0,0
8215,6727,"Χ_Φ",0.0000000000000000e+00,0.0000000000000000e+00,0,0
8215,6729,"Χ_Φ",0.0000000000000000e+00,0.0000000000000000e+00,0,0
8216,6727,"Χ_Φ",0.0000000000000000e+00,0.0000000000000000e+00,0,0
8216,6729,"Χ_Φ",0.0000000000000000e+00,0.0000000000000000e+00,0,0
8217,6727,"Χ_Φ",0.0000000000000000e+00,0.0000000000000000e+00,0,0
8217,6729,"Χ_Φ",0.0000000000000000e+00,0.0000000000000000e+00,0,0
8218,6727,"Χ_Φ",0.0000000000000000e+00,0.0000000000000000e+00,0,0
8218,6729,"Χ_Φ",0.0000000000000000e+00,0.0000000000000000e+00,0,0
8219,6727,"Χ_Φ",0.0000000000000000e+00,0.0000000000000000e+00,0,0
8219,6729,"Χ_Φ",0.0000000000000000e+00,0.0000000000000000e+00,0,0
8220,6727,"Χ_Φ",0.0000000000000000e+00,0.0000000000000000e+00,0,0
8220,6729,"Χ_Φ",0.0000000000000000e+00,0.0000000000000000e+00,0,0
8248,6727,"Χ_Φ",0.0000000000000000e+00,0.0000000000000000e+00,0,0
8248,6729,"Χ_Φ",0.0000000000000000e+00,0.0000000000000000e+00,0,0
8249,6727,"Χ_Φ",0.0000000000000000e+00,0.0000000000000000e+00,0,0
8249,6729,"Χ_Φ",0.0000000000000000e+00,0.0000000000000000e+00,0,0
8252,6727,"Χ_Φ",0.0000000000000000e+00,0.0000000000000000e+00,0,0
8252,6729,"Χ_Φ",0.0000000000000000e+00,0.0000000000000000e+00,0,0
8253,6727,"Χ_Φ",0.0000000000000000e+00,0.0000000000000000e+00,0,0
8253,6729,"Χ_Φ",0.0000000000000000e+00,0.0000000000000000e+00,0,0
8254,6727,"Χ_Φ",0.0000000000000000e+00,0.0000000000000000e+00,0,0
8254,6729,"Χ_Φ",0.0000000000000000e+00,0.0000000000000000e+00,0,0
8255,6727,"Χ_Φ",0.0000000000000000e+00,0.0000000000000000e+00,0,0
8255,6729,"Χ_Φ",0.0000000000000000e+00,0.0000000000000000e+00,0,0
8256,6727,"Χ_Φ",0.0000000000000000e+00,0.0000000000000000e+00,0,0
8256,6729,"Χ_Φ",0.0000000000000000e+00,0.0000000000000000e+00,0,0
8265,6727,"Χ_Φ",0.0000000000000000e+00,0.0000000000000000e+00,0,0
8265,6729,"Χ_Φ",0.0000000000000000e+00,0.0000000000000000e+00,0,0
8266,6727,"Χ_Φ",0.0000000000000000e+00,0.0000000000000000e+00,0,0
8266,6729,"Χ_Φ",0.0000000000000000e+00,0.0000000000000000e+00,0,0
8268,6727,"Χ_Φ",0.0000000000000000e+00,0.0000000000000000e+00,0,0
8268,6729,"Χ_Φ",0.0000000000000000e+00,0.0000000000000000e+00,0,0
8272,6727,"Χ_Φ",0.0000000000000000e+00,0.0000000000000000e+00,0,0
8272,6729,"Χ_Φ",0.0000000000000000e+00,0.0000000000000000e+00,0,0
8273,6727,"Χ_Φ",0.0000000000000000e+00,0.0000000000000000e+00,0,0
8273,6729,"Χ_Φ",0.0000000000000000e+00,0.0000000000000000e+00,0,0
8274,6727,"Χ_Φ",0.0000000000000000e+00,0.0000000000000000e+00,0,0
8274,6729,"Χ_Φ",0.0000000000000000e+00,0.0000000000000000e+00,0,0
8275,6727,"Χ_Φ",0.0000000000000000e+00,0.0000000000000000e+00,0,0
8275,6729,"Χ_Φ",0.0000000000000000e+00,0.0000000000000000e+00,0,0
8279,6727,"Χ_Φ",0.0000000000000000e+00,0.0000000000000000e+00,0,0
8279,6729,"Χ_Φ",0.0000000000000000e+00,0.0000000000000000e+00,0,0
8280,6727,"Χ_Φ",0.0000000000000000e+00,0.0000000000000000e+00,0,0
8280,6729,"Χ_Φ",0.0000000000000000e+00,0.0000000000000000e+00,0,0
8285,6727,"Χ_Φ",0.0000000000000000e+00,0.0000000000000000e+00,0,0
8285,6729,"Χ_Φ",0.0000000000000000e+00,0.0000000000000000e+00,0,0
8286,6727,"Χ_Φ",0.0000000000000000e+00,0.0000000000000000e+00,0,0
8286,6729,"Χ_Φ",0.0000000000000000e+00,0.0000000000000000e+00,0,0
8289,6727,"Χ_Φ",0.0000000000000000e+00,0.0000000000000000e+00,0,0
8289,6729,"Χ_Φ",0.0000000000000000e+00,0.0000000000000000e+00,0,0
8298,6727,"Χ_Φ",0.0000000000000000e+00,0.0000000000000000e+00,0,0
8298,6729,"Χ_Φ",0.0000000000000000e+00,0.0000000000000000e+00,0,0
8306,6727,"Χ_Φ",0.0000000000000000e+00,0.0000000000000000e+00,0,0
8306,6729,"Χ_Φ",0.0000000000000000e+00,0.0000000000000000e+00,0,0
8311,6727,"Χ_Φ",0.0000000000000000e+00,0.0000000000000000e+00,0,0
8311,6729,"Χ_Φ",0.0000000000000000e+00,0.0000000000000000e+00,0,0
8312,6727,"Χ_Φ",0.0000000000000000e+00,0.0000000000000000e+00,0,0
8312,6729,"Χ_Φ",0.0000000000000000e+00,0.0000000000000000e+00,0,0
