IdMachineMaintanceAfter,IdMachine,IdMaintanceAfter,IdMaintanceDate
3,"11",3,"12/10/06 00:00:00"
4,"68",3,"05/15/05 00:00:00"
5,"17",5,"04/30/03 00:00:00"
6,"12",3,"10/30/11 00:00:00"
11,"19",9,"06/30/04 00:00:00"
12,"02",5,"03/15/04 00:00:00"
13,"02",3,"05/01/05 00:00:00"
14,"02",14,"04/20/05 00:00:00"
15,"02",12,"07/01/06 00:00:00"
19,"23",13,"04/20/05 00:00:00"
20,"69",1,"05/27/05 00:00:00"
23,"02",3,"03/15/06 00:00:00"
24,"02",11,"03/15/06 00:00:00"
25,"02",3,"06/20/06 00:00:00"
26,"02",11,"02/08/07 00:00:00"
28,"07",11,"06/20/06 00:00:00"
38,"16",5,"12/25/05 00:00:00"
43,"24",9,"03/15/06 00:00:00"
44,"25",3,"03/15/06 00:00:00"
45,"25",9,"03/15/06 00:00:00"
46,"25",11,"03/15/06 00:00:00"
47,"28",12,"06/15/06 00:00:00"
48,"30",13,"03/15/06 00:00:00"
49,"30",11,"03/15/06 00:00:00"
51,"33",10,"12/10/06 00:00:00"
52,"33",9,"12/10/06 00:00:00"
53,"34",13,"06/25/06 00:00:00"
54,"37",17,"10/10/06 00:00:00"
55,"48",11,"03/15/06 00:00:00"
56,"50",1,"10/15/05 00:00:00"
57,"54",12,"06/15/06 00:00:00"
58,"55",17,"07/10/06 00:00:00"
59,"56",17,"07/10/06 00:00:00"
60,"57",9,"06/25/06 00:00:00"
61,"58",12,"01/30/07 00:00:00"
62,"67",10,"06/25/06 00:00:00"
64,"68",3,"03/15/06 00:00:00"
65,"68",13,"03/15/06 00:00:00"
66,"72",13,"03/15/06 00:00:00"
67,"75",11,"06/25/06 00:00:00"
68,"75",8,"06/25/06 00:00:00"
69,"75",14,"03/15/06 00:00:00"
70,"08",11,"06/25/06 00:00:00"
72,"08",12,"06/15/06 00:00:00"
73,"08",14,"10/15/05 00:00:00"
75,"07",3,"06/20/06 00:00:00"
81,"07",8,"09/20/06 00:00:00"
82,"08",3,"11/20/06 00:00:00"
83,"08",8,"09/20/06 00:00:00"
84,"09",3,"06/20/06 00:00:00"
85,"09",13,"06/20/06 00:00:00"
86,"09",11,"06/20/06 00:00:00"
88,"11",11,"02/08/07 00:00:00"
89,"13",13,"06/20/06 00:00:00"
90,"13",9,"06/20/06 00:00:00"
91,"15",3,"06/20/06 00:00:00"
92,"17",3,"06/20/06 00:00:00"
93,"20",3,"06/20/06 00:00:00"
95,"22",13,"10/20/06 00:00:00"
96,"24",9,"08/20/06 00:00:00"
97,"41",11,"02/08/07 00:00:00"
98,"67",9,"06/25/06 00:00:00"
102,"07",12,"06/15/06 00:00:00"
105,"64",13,"02/08/07 00:00:00"
107,"07",14,"07/20/06 00:00:00"
109,"02",12,"01/30/07 00:00:00"
110,"07",3,"10/20/06 00:00:00"
111,"07",11,"10/20/06 00:00:00"
112,"08",11,"02/08/07 00:00:00"
113,"09",3,"10/25/06 00:00:00"
114,"09",13,"10/25/06 00:00:00"
115,"09",11,"10/25/06 00:00:00"
116,"11",3,"02/08/07 00:00:00"
117,"13",13,"10/25/06 00:00:00"
118,"13",9,"02/08/07 00:00:00"
119,"15",3,"10/25/06 00:00:00"
120,"17",3,"10/25/06 00:00:00"
121,"20",3,"10/25/06 00:00:00"
122,"30",13,"08/25/06 00:00:00"
123,"30",11,"10/25/06 00:00:00"
124,"33",10,"02/08/07 00:00:00"
125,"33",9,"02/08/07 00:00:00"
126,"34",13,"10/25/06 00:00:00"
127,"40",13,"08/25/06 00:00:00"
128,"48",11,"10/25/06 00:00:00"
129,"51",13,"08/25/06 00:00:00"
130,"51",11,"10/25/06 00:00:00"
131,"57",9,"02/08/07 00:00:00"
132,"67",10,"08/25/06 00:00:00"
133,"67",9,"02/08/07 00:00:00"
134,"08",15,"09/25/06 00:00:00"
135,"04",11,"10/20/06 00:00:00"
136,"05",17,"04/10/06 00:00:00"
139,"58",17,"11/05/06 00:00:00"
140,"06",13,"02/08/07 00:00:00"
141,"06",13,"09/24/07 00:00:00"
143,"02",3,"02/08/07 00:00:00"
144,"07",3,"12/10/06 00:00:00"
145,"07",11,"02/08/08 00:00:00"
146,"08",3,"12/10/06 00:00:00"
147,"08",11,"12/10/06 00:00:00"
148,"09",3,"02/08/07 00:00:00"
149,"09",13,"02/08/07 00:00:00"
150,"09",11,"02/08/07 00:00:00"
151,"13",13,"02/08/07 00:00:00"
152,"15",3,"02/08/07 00:00:00"
153,"17",3,"02/08/07 00:00:00"
154,"20",3,"02/08/07 00:00:00"
155,"22",13,"02/08/07 00:00:00"
156,"30",13,"12/10/06 00:00:00"
157,"34",13,"02/08/07 00:00:00"
158,"48",11,"02/08/07 00:00:00"
159,"51",11,"02/08/07 00:00:00"
160,"67",10,"02/08/07 00:00:00"
162,"90",3,"02/08/07 00:00:00"
163,"68",3,"02/08/07 00:00:00"
164,"68",13,"02/08/07 00:00:00"
165,"07",3,"02/08/07 00:00:00"
166,"07",12,"01/30/07 00:00:00"
167,"08",12,"01/30/07 00:00:00"
168,"17",16,"01/20/07 00:00:00"
169,"25",3,"02/08/07 00:00:00"
170,"25",9,"02/08/07 00:00:00"
171,"30",13,"02/08/07 00:00:00"
172,"30",11,"02/08/07 00:00:00"
173,"37",11,"02/08/07 00:00:00"
174,"38",11,"02/08/07 00:00:00"
175,"40",11,"02/08/07 00:00:00"
176,"42",11,"02/08/07 00:00:00"
177,"52",11,"02/08/07 00:00:00"
178,"55",11,"02/08/07 00:00:00"
179,"56",11,"02/08/07 00:00:00"
180,"37",17,"02/08/07 00:00:00"
181,"02",3,"03/25/07 00:00:00"
182,"02",11,"03/25/07 00:00:00"
183,"07",13,"03/25/07 00:00:00"
184,"09",5,"03/30/07 00:00:00"
185,"09",3,"03/25/07 00:00:00"
186,"09",13,"03/25/07 00:00:00"
187,"11",3,"03/25/07 00:00:00"
188,"11",11,"03/25/07 00:00:00"
189,"11",11,"09/24/07 00:00:00"
190,"13",13,"03/25/07 00:00:00"
191,"13",9,"03/25/07 00:00:00"
192,"15",3,"03/25/07 00:00:00"
193,"17",3,"03/25/07 00:00:00"
194,"20",3,"03/25/07 00:00:00"
195,"22",13,"03/25/07 00:00:00"
196,"30",13,"03/30/10 00:00:00"
197,"30",11,"03/25/07 00:00:00"
198,"33",9,"03/25/07 00:00:00"
199,"33",10,"03/25/07 00:00:00"
200,"34",13,"03/25/07 00:00:00"
201,"37",20,"03/30/07 00:00:00"
202,"38",11,"03/25/07 00:00:00"
203,"40",11,"03/25/07 00:00:00"
204,"41",11,"03/25/07 00:00:00"
205,"42",11,"03/25/07 00:00:00"
206,"48",11,"03/25/07 00:00:00"
207,"51",11,"03/25/07 00:00:00"
208,"55",11,"03/25/07 00:00:00"
209,"56",11,"03/25/07 00:00:00"
210,"57",9,"03/25/07 00:00:00"
211,"64",13,"03/25/07 00:00:00"
212,"67",10,"03/25/07 00:00:00"
213,"67",9,"03/25/07 00:00:00"
214,"68",3,"03/25/07 00:00:00"
215,"68",13,"03/25/07 00:00:00"
216,"07",12,"08/10/07 00:00:00"
217,"08",12,"08/10/07 00:00:00"
218,"02",12,"08/10/07 00:00:00"
219,"58",12,"08/10/07 00:00:00"
220,"54",12,"08/10/07 00:00:00"
221,"75",12,"08/10/07 00:00:00"
222,"28",12,"08/10/07 00:00:00"
223,"04",11,"09/24/07 00:00:00"
224,"11",3,"09/24/07 00:00:00"
225,"114",13,"09/24/07 00:00:00"
226,"114",19,"09/24/07 00:00:00"
227,"115",11,"09/24/07 00:00:00"
228,"13",9,"09/24/07 00:00:00"
229,"13",13,"09/24/07 00:00:00"
230,"22",13,"09/24/07 00:00:00"
231,"30",11,"09/24/07 00:00:00"
232,"33",10,"09/24/07 00:00:00"
233,"33",9,"09/24/07 00:00:00"
234,"37",11,"09/24/07 00:00:00"
235,"38",11,"09/24/07 00:00:00"
236,"39",11,"09/24/07 00:00:00"
237,"40",11,"09/24/07 00:00:00"
238,"41",11,"09/24/07 00:00:00"
239,"42",11,"09/24/07 00:00:00"
240,"46",11,"09/24/07 00:00:00"
241,"48",11,"09/24/07 00:00:00"
242,"50",,
243,"51",11,"09/24/07 00:00:00"
244,"55",11,"09/24/07 00:00:00"
245,"56",11,"09/24/07 00:00:00"
246,"57",9,"09/24/07 00:00:00"
247,"64",13,"09/24/07 00:00:00"
248,"67",9,"09/24/07 00:00:00"
249,"67",10,"09/24/07 00:00:00"
250,"68",3,"09/24/07 00:00:00"
251,"68",13,"09/24/07 00:00:00"
252,"90",3,"09/24/07 00:00:00"
253,"99",11,"09/24/07 00:00:00"
254,"01",19,"10/30/07 00:00:00"
255,"01",13,"10/30/07 00:00:00"
256,"02",3,"11/10/07 00:00:00"
257,"02",13,"11/10/07 00:00:00"
258,"04",11,"11/10/07 00:00:00"
259,"05",17,"11/10/07 00:00:00"
260,"06",13,"11/10/07 00:00:00"
261,"07",11,"11/10/07 00:00:00"
262,"07",13,"11/10/07 00:00:00"
263,"08",11,"11/10/07 00:00:00"
264,"08",13,"11/10/07 00:00:00"
265,"09",3,"11/10/07 00:00:00"
266,"09",13,"11/10/07 00:00:00"
267,"100",11,"11/10/07 00:00:00"
268,"11",3,"11/10/07 00:00:00"
269,"11",13,"11/10/07 00:00:00"
270,"114",19,"11/10/07 00:00:00"
271,"114",13,"11/10/07 00:00:00"
272,"115",11,"11/10/07 00:00:00"
273,"13",13,"11/10/07 00:00:00"
274,"13",9,"11/10/07 00:00:00"
275,"15",3,"11/10/07 00:00:00"
276,"17",3,"11/10/07 00:00:00"
277,"19",9,"06/30/06 00:00:00"
278,"22",13,"11/10/07 00:00:00"
279,"33",10,"11/10/07 00:00:00"
280,"33",9,"11/10/07 00:00:00"
281,"34",13,"11/10/07 00:00:00"
282,"37",11,"11/10/07 00:00:00"
283,"38",11,"11/10/07 00:00:00"
284,"39",11,"11/10/07 00:00:00"
285,"41",11,"11/10/07 00:00:00"
286,"42",11,"11/10/07 00:00:00"
287,"46",11,"11/10/07 00:00:00"
288,"51",11,"11/10/07 00:00:00"
289,"55",11,"11/10/07 00:00:00"
290,"56",11,"11/10/07 00:00:00"
291,"57",9,"11/10/07 00:00:00"
292,"57",3,"11/10/07 00:00:00"
293,"64",13,"11/10/07 00:00:00"
294,"67",10,"11/10/07 00:00:00"
295,"67",9,"11/10/07 00:00:00"
298,"75",11,"11/10/07 00:00:00"
299,"68",,"11/10/07 00:00:00"
300,"68",3,"11/10/07 00:00:00"
301,"30",11,"11/10/07 00:00:00"
302,"48",11,"11/10/07 00:00:00"
303,"91",13,"11/10/07 00:00:00"
304,"99",11,"11/10/07 00:00:00"
305,"07",14,"02/05/08 00:00:00"
306,"08",14,"02/05/08 00:00:00"
307,"01",3,"01/10/08 00:00:00"
308,"02",3,"01/01/08 00:00:00"
309,"02",14,"01/30/08 00:00:00"
310,"02",12,"02/05/08 00:00:00"
311,"02",14,"02/01/08 00:00:00"
312,"04",11,"01/02/08 00:00:00"
313,"34",17,"01/02/08 00:00:00"
314,"07",12,"02/05/08 00:00:00"
315,"08",12,"02/05/08 00:00:00"
316,"09",3,"02/05/08 00:00:00"
317,"11",3,"01/02/08 00:00:00"
318,"114",3,"01/02/08 00:00:00"
319,"13",13,"01/02/08 00:00:00"
320,"15",3,"01/02/08 00:00:00"
321,"67",9,"01/02/08 00:00:00"
322,"67",10,"01/02/08 00:00:00"
323,"37",11,"01/02/08 00:00:00"
324,"40",11,"01/02/08 00:00:00"
325,"41",11,"01/02/08 00:00:00"
326,"56",11,"01/02/08 00:00:00"
327,"55",11,"01/02/08 00:00:00"
328,"42",11,"01/02/08 00:00:00"
329,"48",11,"01/02/08 00:00:00"
330,"57",9,"01/02/08 00:00:00"
331,"58",17,"02/05/08 00:00:00"
332,"64",13,"01/02/08 00:00:00"
333,"33",9,"01/02/08 00:00:00"
334,"33",10,"01/02/08 00:00:00"
335,"68",13,"01/02/08 00:00:00"
336,"68",3,"01/02/08 00:00:00"
337,"75",11,"01/02/08 00:00:00"
338,"90",3,"01/05/08 00:00:00"
339,"01",13,"06/01/08 00:00:00"
340,"01",19,"06/01/08 00:00:00"
341,"01",3,"06/01/08 00:00:00"
342,"02",3,"06/01/08 00:00:00"
343,"02",14,"06/01/08 00:00:00"
344,"04",11,"06/01/08 00:00:00"
345,"06",13,"06/01/08 00:00:00"
346,"06",13,"06/01/08 00:00:00"
347,"07",11,"06/01/08 00:00:00"
348,"07",3,"06/01/08 00:00:00"
349,"08",11,"06/01/08 00:00:00"
350,"09",3,"06/01/08 00:00:00"
351,"11",3,"06/01/08 00:00:00"
352,"115",11,"06/01/08 00:00:00"
353,"120",10,"06/01/08 00:00:00"
354,"120",9,"06/01/08 00:00:00"
355,"13",13,"06/01/08 00:00:00"
356,"13",9,"06/01/08 00:00:00"
357,"14",13,"06/01/08 00:00:00"
358,"14",9,"06/01/08 00:00:00"
359,"15",3,"06/01/08 00:00:00"
360,"22",13,"06/01/08 00:00:00"
361,"30",13,"06/01/08 00:00:00"
362,"30",11,"06/01/08 00:00:00"
363,"31",13,"06/01/08 00:00:00"
364,"34",13,"06/01/08 00:00:00"
365,"34",17,"06/01/08 00:00:00"
366,"36",13,"06/01/08 00:00:00"
367,"37",11,"06/01/08 00:00:00"
368,"38",11,"06/01/08 00:00:00"
369,"40",11,"06/01/08 00:00:00"
370,"42",11,"06/01/08 00:00:00"
371,"47",19,"06/01/08 00:00:00"
372,"47",13,"06/01/08 00:00:00"
373,"48",11,"06/01/08 00:00:00"
374,"50",9,"06/01/08 00:00:00"
375,"50",1,"09/09/07 00:00:00"
376,"50",22,"06/01/08 00:00:00"
377,"50",21,"06/01/08 00:00:00"
378,"51",11,"06/01/08 00:00:00"
379,"55",11,"06/01/08 00:00:00"
380,"56",11,"06/01/08 00:00:00"
381,"57",9,"06/01/08 00:00:00"
382,"59",11,"06/01/08 00:00:00"
383,"64",13,"06/01/08 00:00:00"
384,"67",9,"06/01/08 00:00:00"
385,"67",10,"06/01/08 00:00:00"
386,"72",13,"06/01/08 00:00:00"
387,"72",1,"06/15/08 00:00:00"
388,"75",11,"06/01/08 00:00:00"
389,"68",3,"06/01/08 00:00:00"
390,"68",13,"06/01/08 00:00:00"
391,"02",3,"07/20/08 00:00:00"
392,"02",13,"07/20/08 00:00:00"
393,"121",13,"07/20/08 00:00:00"
394,"67",9,"07/20/08 00:00:00"
395,"67",10,"07/20/08 00:00:00"
396,"33",9,"07/20/08 00:00:00"
397,"33",10,"07/20/08 00:00:00"
398,"57",9,"07/20/08 00:00:00"
399,"57",3,"07/20/08 00:00:00"
400,"34",17,"07/20/08 00:00:00"
401,"48",11,"07/20/08 00:00:00"
402,"72",13,"07/20/08 00:00:00"
403,"15",3,"07/21/08 00:00:00"
404,"11",3,"07/21/08 00:00:00"
405,"06",13,"07/21/08 00:00:00"
406,"13",13,"07/21/08 00:00:00"
407,"13",9,"07/21/08 00:00:00"
408,"14",13,"07/21/08 00:00:00"
409,"14",9,"07/21/08 00:00:00"
410,"22",13,"07/21/08 00:00:00"
411,"07",11,"07/21/08 00:00:00"
412,"07",3,"07/21/08 00:00:00"
413,"08",11,"07/21/08 00:00:00"
414,"08",3,"07/21/08 00:00:00"
415,"10",13,"07/21/08 00:00:00"
416,"68",3,"07/21/08 00:00:00"
417,"68",13,"07/21/08 00:00:00"
418,"64",13,"07/21/08 00:00:00"
419,"04",11,"07/21/08 00:00:00"
420,"120",9,"07/21/08 00:00:00"
421,"120",10,"07/21/08 00:00:00"
422,"30",11,"07/21/08 00:00:00"
423,"40",11,"07/21/08 00:00:00"
424,"41",11,"07/21/08 00:00:00"
425,"42",11,"07/21/08 00:00:00"
426,"51",11,"07/21/08 00:00:00"
427,"99",11,"07/21/08 00:00:00"
428,"09",3,"07/21/08 00:00:00"
429,"09",13,"07/21/08 00:00:00"
430,"01",13,"07/21/08 00:00:00"
431,"01",3,"07/21/08 00:00:00"
432,"30",13,
433,"75",11,"07/21/08 00:00:00"
434,"90",3,"06/01/08 00:00:00"
435,"28",12,"09/03/08 00:00:00"
436,"02",12,"09/03/08 00:00:00"
437,"07",12,"09/03/08 00:00:00"
438,"08",12,"09/03/08 00:00:00"
439,"54",12,"09/03/08 00:00:00"
440,"58",12,"09/03/08 00:00:00"
441,"75",12,"02/10/08 00:00:00"
442,"75",12,"09/03/08 00:00:00"
443,"01",13,"09/25/08 00:00:00"
444,"02",3,"09/20/08 00:00:00"
445,"02",14,"09/20/08 00:00:00"
446,"04",11,"09/20/08 00:00:00"
447,"06",13,"09/20/08 00:00:00"
448,"07",11,"09/20/08 00:00:00"
449,"07",3,"09/20/08 00:00:00"
450,"08",11,"09/20/08 00:00:00"
451,"09",13,"09/20/08 00:00:00"
452,"09",3,"09/20/08 00:00:00"
453,"11",3,"09/20/08 00:00:00"
454,"120",10,"09/20/08 00:00:00"
455,"120",9,"09/20/08 00:00:00"
456,"13",13,"09/20/08 00:00:00"
457,"13",9,"09/20/08 00:00:00"
458,"14",13,"09/20/08 00:00:00"
459,"14",9,"09/20/08 00:00:00"
460,"15",3,"09/20/08 00:00:00"
461,"16",5,"09/20/08 00:00:00"
462,"22",13,"09/20/08 00:00:00"
463,"30",13,"09/20/08 00:00:00"
464,"30",11,"09/20/08 00:00:00"
465,"31",13,"09/20/08 00:00:00"
466,"33",10,"09/20/08 00:00:00"
467,"33",9,"09/20/08 00:00:00"
468,"34",13,"09/20/08 00:00:00"
469,"37",11,"09/20/08 00:00:00"
470,"38",11,"09/20/08 00:00:00"
471,"40",11,"09/20/08 00:00:00"
472,"41",11,"09/20/08 00:00:00"
473,"42",11,"09/20/08 00:00:00"
474,"48",11,"09/20/08 00:00:00"
475,"50",1,"09/20/08 00:00:00"
476,"54",12,"09/20/08 00:00:00"
477,"55",11,"09/20/08 00:00:00"
478,"56",11,"09/20/08 00:00:00"
479,"57",9,"09/20/08 00:00:00"
480,"64",13,"09/20/08 00:00:00"
481,"67",9,"09/20/08 00:00:00"
482,"67",10,"09/20/08 00:00:00"
483,"68",3,"09/20/08 00:00:00"
484,"68",13,"09/20/08 00:00:00"
485,"72",13,"09/20/08 00:00:00"
486,"90",3,"09/20/08 00:00:00"
487,"01",13,"11/30/08 00:00:00"
488,"01",3,"11/30/08 00:00:00"
489,"02",3,"11/30/08 00:00:00"
490,"02",11,"11/30/08 00:00:00"
491,"02",13,"11/30/08 00:00:00"
492,"06",13,"11/30/08 00:00:00"
493,"07",3,"11/30/08 00:00:00"
494,"07",11,"11/30/08 00:00:00"
495,"08",3,"11/30/08 00:00:00"
496,"08",11,"11/30/08 00:00:00"
497,"114",13,"11/30/08 00:00:00"
498,"114",19,"11/30/08 00:00:00"
499,"09",3,"11/30/08 00:00:00"
500,"09",13,"11/30/08 00:00:00"
501,"10",13,"11/15/08 00:00:00"
502,"100",11,"11/30/08 00:00:00"
503,"11",3,"11/30/08 00:00:00"
504,"11",13,"11/30/08 00:00:00"
505,"115",11,"11/30/08 00:00:00"
506,"120",9,"11/30/08 00:00:00"
507,"120",10,"11/30/08 00:00:00"
508,"120",9,"01/20/09 00:00:00"
509,"121",13,"11/30/08 00:00:00"
510,"13",13,"11/30/08 00:00:00"
511,"13",9,"11/30/08 00:00:00"
512,"15",3,"11/30/08 00:00:00"
513,"14",13,"11/30/08 00:00:00"
514,"14",9,"11/30/08 00:00:00"
515,"33",9,"11/30/08 00:00:00"
516,"33",10,"11/30/08 00:00:00"
517,"34",17,"11/30/08 00:00:00"
518,"37",11,"11/30/08 00:00:00"
519,"38",11,"11/30/08 00:00:00"
520,"39",11,"11/30/08 00:00:00"
521,"40",11,"11/30/08 00:00:00"
522,"41",11,"11/30/08 00:00:00"
523,"42",11,"11/30/08 00:00:00"
524,"46",11,"11/30/08 00:00:00"
525,"48",11,"11/30/08 00:00:00"
526,"51",11,"11/30/08 00:00:00"
527,"55",11,"11/30/08 00:00:00"
528,"56",11,"11/30/08 00:00:00"
529,"57",9,"11/30/08 00:00:00"
530,"57",3,"11/30/08 00:00:00"
531,"64",13,"11/30/08 00:00:00"
532,"67",9,"11/30/08 00:00:00"
533,"67",10,"11/30/08 00:00:00"
534,"68",13,"11/30/08 00:00:00"
535,"68",3,"11/30/08 00:00:00"
536,"75",11,"11/30/08 00:00:00"
537,"99",11,"11/30/08 00:00:00"
538,"91",13,"11/30/08 00:00:00"
539,"91",3,"11/30/08 00:00:00"
540,"90",3,"11/30/08 00:00:00"
541,"37",17,"10/30/08 00:00:00"
542,"30",11,"11/30/08 00:00:00"
543,"30",13,"11/30/08 00:00:00"
544,"08",8,"11/30/08 00:00:00"
545,"07",8,"11/30/08 00:00:00"
546,"75",8,"11/30/08 00:00:00"
547,"69",9,"01/15/08 00:00:00"
548,"69",9,"07/23/08 00:00:00"
549,"69",1,"08/23/08 00:00:00"
550,"69",1,"10/21/08 00:00:00"
551,"71",1,"01/23/08 00:00:00"
552,"71",1,"03/19/08 00:00:00"
553,"71",9,"07/22/08 00:00:00"
554,"71",18,"07/22/08 00:00:00"
555,"71",1,"10/30/08 00:00:00"
556,"70",1,"02/25/08 00:00:00"
557,"69",9,"11/13/08 00:00:00"
558,"01",3,"01/20/09 00:00:00"
559,"01",13,"01/20/09 00:00:00"
560,"02",13,"01/20/09 00:00:00"
561,"02",3,"01/20/09 00:00:00"
562,"02",11,"01/20/09 00:00:00"
563,"04",11,"01/20/09 00:00:00"
564,"06",13,"01/20/09 00:00:00"
565,"07",11,"01/20/09 00:00:00"
566,"07",3,"01/20/09 00:00:00"
567,"08",3,"01/20/09 00:00:00"
568,"08",11,"01/20/09 00:00:00"
569,"09",3,"01/20/09 00:00:00"
570,"09",13,"01/20/09 00:00:00"
571,"11",13,"01/20/09 00:00:00"
572,"11",3,"01/20/09 00:00:00"
573,"114",19,"01/20/09 00:00:00"
574,"114",13,"01/20/09 00:00:00"
575,"114",13,"07/01/09 00:00:00"
576,"120",10,"01/20/09 00:00:00"
577,"13",13,"01/20/09 00:00:00"
578,"13",9,"01/20/09 00:00:00"
579,"14",13,"01/20/09 00:00:00"
580,"14",9,"01/20/09 00:00:00"
581,"56",11,"01/20/09 00:00:00"
582,"57",3,"03/25/09 00:00:00"
583,"57",9,"03/25/09 00:00:00"
584,"67",9,"01/20/09 00:00:00"
585,"67",10,"01/20/09 00:00:00"
586,"68",3,"01/20/09 00:00:00"
587,"68",13,"01/20/09 00:00:00"
588,"75",8,"02/02/09 00:00:00"
589,"90",3,"01/20/09 00:00:00"
590,"07",8,"02/02/09 00:00:00"
591,"08",8,"02/02/09 00:00:00"
592,"121",13,"01/20/09 00:00:00"
593,"34",13,"01/20/09 00:00:00"
594,"34",17,"01/20/09 00:00:00"
595,"50",23,"01/20/09 00:00:00"
596,"100",11,"01/20/09 00:00:00"
597,"100",11,"07/01/09 00:00:00"
598,"15",3,"01/20/09 00:00:00"
599,"30",11,"01/20/09 00:00:00"
600,"37",11,"01/20/09 00:00:00"
601,"38",11,"01/20/09 00:00:00"
602,"39",11,"01/20/09 00:00:00"
603,"40",11,"01/20/09 00:00:00"
604,"41",11,"01/20/09 00:00:00"
605,"42",11,"01/20/09 00:00:00"
606,"46",11,"01/20/09 00:00:00"
607,"48",11,"01/20/09 00:00:00"
608,"51",11,"01/20/09 00:00:00"
609,"55",11,"01/20/09 00:00:00"
610,"01",13,"03/25/09 00:00:00"
611,"02",11,"03/25/09 00:00:00"
612,"02",3,"03/25/09 00:00:00"
613,"02",13,"03/25/09 00:00:00"
614,"04",11,"03/25/09 00:00:00"
615,"06",13,"03/25/09 00:00:00"
616,"07",12,"03/15/09 00:00:00"
617,"07",8,"03/15/09 00:00:00"
618,"07",11,"03/15/09 00:00:00"
619,"07",3,"03/15/09 00:00:00"
620,"02",12,"03/15/09 00:00:00"
621,"08",12,"03/15/09 00:00:00"
622,"08",11,"03/15/09 00:00:00"
623,"08",3,"03/15/09 00:00:00"
624,"09",13,"03/15/09 00:00:00"
625,"09",3,"03/15/09 00:00:00"
626,"11",13,"03/25/09 00:00:00"
627,"11",3,"03/25/09 00:00:00"
628,"120",10,"03/25/09 00:00:00"
629,"120",9,"03/25/09 00:00:00"
630,"13",13,"03/25/09 00:00:00"
631,"13",9,"03/25/09 00:00:00"
632,"14",13,"03/25/09 00:00:00"
633,"14",9,"03/25/09 00:00:00"
634,"15",3,"03/25/09 00:00:00"
635,"30",13,"03/25/09 00:00:00"
636,"30",11,"03/25/09 00:00:00"
637,"31",13,"03/25/09 00:00:00"
638,"33",10,"03/25/09 00:00:00"
639,"33",9,"03/25/09 00:00:00"
640,"34",13,"03/25/09 00:00:00"
641,"37",11,"03/25/09 00:00:00"
642,"38",11,"03/25/09 00:00:00"
643,"39",11,"03/25/09 00:00:00"
644,"40",11,"03/25/09 00:00:00"
645,"41",11,"03/25/09 00:00:00"
646,"42",11,"03/25/09 00:00:00"
647,"48",11,"03/25/09 00:00:00"
648,"51",11,"03/25/09 00:00:00"
649,"55",11,"03/25/09 00:00:00"
650,"56",11,"03/25/09 00:00:00"
651,"64",13,"03/25/09 00:00:00"
652,"67",9,"03/25/09 00:00:00"
653,"67",10,"03/25/09 00:00:00"
654,"68",3,"03/25/09 00:00:00"
655,"68",13,"03/25/09 00:00:00"
656,"75",8,"03/25/09 00:00:00"
657,"75",12,"03/20/09 00:00:00"
658,"75",11,"03/25/09 00:00:00"
659,"90",3,"03/25/09 00:00:00"
660,"07",14,"05/27/09 00:00:00"
661,"08",14,"05/27/09 00:00:00"
662,"44",14,"05/27/09 00:00:00"
663,"72",1,"05/30/09 00:00:00"
664,"29",9,"07/20/09 00:00:00"
665,"02",3,"07/01/09 00:00:00"
666,"02",13,"07/01/09 00:00:00"
667,"02",11,"07/01/09 00:00:00"
668,"06",13,"07/01/09 00:00:00"
669,"06",9,"07/01/09 00:00:00"
671,"07",11,"07/01/09 00:00:00"
672,"08",3,"07/01/09 00:00:00"
673,"08",11,"07/01/09 00:00:00"
674,"09",3,"07/01/09 00:00:00"
675,"09",13,"07/01/09 00:00:00"
676,"13",13,"07/01/09 00:00:00"
677,"13",9,"07/01/09 00:00:00"
678,"14",13,"07/01/09 00:00:00"
679,"14",9,"07/01/09 00:00:00"
680,"100",11,
681,"11",3,"07/01/09 00:00:00"
682,"115",11,"07/01/09 00:00:00"
683,"120",9,"07/01/09 00:00:00"
684,"120",10,"07/01/09 00:00:00"
685,"123",11,"07/01/09 00:00:00"
688,"15",3,"07/01/09 00:00:00"
689,"30",11,"07/01/09 00:00:00"
690,"30",13,"07/01/09 00:00:00"
691,"33",9,"07/01/09 00:00:00"
692,"33",10,"07/01/09 00:00:00"
693,"34",17,"07/01/09 00:00:00"
694,"36",13,"07/01/09 00:00:00"
695,"37",11,"07/01/09 00:00:00"
696,"38",11,"07/01/09 00:00:00"
697,"39",11,"07/01/09 00:00:00"
698,"40",11,"07/01/09 00:00:00"
699,"41",11,"07/01/09 00:00:00"
700,"42",11,"07/01/09 00:00:00"
701,"46",11,"07/01/09 00:00:00"
702,"48",11,"07/01/09 00:00:00"
703,"50",22,"07/15/09 00:00:00"
704,"51",11,"07/01/09 00:00:00"
705,"55",11,"07/01/09 00:00:00"
706,"56",11,"07/01/09 00:00:00"
707,"57",9,"07/01/09 00:00:00"
708,"57",3,"07/01/09 00:00:00"
709,"63",1,"07/28/09 00:00:00"
710,"64",13,"07/01/09 00:00:00"
711,"67",9,"07/01/09 00:00:00"
712,"67",10,"07/01/09 00:00:00"
713,"68",13,"07/01/09 00:00:00"
714,"68",18,"07/01/09 00:00:00"
715,"68",3,"07/01/09 00:00:00"
716,"75",11,"07/01/09 00:00:00"
717,"90",3,"07/01/09 00:00:00"
718,"99",11,"07/01/09 00:00:00"
719,"114",19,"07/01/09 00:00:00"
720,"72",13,"07/01/09 00:00:00"
721,"121",13,"07/01/09 00:00:00"
722,"22",13,"07/01/09 00:00:00"
723,"01",19,"07/01/09 00:00:00"
724,"01",13,"07/01/09 00:00:00"
725,"01",13,"09/22/09 00:00:00"
726,"06",2,"09/22/09 00:00:00"
727,"06",13,"09/22/09 00:00:00"
728,"07",11,"09/22/09 00:00:00"
729,"07",3,"09/22/09 00:00:00"
730,"08",11,"09/22/09 00:00:00"
731,"08",3,"09/22/09 00:00:00"
732,"09",13,"09/22/09 00:00:00"
733,"09",3,"09/22/09 00:00:00"
734,"13",9,"09/22/09 00:00:00"
735,"13",13,
736,"14",13,"09/22/09 00:00:00"
737,"14",9,"09/22/09 00:00:00"
738,"30",13,"09/22/09 00:00:00"
739,"30",11,"09/22/09 00:00:00"
740,"31",13,"09/22/09 00:00:00"
741,"31",3,"09/22/09 00:00:00"
742,"37",11,"09/22/09 00:00:00"
743,"38",11,"09/22/09 00:00:00"
744,"40",11,"09/22/09 00:00:00"
745,"41",11,"09/22/09 00:00:00"
746,"42",11,"09/22/09 00:00:00"
747,"42",11,"09/22/09 00:00:00"
748,"48",11,"09/22/09 00:00:00"
749,"55",11,"09/22/09 00:00:00"
750,"56",11,"09/22/09 00:00:00"
751,"57",9,"09/22/09 00:00:00"
752,"57",3,"09/22/09 00:00:00"
753,"64",13,"09/22/09 00:00:00"
754,"67",9,"09/22/09 00:00:00"
755,"67",10,"09/22/09 00:00:00"
756,"72",13,"09/22/09 00:00:00"
757,"75",11,"09/22/09 00:00:00"
758,"90",3,"09/22/09 00:00:00"
759,"11",3,"09/22/09 00:00:00"
760,"11",13,"09/22/09 00:00:00"
761,"114",19,"09/22/09 00:00:00"
762,"114",13,"09/22/09 00:00:00"
763,"120",9,"09/22/09 00:00:00"
764,"120",10,"09/22/09 00:00:00"
765,"15",3,"09/22/09 00:00:00"
766,"34",13,"09/22/09 00:00:00"
767,"34",17,"09/22/09 00:00:00"
768,"39",11,"09/22/09 00:00:00"
769,"51",11,"09/22/09 00:00:00"
770,"115",11,"09/22/09 00:00:00"
771,"121",13,"09/22/09 00:00:00"
772,"22",13,"09/22/09 00:00:00"
773,"68",3,"09/22/09 00:00:00"
774,"68",13,"09/22/09 00:00:00"
775,"99",11,"09/22/09 00:00:00"
776,"50",1,"10/05/09 00:00:00"
777,"07",12,"10/30/09 00:00:00"
778,"08",12,"10/30/09 00:00:00"
779,"58",12,"10/30/09 00:00:00"
780,"75",12,"10/30/09 00:00:00"
781,"02",12,"10/30/09 00:00:00"
782,"28",12,"10/30/09 00:00:00"
783,"54",12,"10/30/09 00:00:00"
784,"121",13,"11/17/09 00:00:00"
785,"30",13,"11/17/09 00:00:00"
786,"30",11,"11/17/09 00:00:00"
787,"114",19,"11/17/09 00:00:00"
788,"114",13,"11/17/09 00:00:00"
789,"38",11,"11/17/09 00:00:00"
790,"57",9,"11/17/09 00:00:00"
791,"57",3,"11/17/09 00:00:00"
792,"120",10,"11/17/09 00:00:00"
793,"120",9,"11/17/09 00:00:00"
794,"01",13,"11/17/09 00:00:00"
795,"01",19,"11/17/09 00:00:00"
796,"15",3,"11/17/09 00:00:00"
797,"59",11,"11/17/09 00:00:00"
798,"44",11,"11/17/09 00:00:00"
799,"64",13,"11/17/09 00:00:00"
800,"39",11,"11/17/09 00:00:00"
801,"51",11,"11/17/09 00:00:00"
802,"67",9,"11/17/09 00:00:00"
803,"67",10,"11/17/09 00:00:00"
804,"33",9,"11/17/09 00:00:00"
805,"33",10,"11/17/09 00:00:00"
806,"118",9,"11/17/09 00:00:00"
807,"31",3,"11/17/09 00:00:00"
808,"31",13,"11/17/09 00:00:00"
809,"11",13,"11/17/09 00:00:00"
810,"11",3,"11/17/09 00:00:00"
811,"98",13,"11/17/09 00:00:00"
813,"75",11,"11/17/09 00:00:00"
814,"36",13,"11/17/09 00:00:00"
815,"46",11,"11/17/09 00:00:00"
816,"02",3,"11/17/09 00:00:00"
817,"02",13,"11/17/09 00:00:00"
818,"32",4,
819,"22",13,"11/17/09 00:00:00"
820,"10",13,"11/17/09 00:00:00"
821,"13",13,"11/17/09 00:00:00"
822,"13",9,"11/17/09 00:00:00"
823,"14",13,"11/17/09 00:00:00"
824,"14",9,"11/17/09 00:00:00"
825,"06",13,"11/17/09 00:00:00"
826,"06",4,"11/17/09 00:00:00"
827,"09",13,"11/17/09 00:00:00"
828,"09",3,"11/17/09 00:00:00"
829,"68",13,"11/17/09 00:00:00"
830,"68",3,"11/17/09 00:00:00"
831,"92",13,"11/17/09 00:00:00"
832,"93",13,"11/17/09 00:00:00"
833,"07",3,
834,"07",11,"11/17/09 00:00:00"
835,"08",11,"11/17/09 00:00:00"
836,"08",3,"11/17/09 00:00:00"
837,"37",11,"11/17/09 00:00:00"
838,"40",11,"11/17/09 00:00:00"
839,"55",11,"11/17/09 00:00:00"
840,"56",11,"11/17/09 00:00:00"
841,"89",3,"11/17/09 00:00:00"
842,"99",11,"11/17/09 00:00:00"
843,"91",3,"11/17/09 00:00:00"
844,"91",13,"11/17/09 00:00:00"
845,"90",3,"11/17/09 00:00:00"
846,"34",17,"11/17/09 00:00:00"
847,"05",17,"11/17/09 00:00:00"
848,"48",11,"11/17/09 00:00:00"
849,"04",11,"11/17/09 00:00:00"
850,"41",11,"11/17/09 00:00:00"
851,"121",13,"02/01/10 00:00:00"
852,"30",11,"02/01/10 00:00:00"
853,"114",13,"02/01/10 00:00:00"
854,"114",19,"02/01/10 00:00:00"
855,"33",10,"02/01/10 00:00:00"
856,"33",9,"02/01/10 00:00:00"
857,"39",11,"02/01/10 00:00:00"
858,"57",9,"02/01/10 00:00:00"
859,"57",3,"02/01/10 00:00:00"
860,"50",23,"02/01/10 00:00:00"
861,"01",13,"02/01/10 00:00:00"
862,"01",3,"02/01/10 00:00:00"
863,"15",3,"02/01/10 00:00:00"
864,"44",11,"02/01/10 00:00:00"
865,"64",13,"02/01/10 00:00:00"
866,"37",11,"02/01/10 00:00:00"
867,"67",9,"02/01/10 00:00:00"
868,"67",10,"02/01/10 00:00:00"
869,"31",3,"02/01/10 00:00:00"
870,"31",13,"02/01/10 00:00:00"
871,"11",3,"02/01/10 00:00:00"
872,"98",13,"02/01/10 00:00:00"
873,"75",11,"02/01/10 00:00:00"
874,"36",13,"02/01/10 00:00:00"
875,"46",11,"02/01/10 00:00:00"
876,"46",13,"02/01/10 00:00:00"
877,"02",3,"02/01/10 00:00:00"
878,"22",13,"02/01/10 00:00:00"
879,"10",13,"02/01/10 00:00:00"
880,"13",13,"02/01/10 00:00:00"
881,"13",9,"02/01/10 00:00:00"
882,"06",13,"02/01/10 00:00:00"
883,"09",13,"02/01/10 00:00:00"
884,"09",3,"02/01/10 00:00:00"
885,"68",13,"02/01/10 00:00:00"
886,"68",3,"02/01/10 00:00:00"
887,"92",13,"02/01/10 00:00:00"
888,"93",13,"02/01/10 00:00:00"
889,"07",11,"02/01/10 00:00:00"
890,"08",11,"02/01/10 00:00:00"
891,"40",11,"02/01/10 00:00:00"
892,"41",11,"02/01/10 00:00:00"
893,"48",11,"02/01/10 00:00:00"
894,"51",11,"02/01/10 00:00:00"
895,"55",11,"02/01/10 00:00:00"
896,"56",11,"02/01/10 00:00:00"
897,"59",11,"02/01/10 00:00:00"
898,"90",3,"02/01/10 00:00:00"
899,"91",3,"02/01/10 00:00:00"
900,"91",13,"02/01/10 00:00:00"
901,"93",13,"02/01/10 00:00:00"
902,"99",11,"02/01/10 00:00:00"
903,"41",11,"02/01/10 00:00:00"
904,"38",11,"02/01/10 00:00:00"
905,"34",17,"02/01/10 00:00:00"
906,"25",3,"02/01/10 00:00:00"
907,"25",9,"02/01/10 00:00:00"
908,"115",11,"02/01/10 00:00:00"
909,"05",17,"02/01/10 00:00:00"
910,"04",11,"02/01/10 00:00:00"
911,"01",13,"03/30/10 00:00:00"
912,"01",3,"03/30/10 00:00:00"
913,"02",3,"03/30/10 00:00:00"
914,"02",13,"03/30/10 00:00:00"
915,"04",11,"03/30/10 00:00:00"
916,"05",17,"03/30/10 00:00:00"
917,"06",13,"03/30/10 00:00:00"
918,"07",11,"03/30/10 00:00:00"
919,"07",3,"03/30/10 00:00:00"
920,"08",11,"03/30/10 00:00:00"
921,"09",13,"03/30/10 00:00:00"
922,"09",3,"03/30/10 00:00:00"
923,"10",13,"03/30/10 00:00:00"
924,"11",3,"03/30/10 00:00:00"
925,"114",13,"03/30/10 00:00:00"
926,"114",19,"03/30/10 00:00:00"
927,"115",11,"03/30/10 00:00:00"
928,"121",13,"03/30/10 00:00:00"
929,"13",13,"03/30/10 00:00:00"
930,"13",9,"03/30/10 00:00:00"
931,"14",13,"03/30/10 00:00:00"
932,"14",9,"03/30/10 00:00:00"
933,"15",3,"03/30/10 00:00:00"
934,"22",13,"03/30/10 00:00:00"
935,"25",3,"03/30/10 00:00:00"
936,"25",9,"03/30/10 00:00:00"
937,"30",11,"03/30/10 00:00:00"
938,"31",13,"03/30/10 00:00:00"
939,"31",3,"03/30/10 00:00:00"
940,"33",10,"03/30/10 00:00:00"
941,"33",9,"03/30/10 00:00:00"
942,"34",17,"03/30/10 00:00:00"
943,"36",13,"03/30/10 00:00:00"
944,"37",11,"03/30/10 00:00:00"
945,"38",11,"03/30/10 00:00:00"
946,"39",11,"03/30/10 00:00:00"
947,"40",11,"03/30/10 00:00:00"
948,"41",11,"03/30/10 00:00:00"
949,"44",11,"03/30/10 00:00:00"
950,"46",13,"03/30/10 00:00:00"
951,"48",11,"03/30/10 00:00:00"
952,"50",23,"03/30/10 00:00:00"
953,"51",11,"03/30/10 00:00:00"
954,"55",11,"03/30/10 00:00:00"
955,"56",11,"03/30/10 00:00:00"
956,"57",3,"03/30/10 00:00:00"
957,"57",9,"03/30/10 00:00:00"
958,"64",13,"03/30/10 00:00:00"
959,"67",9,"03/30/10 00:00:00"
960,"67",10,"03/30/10 00:00:00"
961,"68",3,"03/30/10 00:00:00"
962,"68",13,"03/30/10 00:00:00"
963,"75",11,"03/30/10 00:00:00"
964,"77",17,"03/30/10 00:00:00"
965,"90",3,"03/30/10 00:00:00"
966,"91",3,"03/30/10 00:00:00"
967,"91",13,"03/30/10 00:00:00"
968,"92",13,"03/30/10 00:00:00"
969,"93",13,"03/30/10 00:00:00"
970,"98",13,"03/30/10 00:00:00"
971,"99",11,"03/30/10 00:00:00"
972,,,
973,"01",13,"06/03/10 00:00:00"
974,"01",3,"06/03/10 00:00:00"
975,"02",3,"06/03/10 00:00:00"
976,"02",11,"06/03/10 00:00:00"
977,"04",11,"03/06/10 00:00:00"
978,"05",17,"03/06/10 00:00:00"
979,"06",13,"06/03/10 00:00:00"
980,"07",12,"05/30/10 00:00:00"
981,"08",12,"06/03/10 00:00:00"
982,"09",3,"06/03/10 00:00:00"
983,"09",13,"06/03/10 00:00:00"
984,"10",13,"06/03/10 00:00:00"
985,"11",3,"06/03/10 00:00:00"
986,"114",13,"06/03/10 00:00:00"
987,"114",19,"06/03/10 00:00:00"
988,"115",11,"06/03/10 00:00:00"
989,"121",13,"06/03/10 00:00:00"
990,"13",13,"06/03/10 00:00:00"
991,"13",9,"06/03/10 00:00:00"
992,"130",10,"06/03/10 00:00:00"
993,"130",9,"06/03/10 00:00:00"
994,"14",13,"06/03/10 00:00:00"
995,"14",9,"06/03/10 00:00:00"
996,"15",3,"06/03/10 00:00:00"
997,"22",13,"06/03/10 00:00:00"
998,"30",13,"06/03/10 00:00:00"
999,"30",11,"06/03/10 00:00:00"
1000,"31",13,"06/03/10 00:00:00"
1001,"31",3,"06/03/10 00:00:00"
1002,"33",10,"06/03/10 00:00:00"
1003,"33",9,"06/03/10 00:00:00"
1004,"36",13,"06/03/10 00:00:00"
1005,"37",11,"06/03/10 00:00:00"
1006,"38",11,"06/03/10 00:00:00"
1007,"39",11,"06/03/10 00:00:00"
1008,"40",11,"06/03/10 00:00:00"
1009,"40",11,"06/03/10 00:00:00"
1010,"41",11,"06/03/10 00:00:00"
1011,"44",11,"06/03/10 00:00:00"
1012,"46",13,"06/03/10 00:00:00"
1013,"46",11,"06/03/10 00:00:00"
1014,"48",11,"06/03/10 00:00:00"
1015,"50",23,"06/03/10 00:00:00"
1016,"51",11,"06/03/10 00:00:00"
1017,"55",11,"06/03/10 00:00:00"
1018,"56",11,"06/03/10 00:00:00"
1019,"57",9,"06/03/10 00:00:00"
1020,"57",3,"06/03/10 00:00:00"
1021,"64",13,"06/03/10 00:00:00"
1022,"67",10,"06/03/10 00:00:00"
1023,"67",9,"06/03/10 00:00:00"
1024,"68",3,"06/03/10 00:00:00"
1025,"68",13,"06/03/10 00:00:00"
1026,"75",11,"06/03/10 00:00:00"
1027,"90",3,"06/03/10 00:00:00"
1028,"91",3,"06/03/10 00:00:00"
1029,"91",13,"06/03/10 00:00:00"
1030,"92",13,"06/03/10 00:00:00"
1031,"93",13,"06/03/10 00:00:00"
1032,"98",13,"06/03/10 00:00:00"
1033,"99",11,"06/03/10 00:00:00"
1034,"121",13,"08/10/10 00:00:00"
1035,"30",11,"08/10/10 00:00:00"
1036,"30",13,"08/10/10 00:00:00"
1037,"114",13,"08/10/10 00:00:00"
1038,"114",19,"08/10/10 00:00:00"
1039,"120",9,"08/10/10 00:00:00"
1040,"38",11,"08/10/10 00:00:00"
1041,"57",3,"08/10/10 00:00:00"
1042,"57",9,"08/10/10 00:00:00"
1043,"50",23,"08/10/10 00:00:00"
1044,"01",3,"08/10/10 00:00:00"
1045,"01",13,"08/10/10 00:00:00"
1046,"15",3,"08/10/10 00:00:00"
1047,"44",11,"08/10/10 00:00:00"
1048,"64",13,"08/10/10 00:00:00"
1049,"39",11,"08/10/10 00:00:00"
1050,"67",9,"08/10/10 00:00:00"
1051,"67",10,"08/10/10 00:00:00"
1052,"33",10,"08/10/10 00:00:00"
1053,"33",9,"08/10/10 00:00:00"
1054,"11",3,"08/10/10 00:00:00"
1055,"75",11,"08/10/10 00:00:00"
1056,"75",8,"08/10/10 00:00:00"
1057,"36",13,"08/10/10 00:00:00"
1058,"46",13,"08/10/10 00:00:00"
1059,"46",11,"08/10/10 00:00:00"
1060,"02",3,"08/10/10 00:00:00"
1061,"02",11,"08/10/10 00:00:00"
1062,"10",13,"08/10/10 00:00:00"
1063,"10",3,"08/10/10 00:00:00"
1064,"13",13,"08/10/10 00:00:00"
1065,"13",9,"08/10/10 00:00:00"
1066,"06",13,"08/10/10 00:00:00"
1067,"09",13,"08/10/10 00:00:00"
1068,"09",3,"08/10/10 00:00:00"
1069,"68",13,"08/10/10 00:00:00"
1070,"68",3,"08/10/10 00:00:00"
1071,"93",5,"08/10/10 00:00:00"
1072,"07",3,"08/10/10 00:00:00"
1073,"07",11,"08/10/10 00:00:00"
1074,"07",8,"08/10/10 00:00:00"
1075,"08",3,"08/10/10 00:00:00"
1076,"08",11,"08/10/10 00:00:00"
1077,"08",8,"08/10/10 00:00:00"
1078,"37",11,"08/10/10 00:00:00"
1079,"55",11,"08/10/10 00:00:00"
1080,"56",11,"08/10/10 00:00:00"
1081,"91",13,"08/10/10 00:00:00"
1082,"90",3,"08/10/10 00:00:00"
1083,"34",17,"08/10/10 00:00:00"
1084,"05",17,"08/10/10 00:00:00"
1085,"14",13,"08/10/10 00:00:00"
1086,"14",9,"08/10/10 00:00:00"
1087,"115",11,"08/10/10 00:00:00"
1088,"42",11,"08/10/10 00:00:00"
1089,"48",11,"08/10/10 00:00:00"
1090,"40",11,"08/10/10 00:00:00"
1091,"04",11,"08/10/10 00:00:00"
1092,"41",11,"08/10/10 00:00:00"
1093,"52",11,"08/10/10 00:00:00"
1094,"16",5,"11/01/10 00:00:00"
1095,"121",13,"11/10/10 00:00:00"
1096,"30",13,"11/10/10 00:00:00"
1097,"30",11,"11/10/10 00:00:00"
1098,"114",13,"11/10/10 00:00:00"
1099,"114",19,"11/10/10 00:00:00"
1100,"120",9,"11/10/10 00:00:00"
1101,"120",10,"11/10/10 00:00:00"
1102,"38",11,"11/10/10 00:00:00"
1103,"57",3,"11/10/10 00:00:00"
1104,"57",9,"11/10/10 00:00:00"
1105,"50",23,"11/10/10 00:00:00"
1106,"01",13,"11/10/10 00:00:00"
1107,"01",3,"11/10/10 00:00:00"
1108,"15",3,"11/10/10 00:00:00"
1109,"44",11,"11/10/10 00:00:00"
1110,"64",13,"11/10/10 00:00:00"
1111,"39",11,"11/10/10 00:00:00"
1112,"67",9,"11/10/10 00:00:00"
1113,"67",10,"11/10/10 00:00:00"
1114,"33",9,"11/10/10 00:00:00"
1115,"33",10,"11/10/10 00:00:00"
1116,"31",3,"11/10/10 00:00:00"
1117,"31",13,"11/10/10 00:00:00"
1118,"03",11,"11/10/10 00:00:00"
1119,"118",9,"11/10/10 00:00:00"
1120,"11",3,"11/10/10 00:00:00"
1121,"75",11,"11/10/10 00:00:00"
1122,"36",13,"11/10/10 00:00:00"
1123,"46",13,"11/10/10 00:00:00"
1124,"46",11,"11/10/10 00:00:00"
1125,"22",13,"11/10/10 00:00:00"
1126,"10",13,"11/10/10 00:00:00"
1127,"13",13,"11/10/10 00:00:00"
1128,"13",9,"11/10/10 00:00:00"
1129,"06",13,"11/10/10 00:00:00"
1130,"06",9,"11/10/10 00:00:00"
1131,"09",13,"11/10/10 00:00:00"
1132,"09",3,"11/10/10 00:00:00"
1133,"68",13,"11/10/10 00:00:00"
1134,"68",3,"11/10/10 00:00:00"
1135,"93",13,"11/10/10 00:00:00"
1136,"07",11,
1137,"07",3,
1138,"08",11,"11/10/10 00:00:00"
1139,"08",3,"11/10/10 00:00:00"
1140,"42",11,"11/10/10 00:00:00"
1141,"48",11,"11/10/10 00:00:00"
1142,"37",11,"11/10/10 00:00:00"
1143,"40",11,"11/10/10 00:00:00"
1144,"55",11,"11/10/10 00:00:00"
1145,"04",11,"11/10/10 00:00:00"
1146,"56",11,"11/10/10 00:00:00"
1147,"51",11,"11/10/10 00:00:00"
1148,"133",11,"11/10/10 00:00:00"
1149,"123",11,"11/10/10 00:00:00"
1150,"89",3,"11/10/10 00:00:00"
1151,"91",13,"11/10/10 00:00:00"
1152,"34",17,"11/10/10 00:00:00"
1153,"05",17,"08/10/10 00:00:00"
1154,"07",12,
1155,"08",19,"10/10/10 00:00:00"
1156,"75",12,
1157,"02",3,"11/10/10 00:00:00"
1158,"02",11,"11/10/10 00:00:00"
1159,"15",11,"09/01/10 00:00:00"
1160,"07",8,"11/16/10 00:00:00"
1161,"08",8,"11/16/10 00:00:00"
1162,"75",8,"11/16/10 00:00:00"
1163,"07",3,"11/10/10 00:00:00"
1164,"07",11,"11/10/10 00:00:00"
1165,"01",3,"12/15/10 00:00:00"
1166,"01",13,"12/15/10 00:00:00"
1167,"03",11,"12/15/10 00:00:00"
1168,"04",11,"12/15/10 00:00:00"
1169,"06",13,"12/15/10 00:00:00"
1170,"06",9,"12/15/10 00:00:00"
1171,"07",3,"12/15/10 00:00:00"
1172,"07",11,"12/15/10 00:00:00"
1173,"07",8,"12/22/10 00:00:00"
1174,"08",8,"12/22/10 00:00:00"
1175,"08",11,"12/15/10 00:00:00"
1176,"08",3,"12/15/10 00:00:00"
1177,"09",3,"12/15/10 00:00:00"
1178,"09",13,"12/15/10 00:00:00"
1179,"10",13,"12/15/10 00:00:00"
1180,"11",3,"12/15/10 00:00:00"
1181,"114",13,"12/15/10 00:00:00"
1182,"114",19,"12/15/10 00:00:00"
1183,"118",9,"12/15/10 00:00:00"
1184,"120",9,"12/15/10 00:00:00"
1185,"120",10,"12/15/10 00:00:00"
1186,"121",13,"12/15/10 00:00:00"
1187,"123",11,"12/15/10 00:00:00"
1188,"13",13,"12/15/10 00:00:00"
1189,"13",9,"12/15/10 00:00:00"
1190,"133",11,"12/15/10 00:00:00"
1191,"15",3,"12/15/10 00:00:00"
1192,"22",13,"12/15/10 00:00:00"
1193,"22",5,"12/25/10 00:00:00"
1194,"30",13,"12/15/10 00:00:00"
1195,"30",11,"12/15/10 00:00:00"
1196,"31",13,"12/15/10 00:00:00"
1197,"31",3,"12/15/10 00:00:00"
1198,"33",9,"12/15/10 00:00:00"
1199,"33",10,"12/15/10 00:00:00"
1200,"34",1,"09/15/10 00:00:00"
1201,"34",17,"12/15/10 00:00:00"
1202,"36",13,"12/15/10 00:00:00"
1203,"37",11,"12/15/10 00:00:00"
1204,"38",11,"12/15/10 00:00:00"
1205,"39",11,"12/15/10 00:00:00"
1206,"40",11,"12/15/10 00:00:00"
1207,"42",11,"12/15/10 00:00:00"
1208,"44",11,"12/15/10 00:00:00"
1209,"46",11,"12/15/10 00:00:00"
1210,"46",13,"12/15/10 00:00:00"
1211,"48",11,"12/15/10 00:00:00"
1212,"50",23,"12/15/10 00:00:00"
1213,"51",11,"12/15/10 00:00:00"
1214,"55",11,"12/15/10 00:00:00"
1215,"56",11,"12/15/10 00:00:00"
1216,"57",3,"12/15/10 00:00:00"
1217,"57",9,"12/15/10 00:00:00"
1218,"64",13,"12/15/10 00:00:00"
1219,"67",9,"12/15/10 00:00:00"
1220,"67",10,"12/15/10 00:00:00"
1221,"68",3,"12/15/10 00:00:00"
1222,"68",13,"12/15/10 00:00:00"
1223,"75",8,"12/25/10 00:00:00"
1224,"75",11,"12/15/10 00:00:00"
1225,"89",3,"12/15/10 00:00:00"
1226,"90",3,"12/15/10 00:00:00"
1227,"93",13,"12/15/10 00:00:00"
1228,"125",11,"12/15/10 00:00:00"
1229,"125",,
1230,"45",11,"12/15/10 00:00:00"
1231,"99",11,"12/15/10 00:00:00"
1232,"05",17,"12/15/10 00:00:00"
1233,"14",13,"12/15/10 00:00:00"
1234,"14",9,"12/15/10 00:00:00"
1235,"47",13,"12/15/10 00:00:00"
1236,"47",19,"12/15/10 00:00:00"
1237,"91",13,"12/15/10 00:00:00"
1238,"91",3,"12/15/10 00:00:00"
1239,"28",12,"12/15/10 00:00:00"
1240,"54",12,"12/15/10 00:00:00"
1241,"58",12,"12/15/10 00:00:00"
1242,"02",3,"12/15/10 00:00:00"
1243,"02",1,"12/15/10 00:00:00"
1244,"02",11,"12/15/10 00:00:00"
1245,"07",1,"12/15/10 00:00:00"
1246,"08",1,"12/15/10 00:00:00"
1247,"75",1,"12/15/10 00:00:00"
1248,"01",3,"01/30/11 00:00:00"
1249,"01",13,"01/30/11 00:00:00"
1250,"03",11,"01/30/11 00:00:00"
1251,"04",11,"01/30/11 00:00:00"
1252,"06",13,"01/30/11 00:00:00"
1253,"06",9,"01/30/11 00:00:00"
1254,"07",11,"01/30/11 00:00:00"
1255,"07",3,"01/30/11 00:00:00"
1256,"08",3,"01/30/11 00:00:00"
1257,"08",8,"01/30/11 00:00:00"
1258,"09",13,"01/30/11 00:00:00"
1259,"09",3,"01/30/11 00:00:00"
1260,"10",13,"01/30/11 00:00:00"
1261,"11",3,"01/30/11 00:00:00"
1262,"114",13,"01/30/11 00:00:00"
1263,"114",19,"01/30/11 00:00:00"
1264,"118",9,"01/30/11 00:00:00"
1265,"120",9,"01/30/11 00:00:00"
1266,"120",10,"01/30/11 00:00:00"
1267,"121",13,"01/30/11 00:00:00"
1268,"123",11,"01/30/11 00:00:00"
1269,"13",13,"01/30/11 00:00:00"
1270,"13",9,"01/30/11 00:00:00"
1271,"133",11,"01/30/11 00:00:00"
1272,"15",3,"01/30/11 00:00:00"
1273,"22",13,"01/30/11 00:00:00"
1274,"25",3,"01/30/11 00:00:00"
1275,"30",13,"01/30/11 00:00:00"
1276,"30",11,"01/30/11 00:00:00"
1277,"31",13,"01/30/11 00:00:00"
1278,"31",3,"01/30/11 00:00:00"
1279,"33",9,"01/30/11 00:00:00"
1280,"33",10,"01/30/11 00:00:00"
1281,"34",17,"01/30/11 00:00:00"
1282,"36",13,"01/30/11 00:00:00"
1283,"37",11,"01/30/11 00:00:00"
1284,"38",11,"01/30/11 00:00:00"
1285,"39",11,"01/30/11 00:00:00"
1286,"40",11,"01/30/11 00:00:00"
1287,"41",11,"01/30/11 00:00:00"
1288,"42",11,"01/30/11 00:00:00"
1289,"44",11,"01/30/11 00:00:00"
1290,"46",11,"01/30/11 00:00:00"
1291,"48",11,"01/30/11 00:00:00"
1292,"50",23,"01/30/11 00:00:00"
1293,"51",11,"01/30/11 00:00:00"
1294,"55",11,"01/30/11 00:00:00"
1295,"56",11,"01/30/11 00:00:00"
1296,"57",3,"01/30/11 00:00:00"
1297,"57",9,"01/30/11 00:00:00"
1298,"64",13,"01/30/11 00:00:00"
1299,"67",9,"01/30/11 00:00:00"
1300,"67",10,"01/30/11 00:00:00"
1301,"68",3,"01/30/11 00:00:00"
1302,"68",13,"01/30/11 00:00:00"
1303,"75",11,"01/30/11 00:00:00"
1304,"89",3,"01/30/11 00:00:00"
1305,"90",3,"01/30/11 00:00:00"
1306,"91",13,"01/30/11 00:00:00"
1307,"91",3,"01/30/11 00:00:00"
1308,"93",13,"01/30/11 00:00:00"
1309,"02",11,"01/30/11 00:00:00"
1310,"02",3,"01/30/11 00:00:00"
1311,"121",18,"03/25/11 00:00:00"
1312,"30",13,"03/25/11 00:00:00"
1313,"30",11,"03/25/11 00:00:00"
1314,"114",19,"03/25/11 00:00:00"
1315,"114",13,"03/25/11 00:00:00"
1316,"120",9,"03/25/11 00:00:00"
1317,"120",10,"03/25/11 00:00:00"
1318,"38",11,"03/25/11 00:00:00"
1319,"57",3,"03/25/11 00:00:00"
1320,"57",9,"03/25/11 00:00:00"
1321,"50",23,"03/25/11 00:00:00"
1322,"01",3,"03/25/11 00:00:00"
1323,"01",13,"03/25/11 00:00:00"
1324,"15",3,"03/25/11 00:00:00"
1325,"44",11,"03/25/11 00:00:00"
1326,"64",13,"03/25/11 00:00:00"
1327,"39",11,"03/25/11 00:00:00"
1328,"51",11,"03/25/11 00:00:00"
1329,"67",9,"03/25/11 00:00:00"
1330,"33",9,"03/25/11 00:00:00"
1331,"33",10,"03/25/11 00:00:00"
1332,"31",13,"03/25/11 00:00:00"
1333,"03",11,"03/25/11 00:00:00"
1334,"122",13,"03/25/11 00:00:00"
1335,"118",9,"03/25/11 00:00:00"
1336,"11",3,"03/25/11 00:00:00"
1337,"98",13,"03/25/11 00:00:00"
1338,"75",11,"03/25/11 00:00:00"
1339,"36",13,"03/25/11 00:00:00"
1340,"46",13,"03/25/11 00:00:00"
1341,"46",11,"03/25/11 00:00:00"
1342,"02",3,"03/25/11 00:00:00"
1343,"02",11,"03/25/11 00:00:00"
1344,"22",13,"03/25/11 00:00:00"
1345,"10",13,"03/25/11 00:00:00"
1346,"68",3,"03/25/11 00:00:00"
1347,"68",13,"03/25/11 00:00:00"
1348,"93",13,"03/25/11 00:00:00"
1349,"07",11,"03/25/11 00:00:00"
1350,"07",3,"03/25/11 00:00:00"
1351,"08",3,"03/25/11 00:00:00"
1352,"08",11,"03/25/11 00:00:00"
1353,"94",13,"03/25/11 00:00:00"
1354,"37",11,"03/25/11 00:00:00"
1355,"55",11,"03/25/11 00:00:00"
1356,"56",11,"03/25/11 00:00:00"
1357,"89",13,"03/25/11 00:00:00"
1358,"115",11,"03/25/11 00:00:00"
1359,"99",11,"03/25/11 00:00:00"
1360,"91",13,"03/25/11 00:00:00"
1361,"91",3,"03/25/11 00:00:00"
1362,"90",3,"03/25/11 00:00:00"
1363,"34",17,"03/25/11 00:00:00"
1364,"05",17,"03/25/11 00:00:00"
1365,"13",9,"03/25/11 00:00:00"
1366,"13",13,"03/25/11 00:00:00"
1367,"125",11,"03/25/11 00:00:00"
1368,"48",11,"03/25/11 00:00:00"
1369,"40",11,"03/25/11 00:00:00"
1370,"04",11,"03/25/11 00:00:00"
1371,"123",11,"03/25/11 00:00:00"
1372,"09",13,"03/25/11 00:00:00"
1373,"09",3,"03/25/11 00:00:00"
1374,"06",13,"03/25/11 00:00:00"
1375,"06",9,"03/25/11 00:00:00"
1376,"130",9,"03/25/11 00:00:00"
1377,"130",10,"03/25/11 00:00:00"
1378,"41",11,"03/25/11 00:00:00"
1379,"121",13,
1380,"01",3,"05/20/11 00:00:00"
1381,"01",13,"05/20/11 00:00:00"
1382,"03",11,"05/20/11 00:00:00"
1383,"04",11,"05/20/11 00:00:00"
1384,"06",13,"05/20/11 00:00:00"
1385,"06",9,"05/20/11 00:00:00"
1386,"07",3,"05/20/11 00:00:00"
1387,"07",11,"05/20/11 00:00:00"
1388,"08",3,"05/20/11 00:00:00"
1389,"08",11,"05/20/11 00:00:00"
1390,"09",3,"05/20/11 00:00:00"
1391,"09",13,"05/20/11 00:00:00"
1392,"10",13,"05/20/11 00:00:00"
1393,"11",3,"05/20/11 00:00:00"
1394,"114",19,"05/20/11 00:00:00"
1395,"114",13,"05/20/11 00:00:00"
1396,"118",9,"05/20/11 00:00:00"
1397,"120",9,"05/20/11 00:00:00"
1398,"120",10,"05/20/11 00:00:00"
1399,"121",18,"05/20/11 00:00:00"
1400,"123",11,"05/20/11 00:00:00"
1401,"13",9,"05/20/11 00:00:00"
1402,"13",13,"05/20/11 00:00:00"
1403,"133",11,"05/20/11 00:00:00"
1404,"15",3,"05/20/11 00:00:00"
1405,"22",13,"05/20/11 00:00:00"
1406,"30",13,"05/20/11 00:00:00"
1407,"30",11,"05/20/11 00:00:00"
1408,"31",13,"05/20/11 00:00:00"
1409,"33",9,"05/20/11 00:00:00"
1410,"33",10,"05/20/11 00:00:00"
1411,"34",17,"05/20/11 00:00:00"
1412,"36",13,"05/20/11 00:00:00"
1413,"37",11,"05/20/11 00:00:00"
1414,"38",11,"05/20/11 00:00:00"
1415,"39",11,"05/20/11 00:00:00"
1416,"40",11,"05/20/11 00:00:00"
1417,"42",11,"05/20/11 00:00:00"
1418,"44",11,"05/20/11 00:00:00"
1419,"46",13,"05/20/11 00:00:00"
1420,"46",11,"05/20/11 00:00:00"
1421,"48",11,"05/20/11 00:00:00"
1422,"50",23,"05/20/11 00:00:00"
1423,"50",1,"03/20/11 00:00:00"
1424,"51",11,"05/20/11 00:00:00"
1425,"55",11,"05/20/11 00:00:00"
1426,"56",11,"05/20/11 00:00:00"
1427,"57",3,"05/20/11 00:00:00"
1428,"57",9,"05/20/11 00:00:00"
1429,"64",13,"05/20/11 00:00:00"
1430,"67",9,"05/20/11 00:00:00"
1431,"67",10,"05/20/11 00:00:00"
1432,"68",3,"05/20/11 00:00:00"
1433,"68",13,"05/20/11 00:00:00"
1434,"75",11,"05/20/11 00:00:00"
1435,"89",13,"05/20/11 00:00:00"
1436,"89",3,"05/20/11 00:00:00"
1437,"91",13,"05/20/11 00:00:00"
1438,"91",3,"05/20/11 00:00:00"
1439,"93",13,"05/20/11 00:00:00"
1440,"01",3,"07/15/11 00:00:00"
1441,"01",13,"07/15/11 00:00:00"
1442,"03",11,"07/15/11 00:00:00"
1443,"04",11,"07/15/11 00:00:00"
1444,"06",13,"07/15/11 00:00:00"
1445,"06",9,"07/15/11 00:00:00"
1446,"07",11,"07/15/11 00:00:00"
1447,"07",3,"07/15/11 00:00:00"
1448,"08",11,"07/15/11 00:00:00"
1449,"08",3,"07/15/11 00:00:00"
1450,"09",3,"07/15/11 00:00:00"
1451,"09",13,"07/15/11 00:00:00"
1452,"10",13,"07/15/11 00:00:00"
1453,"11",3,"07/15/11 00:00:00"
1454,"114",19,"07/15/11 00:00:00"
1455,"114",13,"07/15/11 00:00:00"
1456,"120",10,"07/15/11 00:00:00"
1457,"120",9,"07/15/11 00:00:00"
1458,"121",18,"07/15/11 00:00:00"
1459,"13",13,"07/15/11 00:00:00"
1460,"13",9,"07/15/11 00:00:00"
1461,"131",9,"07/15/11 00:00:00"
1462,"132",11,"07/15/11 00:00:00"
1463,"132",3,"07/15/11 00:00:00"
1464,"22",13,"07/15/11 00:00:00"
1465,"29",5,"07/15/11 00:00:00"
1466,"30",11,"07/15/11 00:00:00"
1467,"30",13,"07/15/11 00:00:00"
1468,"31",13,"07/15/11 00:00:00"
1469,"31",3,"07/15/11 00:00:00"
1470,"33",10,"07/15/11 00:00:00"
1471,"33",9,"07/15/11 00:00:00"
1472,"34",17,"07/15/11 00:00:00"
1473,"36",13,"07/15/11 00:00:00"
1474,"37",11,"07/15/11 00:00:00"
1475,"38",11,"07/15/11 00:00:00"
1476,"39",11,"07/15/11 00:00:00"
1477,"40",11,"07/15/11 00:00:00"
1478,"42",11,"07/15/11 00:00:00"
1479,"46",13,"07/15/11 00:00:00"
1480,"46",11,"07/15/11 00:00:00"
1481,"48",11,"07/15/11 00:00:00"
1482,"51",11,"07/15/11 00:00:00"
1483,"55",11,"07/15/11 00:00:00"
1484,"56",11,"07/15/11 00:00:00"
1485,"57",9,"07/15/11 00:00:00"
1486,"57",3,"07/15/11 00:00:00"
1487,"64",13,"07/15/11 00:00:00"
1488,"67",10,"07/15/11 00:00:00"
1489,"67",9,"07/15/11 00:00:00"
1490,"68",13,"07/15/11 00:00:00"
1491,"68",3,"07/15/11 00:00:00"
1492,"75",11,"07/15/11 00:00:00"
1493,"89",3,"07/15/11 00:00:00"
1494,"89",13,"07/15/11 00:00:00"
1495,"91",3,"07/15/11 00:00:00"
1496,"91",13,"07/15/11 00:00:00"
1497,"93",13,"07/15/11 00:00:00"
1498,"77",25,"07/15/11 00:00:00"
1499,"07",8,"07/15/11 00:00:00"
1500,"08",8,"07/15/11 00:00:00"
1501,"134",13,"07/25/11 00:00:00"
1502,"134",2,"07/15/11 00:00:00"
1503,"72",13,"07/15/11 00:00:00"
1504,"75",8,"07/15/11 00:00:00"
1505,"98",13,"07/15/11 00:00:00"
1506,"94",26,"01/10/11 00:00:00"
1507,"01",13,"08/25/11 00:00:00"
1508,"02",3,"08/25/11 00:00:00"
1509,"02",11,"08/25/11 00:00:00"
1510,"03",11,"08/25/11 00:00:00"
1511,"04",11,"08/25/11 00:00:00"
1512,"05",17,"08/25/11 00:00:00"
1513,"06",13,"08/25/11 00:00:00"
1514,"06",9,"08/25/11 00:00:00"
1515,"07",11,"08/25/11 00:00:00"
1516,"07",3,"08/25/11 00:00:00"
1517,"08",11,"08/25/11 00:00:00"
1518,"09",11,"08/25/11 00:00:00"
1519,"09",3,"08/25/11 00:00:00"
1520,"10",13,"08/25/11 00:00:00"
1521,"100",11,
1522,"11",3,"08/25/11 00:00:00"
1523,"114",19,"08/25/11 00:00:00"
1524,"114",13,"08/25/11 00:00:00"
1525,"115",11,"08/25/11 00:00:00"
1526,"118",9,"08/25/11 00:00:00"
1527,"120",9,"08/25/11 00:00:00"
1528,"120",10,"08/25/11 00:00:00"
1529,"121",18,"08/25/11 00:00:00"
1530,"122",11,"08/25/11 00:00:00"
1531,"125",11,"08/25/11 00:00:00"
1532,"13",13,"08/25/11 00:00:00"
1533,"13",9,"08/25/11 00:00:00"
1534,"130",9,"08/25/11 00:00:00"
1535,"130",10,"08/25/11 00:00:00"
1536,"132",3,"08/25/11 00:00:00"
1537,"133",11,"08/25/11 00:00:00"
1538,"14",13,"08/25/11 00:00:00"
1539,"14",9,
1540,"15",11,"07/20/11 00:00:00"
1541,"15",3,"08/25/11 00:00:00"
1542,"15",13,"08/25/11 00:00:00"
1543,"16",11,"08/25/11 00:00:00"
1544,"22",13,"08/25/11 00:00:00"
1545,"29",9,"08/25/11 00:00:00"
1546,"30",11,"08/25/11 00:00:00"
1547,"31",11,"08/25/11 00:00:00"
1548,"33",9,"08/25/11 00:00:00"
1549,"33",10,"08/25/11 00:00:00"
1550,"34",17,"08/25/11 00:00:00"
1551,"35",9,"08/25/11 00:00:00"
1552,"36",13,"08/25/11 00:00:00"
1553,"37",11,"08/25/11 00:00:00"
1554,"38",11,"08/25/11 00:00:00"
1555,"39",11,"08/25/11 00:00:00"
1556,"40",11,"08/25/11 00:00:00"
1557,"41",11,"08/25/11 00:00:00"
1558,"42",11,"08/25/11 00:00:00"
1559,"44",11,"08/25/11 00:00:00"
1560,"46",13,"08/25/11 00:00:00"
1561,"47",19,"08/25/11 00:00:00"
1562,"47",13,"08/25/11 00:00:00"
1563,"48",11,"08/25/11 00:00:00"
1564,"50",23,"08/25/11 00:00:00"
1565,"51",11,"08/25/11 00:00:00"
1566,"55",11,"08/25/11 00:00:00"
1567,"56",11,"08/25/11 00:00:00"
1568,"57",3,"08/25/11 00:00:00"
1569,"57",9,"08/25/11 00:00:00"
1570,"64",13,"08/25/11 00:00:00"
1571,"67",9,"08/25/11 00:00:00"
1572,"67",10,"08/25/11 00:00:00"
1573,"68",13,"08/25/11 00:00:00"
1574,"68",3,"08/25/11 00:00:00"
1575,"75",11,"08/25/11 00:00:00"
1576,"90",3,"08/25/11 00:00:00"
1577,"91",3,"08/25/11 00:00:00"
1578,"91",13,"08/25/11 00:00:00"
1579,"93",13,"08/25/11 00:00:00"
1580,"94",13,"08/25/11 00:00:00"
1581,"98",13,"08/25/11 00:00:00"
1582,"99",11,"08/25/11 00:00:00"
1583,"16",5,"10/05/11 00:00:00"
1584,"01",3,"11/10/11 00:00:00"
1585,"03",11,"11/10/11 00:00:00"
1586,"04",11,"11/10/11 00:00:00"
1588,"121",18,"10/30/11 00:00:00"
1589,"30",11,"10/30/11 00:00:00"
1590,"30",13,"10/30/11 00:00:00"
1591,"114",13,"10/30/11 00:00:00"
1592,"114",19,"10/30/11 00:00:00"
1593,"135",19,"10/30/11 00:00:00"
1594,"120",10,"10/30/11 00:00:00"
1595,"120",9,"10/30/11 00:00:00"
1596,"38",11,"10/30/11 00:00:00"
1597,"57",3,"10/30/11 00:00:00"
1598,"57",9,"10/30/11 00:00:00"
1599,"50",23,"10/30/11 00:00:00"
1600,"134",13,"10/30/11 00:00:00"
1601,"15",3,"10/30/11 00:00:00"
1602,"44",11,"10/30/11 00:00:00"
1603,"64",13,"10/30/11 00:00:00"
1604,"72",13,"10/30/11 00:00:00"
1605,"67",9,"10/30/11 00:00:00"
1606,"67",10,"10/30/11 00:00:00"
1607,"130",10,"10/30/11 00:00:00"
1608,"130",9,"10/30/11 00:00:00"
1609,"33",10,"10/30/11 00:00:00"
1610,"33",9,"10/30/11 00:00:00"
1611,"31",11,"10/30/11 00:00:00"
1612,"31",3,"11/30/11 00:00:00"
1613,"03",11,"10/30/11 00:00:00"
1614,"122",11,"10/30/11 00:00:00"
1615,"118",9,"10/30/11 00:00:00"
1616,"91",3,"10/30/11 00:00:00"
1617,"91",13,"10/30/11 00:00:00"
1618,"11",3,"10/30/11 00:00:00"
1619,"36",13,"10/30/11 00:00:00"
1620,"90",3,"10/30/11 00:00:00"
1621,"46",13,"10/30/11 00:00:00"
1622,"46",11,"10/30/11 00:00:00"
1623,"02",3,"10/30/11 00:00:00"
1624,"02",11,"10/30/11 00:00:00"
1625,"22",13,"10/30/11 00:00:00"
1626,"10",13,"10/30/11 00:00:00"
1627,"13",13,"10/30/11 00:00:00"
1628,"13",9,"10/30/11 00:00:00"
1629,"06",13,"11/10/11 00:00:00"
1630,"06",3,"11/10/11 00:00:00"
1631,"09",3,"10/30/11 00:00:00"
1632,"09",13,"10/30/11 00:00:00"
1633,"68",3,"10/30/11 00:00:00"
1634,"68",13,"10/30/11 00:00:00"
1635,"93",13,"10/30/11 00:00:00"
1636,"07",3,"10/30/11 00:00:00"
1637,"07",11,"10/30/11 00:00:00"
1638,"08",11,"10/30/11 00:00:00"
1639,"08",3,"10/30/11 00:00:00"
1640,"75",11,"10/30/11 00:00:00"
1641,"75",3,"10/30/11 00:00:00"
1642,"37",11,"10/30/11 00:00:00"
1643,"55",11,"10/30/11 00:00:00"
1644,"56",11,"10/30/11 00:00:00"
1645,"51",11,"10/30/11 00:00:00"
1646,"41",11,"10/30/11 00:00:00"
1647,"35",9,"10/30/11 00:00:00"
1648,"34",17,"10/30/11 00:00:00"
1649,"05",17,"10/30/11 00:00:00"
1650,"115",11,"10/30/11 00:00:00"
1651,"99",11,"10/30/11 00:00:00"
1652,"133",11,"10/30/11 00:00:00"
1653,"125",11,"10/30/11 00:00:00"
1654,"42",11,"10/30/11 00:00:00"
1655,"48",11,"10/30/11 00:00:00"
1656,"40",11,"10/30/11 00:00:00"
1657,"04",11,
1658,"47",13,"10/30/11 00:00:00"
1659,"47",19,"10/30/11 00:00:00"
1660,"24",9,"10/30/11 00:00:00"
1661,"01",3,"03/05/12 00:00:00"
1662,"01",13,"03/05/12 00:00:00"
1663,"03",11,"03/05/12 00:00:00"
1664,"04",11,"03/05/12 00:00:00"
1665,"06",13,"03/05/12 00:00:00"
1666,"06",3,"03/05/12 00:00:00"
1667,"07",3,"03/05/12 00:00:00"
1668,"07",11,"03/05/12 00:00:00"
1669,"08",11,"03/05/12 00:00:00"
1670,"08",3,"03/05/12 00:00:00"
1671,"09",3,"03/05/12 00:00:00"
1672,"09",13,"03/05/12 00:00:00"
1673,"10",13,"03/05/12 00:00:00"
1674,"11",3,"03/05/12 00:00:00"
1675,"114",19,"03/05/12 00:00:00"
1676,"114",13,"03/05/12 00:00:00"
1677,"118",9,"03/05/12 00:00:00"
1678,"120",10,"03/05/12 00:00:00"
1679,"120",9,"03/05/12 00:00:00"
1680,"121",18,"03/05/12 00:00:00"
1681,"13",13,"03/05/12 00:00:00"
1682,"13",9,"03/05/12 00:00:00"
1683,"133",11,"03/05/12 00:00:00"
1684,"15",3,"03/05/12 00:00:00"
1685,"22",13,"03/05/12 00:00:00"
1686,"30",13,"03/05/12 00:00:00"
1687,"30",3,"03/05/12 00:00:00"
1688,"31",3,"03/05/12 00:00:00"
1689,"31",11,"03/05/12 00:00:00"
1690,"33",9,"03/05/12 00:00:00"
1691,"33",10,"03/05/12 00:00:00"
1692,"34",17,"03/05/12 00:00:00"
1693,"36",13,"03/05/12 00:00:00"
1694,"37",11,"03/05/12 00:00:00"
1695,"38",11,"03/05/12 00:00:00"
1696,"39",11,"03/05/12 00:00:00"
1697,"40",11,"03/05/12 00:00:00"
1698,"42",11,"03/05/12 00:00:00"
1699,"44",11,"03/05/12 00:00:00"
1700,"46",13,"03/05/12 00:00:00"
1701,"46",11,"03/05/12 00:00:00"
1702,"48",11,"03/05/12 00:00:00"
1703,"50",23,"03/05/12 00:00:00"
1704,"51",11,"03/05/12 00:00:00"
1705,"55",11,"03/05/12 00:00:00"
1706,"56",11,"03/05/12 00:00:00"
1707,"57",3,"03/05/12 00:00:00"
1708,"57",9,"03/05/12 00:00:00"
1709,"64",13,"03/05/12 00:00:00"
1710,"67",9,"03/05/12 00:00:00"
1711,"67",10,"03/05/12 00:00:00"
1712,"68",13,"03/05/12 00:00:00"
1713,"68",3,"03/05/12 00:00:00"
1714,"75",11,"03/05/12 00:00:00"
1715,"75",3,"03/05/12 00:00:00"
1716,"75",8,"01/30/12 00:00:00"
1717,"89",13,"03/05/12 00:00:00"
1718,"89",3,"03/05/12 00:00:00"
1719,"91",13,"03/05/12 00:00:00"
1720,"91",3,"03/05/12 00:00:00"
1721,"93",13,"03/05/12 00:00:00"
1722,"134",13,"03/05/12 00:00:00"
1723,"134",2,"03/05/12 00:00:00"
1724,"07",8,"03/05/12 00:00:00"
1725,"08",8,"01/30/12 00:00:00"
1726,"75",8,"01/30/12 00:00:00"
1727,"01",13,"05/05/12 00:00:00"
1728,"01",3,"05/05/12 00:00:00"
1729,"02",3,"05/05/12 00:00:00"
1730,"02",11,"05/05/12 00:00:00"
1731,"03",13,"05/05/12 00:00:00"
1732,"04",13,"05/05/12 00:00:00"
1733,"06",13,"05/05/12 00:00:00"
1734,"06",9,"05/05/12 00:00:00"
1735,"07",11,"05/05/12 00:00:00"
1736,"07",3,"05/05/12 00:00:00"
1737,"07",8,"05/05/12 00:00:00"
1738,"08",3,"05/05/12 00:00:00"
1739,"08",11,"05/05/12 00:00:00"
1740,"08",8,"05/05/12 00:00:00"
1741,"09",3,"05/05/12 00:00:00"
1742,"09",13,"05/05/12 00:00:00"
1743,"10",13,"05/05/12 00:00:00"
1744,"100",11,"05/05/12 00:00:00"
1745,"11",3,"05/05/12 00:00:00"
1746,"114",13,"05/05/12 00:00:00"
1747,"114",19,"05/05/12 00:00:00"
1748,"115",11,"05/05/12 00:00:00"
1749,"118",9,"05/05/12 00:00:00"
1750,"12",3,"05/05/12 00:00:00"
1751,"121",18,"05/05/12 00:00:00"
1752,"120",9,"05/05/12 00:00:00"
1754,"120",10,"05/05/12 00:00:00"
1755,"122",13,"05/05/12 00:00:00"
1756,"125",11,"05/05/12 00:00:00"
1757,"13",13,"05/05/12 00:00:00"
1758,"13",9,"05/05/12 00:00:00"
1759,"130",9,"05/05/12 00:00:00"
1760,"130",10,"05/05/12 00:00:00"
1761,"133",11,"05/05/12 00:00:00"
1762,"134",13,"05/05/12 00:00:00"
1763,"134",9,"05/05/12 00:00:00"
1764,"135",13,
1765,"135",,
1766,"14",13,"05/05/12 00:00:00"
1767,"14",9,"05/05/12 00:00:00"
1768,"29",13,"05/05/12 00:00:00"
1769,"30",11,"05/05/12 00:00:00"
1770,"31",11,"05/05/12 00:00:00"
1771,"33",10,"05/05/12 00:00:00"
1772,"33",9,"05/05/12 00:00:00"
1773,"34",17,"05/05/12 00:00:00"
1774,"35",9,"05/05/12 00:00:00"
1775,"36",13,"05/05/12 00:00:00"
1776,"37",11,"05/05/12 00:00:00"
1777,"38",11,"05/05/12 00:00:00"
1778,"39",11,"05/05/12 00:00:00"
1779,"40",11,"05/05/12 00:00:00"
1780,"41",11,"05/05/12 00:00:00"
1781,"42",11,"05/05/12 00:00:00"
1782,"44",11,"05/05/12 00:00:00"
1783,"46",11,"05/05/12 00:00:00"
1784,"46",13,"05/05/12 00:00:00"
1785,"47",19,"05/05/12 00:00:00"
1786,"47",13,"05/05/12 00:00:00"
1787,"47",5,"05/05/12 00:00:00"
1788,"48",11,"05/05/12 00:00:00"
1789,"50",23,"05/05/12 00:00:00"
1790,"51",11,"05/05/12 00:00:00"
1791,"55",11,"05/05/12 00:00:00"
1792,"55",17,"05/05/12 00:00:00"
1793,"56",11,"05/05/12 00:00:00"
1794,"56",17,"05/05/12 00:00:00"
1795,"57",9,"05/05/12 00:00:00"
1796,"57",3,"05/05/12 00:00:00"
1797,"64",13,"05/05/12 00:00:00"
1798,"67",9,"05/05/12 00:00:00"
1799,"67",10,"05/05/12 00:00:00"
1800,"68",13,"05/05/12 00:00:00"
1801,"68",3,"05/05/12 00:00:00"
1802,"75",3,"05/05/12 00:00:00"
1803,"75",11,"05/05/12 00:00:00"
1804,"75",8,"05/05/12 00:00:00"
1805,"77",11,"05/05/12 00:00:00"
1806,"90",3,"05/05/12 00:00:00"
1807,"93",13,"05/05/12 00:00:00"
1808,"91",13,"05/05/12 00:00:00"
1809,"91",3,"05/05/12 00:00:00"
1810,"94",11,"05/05/12 00:00:00"
1811,"99",11,"05/05/12 00:00:00"
1812,"72",13,"05/05/12 00:00:00"
1813,"01",13,"07/05/12 00:00:00"
1814,"01",3,"07/05/12 00:00:00"
1815,"01",13,"10/10/12 00:00:00"
1816,"01",3,"10/10/12 00:00:00"
1817,"02",11,"07/05/12 00:00:00"
1818,"02",3,"07/05/12 00:00:00"
1819,"02",11,"10/10/12 00:00:00"
1820,"02",3,"10/10/12 00:00:00"
1821,"03",11,"07/05/12 00:00:00"
1822,"03",11,"07/05/12 00:00:00"
1823,"04",11,"07/05/12 00:00:00"
1824,"04",11,"10/10/12 00:00:00"
1825,"05",17,"07/05/12 00:00:00"
1826,"06",13,"07/05/12 00:00:00"
1827,"06",9,"07/05/12 00:00:00"
1828,"06",13,"10/10/12 00:00:00"
1829,"06",9,"10/10/12 00:00:00"
1830,"07",3,"07/05/12 00:00:00"
1831,"07",11,"07/05/12 00:00:00"
1832,"07",3,"10/10/12 00:00:00"
1833,"07",11,"10/10/12 00:00:00"
1834,"07",8,"10/10/12 00:00:00"
1835,"08",3,"07/05/12 00:00:00"
1836,"08",11,"07/05/12 00:00:00"
1837,"08",3,"10/10/12 00:00:00"
1838,"08",11,"10/10/12 00:00:00"
1839,"08",8,"10/10/12 00:00:00"
1840,"09",13,"07/05/12 00:00:00"
1841,"09",3,"07/05/12 00:00:00"
1842,"09",13,"10/10/12 00:00:00"
1843,"09",3,"10/10/12 00:00:00"
1844,"10",13,"07/05/12 00:00:00"
1845,"10",13,"10/10/12 00:00:00"
1846,"100",11,"07/05/12 00:00:00"
1847,"100",11,"10/10/12 00:00:00"
1848,"11",3,"07/05/12 00:00:00"
1849,"11",3,"10/10/12 00:00:00"
1850,"114",19,"07/05/12 00:00:00"
1851,"114",13,"07/05/12 00:00:00"
1852,"114",19,"10/10/12 00:00:00"
1853,"114",13,"10/10/12 00:00:00"
1854,"118",9,"07/05/12 00:00:00"
1855,"118",9,"10/10/12 00:00:00"
1856,"120",10,"07/05/12 00:00:00"
1857,"120",9,"07/05/12 00:00:00"
1858,"120",10,"10/10/12 00:00:00"
1859,"120",9,"10/10/12 00:00:00"
1860,"121",18,"07/07/12 00:00:00"
1861,"121",18,"10/10/12 00:00:00"
1862,"13",9,"07/05/12 00:00:00"
1863,"13",13,"07/05/12 00:00:00"
1864,"13",9,"10/10/12 00:00:00"
1865,"13",13,"10/10/12 00:00:00"
1866,"130",9,"07/05/12 00:00:00"
1867,"130",10,"07/05/12 00:00:00"
1868,"130",9,"10/10/12 00:00:00"
1869,"130",10,"10/10/12 00:00:00"
1870,"133",11,"07/05/12 00:00:00"
1871,"133",11,"10/10/12 00:00:00"
1872,"134",13,"07/05/12 00:00:00"
1873,"134",9,"07/05/12 00:00:00"
1874,"134",13,"10/10/12 00:00:00"
1875,"134",9,"10/10/12 00:00:00"
1876,"15",3,"07/05/12 00:00:00"
1877,"15",3,"10/10/12 00:00:00"
1878,"15",13,"07/05/12 00:00:00"
1879,"22",13,"07/05/12 00:00:00"
1880,"22",13,"10/10/12 00:00:00"
1881,"30",11,"07/05/12 00:00:00"
1882,"30",11,"10/10/12 00:00:00"
1883,"31",11,"07/05/12 00:00:00"
1884,"31",3,"07/05/12 00:00:00"
1885,"31",11,"10/10/12 00:00:00"
1886,"31",3,"10/10/12 00:00:00"
1887,"33",10,"07/05/12 00:00:00"
1888,"33",9,"07/05/12 00:00:00"
1889,"33",10,"10/10/12 00:00:00"
1890,"33",9,"10/10/12 00:00:00"
1891,"34",17,"07/05/12 00:00:00"
1892,"34",17,"10/10/12 00:00:00"
1893,"36",13,"07/05/12 00:00:00"
1894,"36",13,"10/10/12 00:00:00"
1895,"37",11,"07/05/12 00:00:00"
1896,"37",11,"10/10/12 00:00:00"
1897,"39",11,"07/05/12 00:00:00"
1898,"39",11,"10/10/12 00:00:00"
1899,"40",11,"07/05/12 00:00:00"
1900,"40",11,"10/10/12 00:00:00"
1901,"41",11,"07/05/12 00:00:00"
1902,"41",11,"10/10/12 00:00:00"
1903,"42",11,"07/05/12 00:00:00"
1904,"42",11,"10/10/12 00:00:00"
1905,"46",13,"07/05/12 00:00:00"
1906,"46",11,"07/05/12 00:00:00"
1907,"46",13,"10/10/12 00:00:00"
1908,"46",11,"10/10/12 00:00:00"
1909,"48",11,"07/05/12 00:00:00"
1910,"48",11,"10/10/12 00:00:00"
1911,"50",23,"07/05/12 00:00:00"
1912,"50",23,"10/10/12 00:00:00"
1913,"125",11,"07/05/12 00:00:00"
1914,"125",11,"10/10/12 00:00:00"
1915,"51",11,"07/05/12 00:00:00"
1916,"51",11,"10/10/12 00:00:00"
1917,"55",11,"07/05/12 00:00:00"
1918,"55",11,"10/05/12 00:00:00"
1919,"56",11,"07/05/12 00:00:00"
1920,"56",11,"10/05/12 00:00:00"
1921,"57",3,"07/05/12 00:00:00"
1922,"57",9,"07/05/12 00:00:00"
1923,"57",3,"10/10/12 00:00:00"
1924,"57",9,"10/10/12 00:00:00"
1925,"57",,
1926,"67",9,"07/05/12 00:00:00"
1927,"67",10,"07/05/12 00:00:00"
1928,"67",9,"10/10/12 00:00:00"
1929,"67",10,"10/10/12 00:00:00"
1930,"68",3,"07/05/12 00:00:00"
1931,"68",13,"07/05/12 00:00:00"
1932,"68",3,"10/10/12 00:00:00"
1933,"68",13,"10/10/12 00:00:00"
1934,"75",3,"07/05/12 00:00:00"
1935,"75",11,"07/05/12 00:00:00"
1936,"75",3,"10/10/12 00:00:00"
1937,"75",11,"10/10/12 00:00:00"
1938,"77",11,"07/05/12 00:00:00"
1939,"77",11,"10/10/12 00:00:00"
1940,"89",3,"07/05/12 00:00:00"
1941,"89",13,"07/05/12 00:00:00"
1942,"89",3,"10/10/12 00:00:00"
1943,"89",13,"10/10/12 00:00:00"
1944,"90",3,"07/05/12 00:00:00"
1945,"90",3,"10/10/12 00:00:00"
1946,"91",3,"07/05/12 00:00:00"
1947,"91",13,"07/05/12 00:00:00"
1948,"91",3,"10/10/12 00:00:00"
1949,"91",13,"10/10/12 00:00:00"
1950,"30",11,"01/10/13 00:00:00"
1951,"114",19,"01/10/13 00:00:00"
1952,"114",13,"01/10/13 00:00:00"
1953,"135",19,"01/10/13 00:00:00"
1954,"135",13,"01/10/13 00:00:00"
1955,"135",14,"01/10/13 00:00:00"
1956,"38",11,"01/10/13 00:00:00"
1957,"57",9,"01/10/13 00:00:00"
1958,"57",3,"01/10/13 00:00:00"
1959,"50",23,"01/10/13 00:00:00"
1960,"01",13,"01/10/13 00:00:00"
1961,"01",3,"01/10/13 00:00:00"
1962,"134",2,"01/10/13 00:00:00"
1963,"134",13,"01/10/13 00:00:00"
1964,"15",3,"01/10/13 00:00:00"
1965,"44",11,"01/10/13 00:00:00"
1966,"44",17,"01/10/13 00:00:00"
1967,"64",13,"01/10/13 00:00:00"
1968,"39",11,"01/10/13 00:00:00"
1969,"67",10,"01/10/13 00:00:00"
1970,"67",9,"01/10/13 00:00:00"
1971,"33",10,"01/10/13 00:00:00"
1972,"33",9,"01/10/13 00:00:00"
1973,"31",11,"01/10/13 00:00:00"
1974,"31",3,"01/10/13 00:00:00"
1975,"03",13,"01/10/13 00:00:00"
1976,"122",13,"01/10/13 00:00:00"
1977,"122",11,"01/10/13 00:00:00"
1978,"118",9,"01/10/13 00:00:00"
1979,"11",3,"01/10/13 00:00:00"
1980,"36",13,"01/10/13 00:00:00"
1981,"46",11,"01/10/13 00:00:00"
1982,"46",13,"01/10/13 00:00:00"
1983,"02",3,"01/10/13 00:00:00"
1984,"02",17,"01/10/13 00:00:00"
1985,"22",13,"01/10/13 00:00:00"
1986,"10",13,"01/10/13 00:00:00"
1987,"06",13,"01/10/13 00:00:00"
1988,"06",9,"01/10/13 00:00:00"
1989,"09",3,"01/10/13 00:00:00"
1990,"09",13,"01/10/13 00:00:00"
1991,"93",13,"01/10/13 00:00:00"
1992,"93",18,"01/10/13 00:00:00"
1993,"07",3,"01/10/13 00:00:00"
1994,"07",11,"01/10/13 00:00:00"
1995,"08",3,"01/10/13 00:00:00"
1996,"08",1,"10/20/12 00:00:00"
1997,"75",11,"01/10/13 00:00:00"
1998,"94",13,"01/10/13 00:00:00"
1999,"37",11,"01/10/13 00:00:00"
2000,"37",17,"01/10/13 00:00:00"
2001,"55",11,"01/10/13 00:00:00"
2002,"55",17,"01/10/13 00:00:00"
2003,"56",17,"01/10/13 00:00:00"
2004,"56",17,"03/20/13 00:00:00"
2005,"51",11,"01/10/13 00:00:00"
2006,"131",9,"01/10/13 00:00:00"
2007,"34",17,"01/10/13 00:00:00"
2008,"05",17,"01/10/13 00:00:00"
2009,"125",11,"01/10/13 00:00:00"
2010,"42",11,"01/10/13 00:00:00"
2011,"48",11,"01/10/13 00:00:00"
2012,"40",11,"01/10/13 00:00:00"
2013,"04",11,"01/10/13 00:00:00"
2014,"04",13,"01/10/13 00:00:00"
2015,"14",13,"01/10/13 00:00:00"
2016,"14",9,"01/10/13 00:00:00"
2017,"90",3,"01/10/13 00:00:00"
2018,"91",13,"01/10/13 00:00:00"
2019,"35",4,"01/10/13 00:00:00"
2020,"35",11,"01/10/13 00:00:00"
2021,"35",9,"01/10/13 00:00:00"
2022,"29",9,"01/10/13 00:00:00"
2023,"41",11,"01/10/13 00:00:00"
2024,"100",11,"01/10/13 00:00:00"
2025,"89",3,"01/10/13 00:00:00"
2026,"89",13,"01/10/13 00:00:00"
2027,"47",13,"01/10/13 00:00:00"
2028,"47",5,"01/10/13 00:00:00"
2029,"121",18,"01/10/13 00:00:00"
2030,"141",27,
2031,"121",13,"03/20/13 00:00:00"
2032,"30",11,"03/20/13 00:00:00"
2033,"114",13,"03/20/13 00:00:00"
2034,"114",19,"03/20/13 00:00:00"
2035,"135",3,"03/20/13 00:00:00"
2036,"135",13,"03/20/13 00:00:00"
2037,"135",28,"03/20/13 00:00:00"
2038,"120",10,"03/20/13 00:00:00"
2039,"120",9,"03/20/13 00:00:00"
2040,"38",11,"03/20/13 00:00:00"
2041,"57",9,"03/20/13 00:00:00"
2042,"57",3,"03/20/13 00:00:00"
2043,"50",23,"03/20/13 00:00:00"
2044,"01",3,"03/20/13 00:00:00"
2045,"01",13,"03/20/13 00:00:00"
2046,"134",2,"03/20/13 00:00:00"
2047,"134",13,"03/20/13 00:00:00"
2048,"15",3,"03/20/13 00:00:00"
2049,"15",13,"03/20/13 00:00:00"
2050,"15",11,"03/20/13 00:00:00"
2051,"44",11,"03/20/13 00:00:00"
2052,"64",13,"03/20/13 00:00:00"
2053,"39",11,"03/20/13 00:00:00"
2054,"67",9,"03/20/13 00:00:00"
2055,"67",10,"03/20/13 00:00:00"
2056,"33",9,"03/20/13 00:00:00"
2057,"33",10,"03/20/13 00:00:00"
2058,"31",3,"03/20/13 00:00:00"
2059,"31",11,"03/20/13 00:00:00"
2060,"35",9,"03/20/13 00:00:00"
2061,"03",13,"03/20/13 00:00:00"
2062,"122",13,"03/20/13 00:00:00"
2063,"118",9,"03/20/13 00:00:00"
2064,"11",3,"03/20/13 00:00:00"
2065,"36",13,"03/20/13 00:00:00"
2066,"46",13,"03/20/13 00:00:00"
2067,"46",11,"03/20/13 00:00:00"
2068,"02",3,"03/20/13 00:00:00"
2069,"02",11,"03/20/13 00:00:00"
2070,"22",13,"03/20/13 00:00:00"
2071,"10",13,"03/20/13 00:00:00"
2072,"13",13,"03/20/13 00:00:00"
2073,"13",9,"03/20/13 00:00:00"
2074,"06",13,"03/20/13 00:00:00"
2075,"06",9,"03/20/13 00:00:00"
2076,"09",13,"03/20/13 00:00:00"
2077,"09",3,"03/20/13 00:00:00"
2078,"93",18,"03/20/13 00:00:00"
2079,"07",1,"10/20/12 00:00:00"
2080,"07",3,"03/20/13 00:00:00"
2081,"07",11,"03/20/13 00:00:00"
2082,"08",1,"03/20/12 00:00:00"
2083,"08",11,"03/20/13 00:00:00"
2084,"75",1,"10/20/12 00:00:00"
2085,"75",11,"03/20/13 00:00:00"
2086,"94",11,"03/20/13 00:00:00"
2087,"37",11,"03/20/13 00:00:00"
2088,"37",17,"03/20/13 00:00:00"
2089,"55",17,"03/20/13 00:00:00"
2090,"55",11,"03/20/13 00:00:00"
2091,"56",11,"03/20/13 00:00:00"
2092,"51",11,"03/20/13 00:00:00"
2093,"89",11,"03/20/13 00:00:00"
2094,"41",11,"03/20/13 00:00:00"
2095,"100",11,"03/20/13 00:00:00"
2096,"29",9,"03/20/13 00:00:00"
2097,"91",13,"03/20/13 00:00:00"
2098,"90",3,"03/20/13 00:00:00"
2099,"34",17,"03/20/13 00:00:00"
2100,"05",17,"03/20/13 00:00:00"
2101,"131",9,"03/20/13 00:00:00"
2102,"125",11,"03/20/13 00:00:00"
2103,"42",11,"03/20/13 00:00:00"
2104,"48",11,"03/20/13 00:00:00"
2105,"40",11,"03/20/13 00:00:00"
2106,"04",11,"03/20/13 00:00:00"
2107,"47",13,"03/20/13 00:00:00"
2108,"132",11,"03/20/13 00:00:00"
2109,"132",3,"03/20/13 00:00:00"
2110,"30",11,"08/15/13 00:00:00"
2111,"114",13,"08/15/13 00:00:00"
2112,"114",19,"08/15/13 00:00:00"
2113,"135",28,"08/15/13 00:00:00"
2114,"135",3,"08/15/13 00:00:00"
2115,"135",13,"08/15/13 00:00:00"
2116,"120",10,"08/15/13 00:00:00"
2117,"120",9,"08/15/13 00:00:00"
2118,"38",11,"08/15/13 00:00:00"
2119,"57",3,"08/15/13 00:00:00"
2120,"57",9,"08/15/13 00:00:00"
2121,"50",23,"08/15/13 00:00:00"
2122,"134",2,"08/15/13 00:00:00"
2123,"134",13,"08/15/13 00:00:00"
2124,"15",3,"08/15/13 00:00:00"
2125,"44",11,"08/15/13 00:00:00"
2126,"44",13,"08/15/13 00:00:00"
2127,"64",13,"08/15/13 00:00:00"
2128,"39",11,"08/15/13 00:00:00"
2129,"72",1,"07/15/13 00:00:00"
2130,"67",9,"08/15/13 00:00:00"
2131,"67",10,"08/15/13 00:00:00"
2132,"33",10,"08/15/13 00:00:00"
2133,"33",9,"08/15/13 00:00:00"
2134,"31",11,"08/05/13 00:00:00"
2135,"03",13,"08/15/13 00:00:00"
2136,"122",13,"08/15/13 00:00:00"
2137,"118",9,"08/15/13 00:00:00"
2138,"11",3,"08/15/13 00:00:00"
2139,"11",11,"08/15/13 00:00:00"
2140,"36",13,"08/15/13 00:00:00"
2141,"46",13,"08/15/13 00:00:00"
2142,"46",11,"08/15/13 00:00:00"
2143,"02",3,"08/15/13 00:00:00"
2144,"02",11,"08/15/13 00:00:00"
2145,"22",13,"08/15/13 00:00:00"
2146,"10",13,"08/15/13 00:00:00"
2147,"13",13,"08/15/13 00:00:00"
2148,"13",9,"08/15/13 00:00:00"
2149,"06",13,"08/15/13 00:00:00"
2150,"06",9,"08/15/13 00:00:00"
2151,"09",13,"08/15/13 00:00:00"
2152,"09",11,"08/15/13 00:00:00"
2153,"68",13,"08/15/13 00:00:00"
2154,"68",3,"08/15/13 00:00:00"
2155,"93",18,"08/15/13 00:00:00"
2156,"07",3,"08/15/13 00:00:00"
2157,"07",11,"08/15/13 00:00:00"
2158,"08",3,"08/15/13 00:00:00"
2159,"08",11,"08/15/13 00:00:00"
2160,"75",11,"08/15/13 00:00:00"
2161,"94",11,"08/15/13 00:00:00"
2162,"37",11,"08/15/13 00:00:00"
2163,"37",17,"08/15/13 00:00:00"
2164,"55",17,"08/15/13 00:00:00"
2165,"55",11,"08/15/13 00:00:00"
2166,"56",11,"08/15/13 00:00:00"
2167,"51",11,"08/15/13 00:00:00"
2168,"89",3,"08/15/13 00:00:00"
2169,"41",11,"08/15/13 00:00:00"
2170,"100",11,"08/15/13 00:00:00"
2171,"35",9,"08/15/13 00:00:00"
2172,"35",11,"08/15/13 00:00:00"
2173,"91",13,"08/15/13 00:00:00"
2174,"90",3,"08/15/13 00:00:00"
2175,"34",17,"08/15/13 00:00:00"
2176,"05",17,"08/15/13 00:00:00"
2177,"14",13,"08/15/13 00:00:00"
2178,"14",9,"08/15/13 00:00:00"
2179,"131",9,"08/15/13 00:00:00"
2180,"115",11,"08/15/13 00:00:00"
2181,"99",11,"08/15/13 00:00:00"
2182,"133",11,"08/15/13 00:00:00"
2183,"125",11,"08/15/13 00:00:00"
2184,"48",11,"08/15/13 00:00:00"
2185,"40",11,"08/15/13 00:00:00"
2186,"47",19,"08/15/13 00:00:00"
2187,"47",5,"08/15/13 00:00:00"
2188,"24",13,"08/15/13 00:00:00"
2189,"121",13,"12/20/13 00:00:00"
2190,"30",11,"12/20/13 00:00:00"
2191,"114",13,"12/20/13 00:00:00"
2192,"114",19,"12/20/13 00:00:00"
2193,"135",3,"12/20/13 00:00:00"
2194,"135",13,"12/20/13 00:00:00"
2195,"116",3,"12/10/13 00:00:00"
2196,"54",12,"12/10/13 00:00:00"
2197,"28",12,"12/10/13 00:00:00"
2198,"120",10,"12/10/13 00:00:00"
2199,"120",9,
2200,"38",11,"12/10/13 00:00:00"
2201,"57",3,"12/10/13 00:00:00"
2202,"57",9,"12/10/13 00:00:00"
2203,"50",23,"12/10/13 00:00:00"
2204,"01",3,"12/10/13 00:00:00"
2205,"01",13,"12/10/13 00:00:00"
2206,"134",3,"12/20/13 00:00:00"
2207,"134",2,"12/20/13 00:00:00"
2208,"15",3,"12/10/13 00:00:00"
2209,"44",11,"12/10/13 00:00:00"
2210,"64",13,"12/10/13 00:00:00"
2211,"39",11,"12/10/13 00:00:00"
2212,"67",10,"12/10/13 00:00:00"
2213,"67",9,"12/10/13 00:00:00"
2214,"33",10,"12/10/13 00:00:00"
2215,"33",9,"12/10/13 00:00:00"
2216,"31",11,"12/10/13 00:00:00"
2217,"03",13,"12/10/13 00:00:00"
2218,"122",13,"12/10/13 00:00:00"
2219,"91",4,"12/10/13 00:00:00"
2220,"118",9,"12/10/13 00:00:00"
2221,"11",11,"12/10/13 00:00:00"
2222,"11",3,"12/10/13 00:00:00"
2223,"58",12,"12/10/13 00:00:00"
2224,"58",17,"12/10/13 00:00:00"
2225,"36",13,"12/10/13 00:00:00"
2226,"90",23,"12/10/13 00:00:00"
2227,"46",13,"12/10/13 00:00:00"
2228,"46",11,"12/10/13 00:00:00"
2229,"02",3,"12/10/13 00:00:00"
2230,"02",13,"12/10/13 00:00:00"
2231,"22",13,"12/10/13 00:00:00"
2232,"10",13,"12/10/13 00:00:00"
2233,"10",11,"12/10/13 00:00:00"
2234,"05",27,
2235,"13",13,"12/10/13 00:00:00"
2236,"13",9,"12/10/13 00:00:00"
2237,"06",13,"12/10/13 00:00:00"
2238,"06",9,"12/10/13 00:00:00"
2239,"09",13,"12/10/13 00:00:00"
2240,"09",3,"12/10/13 00:00:00"
2241,"09",11,"12/10/13 00:00:00"
2242,"68",13,"12/10/13 00:00:00"
2243,"68",3,"12/10/13 00:00:00"
2244,"93",18,"12/10/13 00:00:00"
2245,"07",1,"12/10/13 00:00:00"
2246,"07",11,"12/10/13 00:00:00"
2247,"07",3,"12/10/13 00:00:00"
2248,"08",1,"12/10/13 00:00:00"
2249,"08",3,"12/10/13 00:00:00"
2250,"08",11,"12/10/13 00:00:00"
2251,"75",11,"12/10/13 00:00:00"
2252,"75",8,"12/01/13 00:00:00"
2253,"08",8,"12/10/13 00:00:00"
2254,"07",8,"12/10/13 00:00:00"
2255,"75",1,"12/10/13 00:00:00"
2256,"94",11,"12/10/13 00:00:00"
2257,"37",11,"12/10/13 00:00:00"
2258,"37",17,"12/10/13 00:00:00"
2259,"55",17,"12/10/13 00:00:00"
2260,"55",11,"12/10/13 00:00:00"
2261,"56",11,"12/10/13 00:00:00"
2262,"51",11,"12/10/13 00:00:00"
2263,"89",11,"12/10/13 00:00:00"
2264,"136",3,"12/10/13 00:00:00"
2265,"41",11,"12/10/13 00:00:00"
2266,"100",11,"12/10/13 00:00:00"
2267,"35",9,"12/10/13 00:00:00"
2268,"35",11,"12/10/13 00:00:00"
2269,"91",13,"12/10/13 00:00:00"
2270,"91",3,"12/10/13 00:00:00"
2271,"90",3,"12/10/13 00:00:00"
2272,"34",17,"12/10/13 00:00:00"
2273,"05",17,"12/10/13 00:00:00"
2274,"05",29,"12/10/13 00:00:00"
2275,"14",13,"12/10/13 00:00:00"
2276,"14",3,"12/10/13 00:00:00"
2277,"131",9,"12/10/13 00:00:00"
2278,"99",11,"12/10/13 00:00:00"
2279,"133",11,"12/10/13 00:00:00"
2280,"125",11,"12/10/13 00:00:00"
2281,"42",11,"12/10/13 00:00:00"
2282,"48",11,"12/10/13 00:00:00"
2283,"40",11,"12/10/13 00:00:00"
2284,"47",19,"12/10/13 00:00:00"
2285,"47",13,"12/10/13 00:00:00"
2286,"24",11,"12/10/13 00:00:00"
2287,"144",23,"12/20/13 00:00:00"
