IDProdDate,Date,Print,PrDateSxolia
996,"01/04/08 00:00:00",0,
997,"01/05/08 00:00:00",0,
998,"01/07/08 00:00:00",0,
999,"01/08/08 00:00:00",0,
1000,"01/09/08 00:00:00",0,
1001,"01/10/08 00:00:00",0,
1002,"01/11/08 00:00:00",0,
1003,"01/12/08 00:00:00",0,
1004,"01/14/08 00:00:00",0,
1005,"01/15/08 00:00:00",0,
1006,"01/16/08 00:00:00",0,
1007,"01/17/08 00:00:00",0,
1008,"01/18/08 00:00:00",0,
1009,"01/19/08 00:00:00",0,
1010,"01/21/08 00:00:00",0,
1011,"01/22/08 00:00:00",0,
1012,"01/23/08 00:00:00",0,
1013,"01/24/08 00:00:00",0,
1014,"01/25/08 00:00:00",0,
1015,"01/26/08 00:00:00",0,
1016,"01/28/08 00:00:00",0,
1017,"01/29/08 00:00:00",0,
1020,"01/30/08 00:00:00",0,
1021,"01/31/08 00:00:00",0,
1022,"02/01/08 00:00:00",0,
1023,"02/02/08 00:00:00",0,
1024,"02/04/08 00:00:00",0,
1025,"02/05/08 00:00:00",0,
1026,"02/06/08 00:00:00",0,
1027,"02/07/08 00:00:00",0,
1028,"02/08/08 00:00:00",0,
1029,"02/09/08 00:00:00",0,
1030,"02/11/08 00:00:00",0,
1031,"02/12/08 00:00:00",0,
1032,"02/13/08 00:00:00",0,
1033,"02/14/08 00:00:00",0,
1035,"02/15/08 00:00:00",0,
1036,"02/16/08 00:00:00",0,
1037,"02/18/08 00:00:00",0,
1038,"02/19/08 00:00:00",0,
1039,"02/20/08 00:00:00",0,
1040,"02/21/08 00:00:00",0,
1041,"02/22/08 00:00:00",0,
1042,"02/23/08 00:00:00",0,
1043,"02/25/08 00:00:00",0,
1044,"02/26/08 00:00:00",0,
1045,"02/27/08 00:00:00",0,
1046,"02/28/08 00:00:00",0,
1047,"02/29/08 00:00:00",0,
1048,"03/01/08 00:00:00",0,
1049,"03/03/08 00:00:00",0,
1050,"03/04/08 00:00:00",0,
1051,"03/05/08 00:00:00",0,
1052,"03/06/08 00:00:00",0,
1053,"03/07/08 00:00:00",0,
1054,"03/08/08 00:00:00",0,
1055,"03/10/08 00:00:00",0,
1056,"03/11/08 00:00:00",0,
1057,"03/12/08 00:00:00",0,
1058,"03/13/08 00:00:00",0,
1059,"03/14/08 00:00:00",0,
1060,"03/15/08 00:00:00",0,
1061,"03/17/08 00:00:00",0,
1062,"03/18/08 00:00:00",0,
1063,"03/19/08 00:00:00",0,
1064,"03/20/08 00:00:00",0,
1065,"03/21/08 00:00:00",0,
1066,"03/22/08 00:00:00",0,
1067,"03/24/08 00:00:00",0,
1068,"03/26/08 00:00:00",0,
1069,"03/27/08 00:00:00",0,
1070,"03/28/08 00:00:00",0,
1071,"03/29/08 00:00:00",0,
1072,"03/31/08 00:00:00",0,
1073,"04/01/08 00:00:00",0,
1074,"04/02/08 00:00:00",0,
1075,"04/03/08 00:00:00",0,
1076,"04/04/08 00:00:00",0,
1077,"04/05/08 00:00:00",0,
1078,"04/07/08 00:00:00",0,
1079,"04/08/08 00:00:00",0,
1080,"04/09/08 00:00:00",0,
1081,"04/10/08 00:00:00",0,
1082,"04/11/08 00:00:00",0,
1083,"04/12/08 00:00:00",0,
1084,"04/14/08 00:00:00",0,
1085,"04/15/08 00:00:00",0,
1086,"04/16/08 00:00:00",0,
1087,"04/17/08 00:00:00",0,
1088,"04/18/08 00:00:00",0,
1089,"04/19/08 00:00:00",0,
1090,"04/21/08 00:00:00",0,
1091,"04/22/08 00:00:00",0,
1092,"04/23/08 00:00:00",0,
1093,"04/24/08 00:00:00",0,
1094,"04/25/08 00:00:00",0,
1095,"04/26/08 00:00:00",0,
1096,"04/29/08 00:00:00",0,
1097,"04/30/08 00:00:00",0,
1098,"05/02/08 00:00:00",0,
1099,"05/03/08 00:00:00",0,
1100,"05/05/08 00:00:00",0,
1101,"05/06/08 00:00:00",0,
1102,"05/07/08 00:00:00",0,
1103,"05/08/08 00:00:00",0,
1104,"05/09/08 00:00:00",0,
1105,"05/10/08 00:00:00",0,
1106,"05/12/08 00:00:00",0,
1107,"05/13/08 00:00:00",0,
1108,"05/14/08 00:00:00",0,
1109,"05/15/08 00:00:00",0,
1110,"05/16/08 00:00:00",0,
1111,"05/17/08 00:00:00",0,
1112,"05/19/08 00:00:00",0,
1113,"05/20/08 00:00:00",0,
1114,"05/21/08 00:00:00",0,
1115,"05/22/08 00:00:00",0,
1116,"05/23/08 00:00:00",0,
1117,"05/24/08 00:00:00",0,
1118,"05/26/08 00:00:00",0,
1119,"05/27/08 00:00:00",0,
1120,"05/28/08 00:00:00",0,
1121,"05/29/08 00:00:00",0,
1122,"05/30/08 00:00:00",0,
1123,"05/31/08 00:00:00",0,
1124,"06/02/08 00:00:00",0,
1125,"06/03/08 00:00:00",0,
1126,"06/04/08 00:00:00",0,
1127,"06/05/08 00:00:00",0,
1128,"06/06/08 00:00:00",0,
1129,"06/07/08 00:00:00",0,
1130,"06/09/08 00:00:00",0,
1131,"06/10/08 00:00:00",0,
1132,"06/11/08 00:00:00",0,
1133,"06/12/08 00:00:00",0,
1134,"06/13/08 00:00:00",0,
1135,"06/14/08 00:00:00",0,
1136,"06/17/08 00:00:00",0,
1137,"06/18/08 00:00:00",0,
1138,"06/19/08 00:00:00",0,
1139,"06/20/08 00:00:00",0,
1140,"06/21/08 00:00:00",0,
1141,"06/23/08 00:00:00",0,
1142,"06/24/08 00:00:00",0,
1143,"06/25/08 00:00:00",0,
1144,"06/26/08 00:00:00",0,
1145,"06/27/08 00:00:00",0,
1146,"06/28/08 00:00:00",0,
1147,"06/30/08 00:00:00",0,
1148,"07/01/08 00:00:00",0,
1149,"07/02/08 00:00:00",0,
1150,"07/03/08 00:00:00",0,
1151,"07/04/08 00:00:00",0,
1152,"07/05/08 00:00:00",0,
1153,"07/07/08 00:00:00",0,
1154,"07/08/08 00:00:00",0,
1155,"07/09/08 00:00:00",0,
1156,"07/10/08 00:00:00",0,
1157,"07/11/08 00:00:00",0,
1158,"07/12/08 00:00:00",0,
1159,"07/14/08 00:00:00",0,
1160,"07/15/08 00:00:00",0,
1161,"07/16/08 00:00:00",0,
1162,"07/17/08 00:00:00",0,
1163,"07/18/08 00:00:00",0,
1164,"07/19/08 00:00:00",0,
1165,"07/21/08 00:00:00",0,
1166,"07/22/08 00:00:00",0,
1167,"07/23/08 00:00:00",0,
1168,"07/24/08 00:00:00",0,
1169,"07/25/08 00:00:00",0,
1170,"07/26/08 00:00:00",0,
1171,"07/28/08 00:00:00",0,
1172,"07/29/08 00:00:00",0,
1173,"07/30/08 00:00:00",0,
1174,"07/31/08 00:00:00",0,
1175,"08/01/08 00:00:00",0,
1176,"08/02/08 00:00:00",0,
1177,"08/04/08 00:00:00",0,
1178,"08/05/08 00:00:00",0,
1180,"08/06/08 00:00:00",0,
1181,"08/07/08 00:00:00",0,
1182,"08/08/08 00:00:00",0,
1183,"08/09/08 00:00:00",0,
1184,"08/11/08 00:00:00",0,
1185,"08/12/08 00:00:00",0,
1186,"08/13/08 00:00:00",0,
1187,"08/14/08 00:00:00",0,
1188,"08/16/08 00:00:00",0,
1189,"08/18/08 00:00:00",0,
1190,"08/19/08 00:00:00",0,
1191,"08/20/08 00:00:00",0,
1192,"08/21/08 00:00:00",0,
1193,"08/22/08 00:00:00",0,
1194,"08/23/08 00:00:00",0,
1195,"08/25/08 00:00:00",0,
1196,"08/26/08 00:00:00",0,
1197,"08/27/08 00:00:00",0,
1198,"08/28/08 00:00:00",0,
1199,"08/29/08 00:00:00",0,
1200,"08/30/08 00:00:00",0,
1201,"09/01/08 00:00:00",0,
1202,"09/02/08 00:00:00",0,
1203,"09/03/08 00:00:00",0,
1204,"09/04/08 00:00:00",0,
1205,"09/05/08 00:00:00",0,
1206,"09/06/08 00:00:00",0,
1207,"09/08/08 00:00:00",0,
1208,"09/09/08 00:00:00",0,
1209,"09/10/08 00:00:00",0,
1210,"09/11/08 00:00:00",0,
1211,"09/12/08 00:00:00",0,
1212,"09/13/08 00:00:00",0,
1213,"09/15/08 00:00:00",0,
1214,"09/16/08 00:00:00",0,
1215,"09/17/08 00:00:00",0,
1216,"09/18/08 00:00:00",0,
1217,"09/19/08 00:00:00",0,
1218,"09/20/08 00:00:00",0,
1219,"09/22/08 00:00:00",0,
1220,"09/23/08 00:00:00",0,
1221,"09/24/08 00:00:00",0,
1222,"09/25/08 00:00:00",0,
1223,"09/26/08 00:00:00",0,
1224,"09/27/08 00:00:00",0,
1225,"09/29/08 00:00:00",0,
1226,"09/30/08 00:00:00",0,
1227,"10/01/08 00:00:00",0,
1228,"10/02/08 00:00:00",0,
1229,"10/03/08 00:00:00",0,
1230,"10/04/08 00:00:00",0,
1231,"10/06/08 00:00:00",0,
1232,"10/07/08 00:00:00",0,
1234,"10/08/08 00:00:00",0,
1235,"10/09/08 00:00:00",0,
1236,"10/10/08 00:00:00",0,
1237,"10/11/08 00:00:00",0,
1238,"10/13/08 00:00:00",0,
1239,"10/14/08 00:00:00",0,
1240,"10/15/08 00:00:00",0,
1241,"10/16/08 00:00:00",0,
1242,"10/17/08 00:00:00",0,
1243,"10/18/08 00:00:00",0,
1244,"10/20/08 00:00:00",0,
1245,"10/21/08 00:00:00",0,
1246,"10/22/08 00:00:00",0,
1247,"10/23/08 00:00:00",0,
1248,"10/24/08 00:00:00",0,
1249,"10/25/08 00:00:00",0,
1250,"10/27/08 00:00:00",0,
1251,"10/29/08 00:00:00",0,
1252,"10/30/08 00:00:00",0,
1253,"10/31/08 00:00:00",0,
1254,"11/01/08 00:00:00",0,
1255,"11/03/08 00:00:00",0,
1256,"11/04/08 00:00:00",0,
1257,"11/05/08 00:00:00",0,
1258,"11/06/08 00:00:00",0,
1259,"11/07/08 00:00:00",0,
1260,"11/08/08 00:00:00",0,
1261,"11/10/08 00:00:00",0,
1262,"11/11/08 00:00:00",0,
1263,"11/12/08 00:00:00",0,
1264,"11/13/08 00:00:00",0,
1265,"11/14/08 00:00:00",0,
1266,"11/15/08 00:00:00",0,
1267,"11/17/08 00:00:00",0,
1268,"11/18/08 00:00:00",0,
1269,"11/19/08 00:00:00",0,
1270,"11/20/08 00:00:00",0,
1271,"11/21/08 00:00:00",0,
1272,"11/22/08 00:00:00",0,
1273,"11/24/08 00:00:00",0,
1274,"11/25/08 00:00:00",0,
1275,"11/26/08 00:00:00",0,
1276,"11/27/08 00:00:00",0,
1277,"11/28/08 00:00:00",0,
1278,"11/29/08 00:00:00",0,
1279,"12/01/08 00:00:00",0,
1280,"12/02/08 00:00:00",0,
1281,"12/03/08 00:00:00",0,
1282,"12/04/08 00:00:00",0,
1283,"12/05/08 00:00:00",0,
1284,"12/06/08 00:00:00",0,
1285,"12/08/08 00:00:00",0,
1286,"12/09/08 00:00:00",0,
1287,"12/10/08 00:00:00",0,
1288,"12/11/08 00:00:00",0,
1289,"12/12/08 00:00:00",0,
1290,"12/13/08 00:00:00",0,
1291,"12/15/08 00:00:00",0,
1292,"12/16/08 00:00:00",0,
1293,"12/17/08 00:00:00",0,
1294,"12/18/08 00:00:00",0,
1295,"12/19/08 00:00:00",0,
1296,"12/20/08 00:00:00",0,
1297,"12/22/08 00:00:00",0,
1298,"12/23/08 00:00:00",0,
1299,"12/24/08 00:00:00",0,
1300,"12/27/08 00:00:00",0,
1301,"12/29/08 00:00:00",0,
1302,"12/30/08 00:00:00",0,
1303,"12/31/08 00:00:00",0,
1304,"01/03/09 00:00:00",0,
1305,"01/05/09 00:00:00",0,
1306,"01/07/09 00:00:00",0,
1307,"01/08/09 00:00:00",0,
1308,"01/09/09 00:00:00",0,
1309,"01/10/09 00:00:00",0,
1310,"01/12/09 00:00:00",0,
1311,"01/13/09 00:00:00",0,
1312,"01/14/09 00:00:00",0,
1313,"01/15/09 00:00:00",0,
1314,"01/16/09 00:00:00",0,
1315,"01/17/09 00:00:00",0,
1316,"01/19/09 00:00:00",0,
1317,"01/20/09 00:00:00",0,
1318,"01/21/09 00:00:00",0,
1319,"01/22/09 00:00:00",0,
1320,"01/23/09 00:00:00",0,
1321,"01/24/09 00:00:00",0,
1322,"01/26/09 00:00:00",0,
1323,"01/27/09 00:00:00",0,
1324,"01/28/09 00:00:00",0,
1325,"01/29/09 00:00:00",0,
1326,"01/30/09 00:00:00",0,
1327,"01/31/09 00:00:00",0,
1328,"02/02/09 00:00:00",0,
1329,"02/03/09 00:00:00",0,
1330,"02/04/09 00:00:00",0,
1331,"02/05/09 00:00:00",0,
1332,"02/06/09 00:00:00",0,
1333,"02/07/09 00:00:00",0,
1334,"02/09/09 00:00:00",0,
1335,"02/10/09 00:00:00",0,
1336,"02/11/09 00:00:00",0,
1337,"02/12/09 00:00:00",0,
1338,"02/13/09 00:00:00",0,
1339,"02/14/09 00:00:00",0,
1340,"02/16/09 00:00:00",0,
1341,"02/17/09 00:00:00",0,
1342,"02/18/09 00:00:00",0,
1343,"02/19/09 00:00:00",0,
1344,"02/20/09 00:00:00",0,
1345,"02/21/09 00:00:00",0,
1346,"02/23/09 00:00:00",0,
1347,"02/24/09 00:00:00",0,
1348,"02/25/09 00:00:00",0,
1349,"02/26/09 00:00:00",0,
1350,"02/27/09 00:00:00",0,
1351,"02/28/09 00:00:00",0,
1352,"03/02/09 00:00:00",0,
1353,"03/03/09 00:00:00",0,
1354,"03/04/09 00:00:00",0,
1355,"03/05/09 00:00:00",0,
1356,"03/06/09 00:00:00",0,
1357,"03/07/09 00:00:00",0,
1358,"03/09/09 00:00:00",0,
1359,"03/10/09 00:00:00",0,
1360,"03/11/09 00:00:00",0,
1361,"03/12/09 00:00:00",0,
1362,"03/13/09 00:00:00",0,
1363,"03/14/09 00:00:00",0,
1364,"03/16/09 00:00:00",0,
1365,"03/17/09 00:00:00",0,
1366,"03/18/09 00:00:00",0,
1367,"03/19/09 00:00:00",0,
1368,"03/20/09 00:00:00",0,
1369,"03/21/09 00:00:00",0,
1370,"03/23/09 00:00:00",0,
1371,"03/24/09 00:00:00",0,
1372,"03/26/09 00:00:00",0,
1375,"03/27/09 00:00:00",0,
1376,"03/28/09 00:00:00",0,
1377,"03/30/09 00:00:00",0,
1378,"03/31/09 00:00:00",0,
1379,"04/01/09 00:00:00",0,
1380,"04/02/09 00:00:00",0,
1381,"04/03/09 00:00:00",0,
1382,"04/04/09 00:00:00",0,
1383,"04/06/09 00:00:00",0,
1384,"04/07/09 00:00:00",0,
1385,"04/08/09 00:00:00",0,
1386,"04/09/09 00:00:00",0,
1387,"04/10/09 00:00:00",0,
1388,"04/11/09 00:00:00",0,
1389,"04/13/09 00:00:00",0,
1390,"04/14/09 00:00:00",0,
1391,"04/15/09 00:00:00",0,
1392,"04/16/09 00:00:00",0,
1393,"04/17/09 00:00:00",0,
1394,"04/18/09 00:00:00",0,
1395,"04/21/09 00:00:00",0,
1396,"04/22/09 00:00:00",0,
1397,"04/23/09 00:00:00",0,
1398,"04/24/09 00:00:00",0,
1399,"04/25/09 00:00:00",0,
1400,"04/27/09 00:00:00",0,
1401,"04/28/09 00:00:00",0,
1402,"04/29/09 00:00:00",0,
1403,"04/30/09 00:00:00",0,
1404,"05/02/09 00:00:00",0,
1405,"05/04/09 00:00:00",0,
1406,"05/05/09 00:00:00",0,
1407,"05/06/09 00:00:00",0,
1408,"05/07/09 00:00:00",0,
1409,"05/08/09 00:00:00",0,
1410,"05/09/09 00:00:00",0,
1411,"05/11/09 00:00:00",0,
1412,"05/12/09 00:00:00",0,
1413,"05/13/09 00:00:00",0,
1414,"05/14/09 00:00:00",0,
1415,"05/15/09 00:00:00",0,
1416,"05/16/09 00:00:00",0,
1417,"05/18/09 00:00:00",0,
1418,"05/19/09 00:00:00",0,
1419,"05/20/09 00:00:00",0,
1420,"05/21/09 00:00:00",0,
1421,"05/22/09 00:00:00",0,
1422,"05/23/09 00:00:00",0,
1423,"05/25/09 00:00:00",0,
1424,"05/26/09 00:00:00",0,
1425,"05/27/09 00:00:00",0,
1426,"05/28/09 00:00:00",0,
1427,"05/29/09 00:00:00",0,
1428,"05/30/09 00:00:00",0,
1429,"06/01/09 00:00:00",0,
1430,"06/02/09 00:00:00",0,
1431,"06/03/09 00:00:00",0,
1432,"06/04/09 00:00:00",0,
1433,"06/05/09 00:00:00",0,
1434,"06/06/09 00:00:00",0,
1435,"06/09/09 00:00:00",0,
1436,"06/10/09 00:00:00",0,
1437,"06/11/09 00:00:00",0,
1438,"06/12/09 00:00:00",0,
1439,"06/13/09 00:00:00",0,
1440,"06/15/09 00:00:00",0,
1441,"06/16/09 00:00:00",0,
1442,"06/17/09 00:00:00",0,
1443,"06/18/09 00:00:00",0,
1444,"06/19/09 00:00:00",0,
1445,"06/20/09 00:00:00",0,
1446,"06/22/09 00:00:00",0,
1447,"06/23/09 00:00:00",0,
1448,"06/24/09 00:00:00",0,
1449,"06/25/09 00:00:00",0,
1450,"06/26/09 00:00:00",0,
1451,"06/27/09 00:00:00",0,
1452,"06/29/09 00:00:00",0,
1453,"06/30/09 00:00:00",0,
1454,"07/01/09 00:00:00",0,
1455,"07/02/09 00:00:00",0,
1456,"07/03/09 00:00:00",0,
1457,"07/04/09 00:00:00",0,
1458,"07/06/09 00:00:00",0,
1459,"07/07/09 00:00:00",0,
1460,"07/08/09 00:00:00",0,
1461,"07/09/09 00:00:00",0,
1462,"07/10/09 00:00:00",0,
1463,"07/11/09 00:00:00",0,
1464,"07/13/09 00:00:00",0,
1465,"07/14/09 00:00:00",0,
1466,"07/15/09 00:00:00",0,
1467,"07/16/09 00:00:00",0,
1468,"07/17/09 00:00:00",0,
1469,"07/18/09 00:00:00",0,
1470,"07/20/09 00:00:00",0,
1471,"07/21/09 00:00:00",0,
1472,"07/22/09 00:00:00",0,
1473,"07/23/09 00:00:00",0,
1474,"07/24/09 00:00:00",0,
1475,"07/25/09 00:00:00",0,
1476,"07/27/09 00:00:00",0,
1477,"07/28/09 00:00:00",0,
1478,"07/29/09 00:00:00",0,
1479,"07/30/09 00:00:00",0,
1480,"07/31/09 00:00:00",0,
1481,"08/01/09 00:00:00",0,
1482,"08/03/09 00:00:00",0,
1483,"08/04/09 00:00:00",0,
1484,"08/05/09 00:00:00",0,
1485,"08/06/09 00:00:00",0,
1486,"08/07/09 00:00:00",0,
1487,"08/08/09 00:00:00",0,
1488,"08/10/09 00:00:00",0,
1489,"08/11/09 00:00:00",0,
1490,"08/12/09 00:00:00",0,
1491,"08/13/09 00:00:00",0,
1492,"08/14/09 00:00:00",0,
1493,"08/17/09 00:00:00",0,
1494,"08/18/09 00:00:00",0,
1495,"08/19/09 00:00:00",0,
1496,"08/20/09 00:00:00",0,
1497,"08/21/09 00:00:00",0,
1498,"08/22/09 00:00:00",0,
1499,"08/24/09 00:00:00",0,
1500,"08/25/09 00:00:00",0,
1501,"08/26/09 00:00:00",0,
1502,"08/27/09 00:00:00",0,
1503,"08/28/09 00:00:00",0,
1504,"08/29/09 00:00:00",0,
1505,"08/31/09 00:00:00",0,
1506,"09/01/09 00:00:00",0,
1507,"09/02/09 00:00:00",0,
1508,"09/03/09 00:00:00",0,
1509,"09/04/09 00:00:00",0,
1510,"09/05/09 00:00:00",0,
1511,"09/07/09 00:00:00",0,
1512,"09/08/09 00:00:00",0,
1513,"09/10/09 00:00:00",0,
1514,"09/11/09 00:00:00",0,
1515,"09/12/09 00:00:00",0,
1516,"09/14/09 00:00:00",0,
1517,"09/15/09 00:00:00",0,
1518,"09/16/09 00:00:00",0,
1519,"09/17/09 00:00:00",0,
1520,"09/18/09 00:00:00",0,
1521,"09/19/09 00:00:00",0,
1522,"09/21/09 00:00:00",0,
1523,"09/22/09 00:00:00",0,
1524,"09/23/09 00:00:00",0,
1525,"09/24/09 00:00:00",0,
1526,"09/25/09 00:00:00",0,
1527,"09/26/09 00:00:00",0,
1528,"09/28/09 00:00:00",0,
1529,"09/29/09 00:00:00",0,
1530,"09/30/09 00:00:00",0,
1531,"10/01/09 00:00:00",0,
1532,"10/02/09 00:00:00",0,
1533,"10/03/09 00:00:00",0,
1534,"10/05/09 00:00:00",0,
1535,"10/06/09 00:00:00",0,
1536,"10/07/09 00:00:00",0,
1537,"10/08/09 00:00:00",0,
1538,"10/09/09 00:00:00",0,
1539,"10/10/09 00:00:00",0,
1540,"10/12/09 00:00:00",0,
1541,"10/13/09 00:00:00",0,
1542,"10/14/09 00:00:00",0,
1543,"10/15/09 00:00:00",0,
1544,"10/16/09 00:00:00",0,
1545,"10/17/09 00:00:00",0,
1546,"10/19/09 00:00:00",0,
1547,"10/20/09 00:00:00",0,
1548,"10/21/09 00:00:00",0,
1549,"10/22/09 00:00:00",0,
1550,"10/23/09 00:00:00",0,
1551,"10/24/09 00:00:00",0,
1552,"10/26/09 00:00:00",0,
1553,"10/27/09 00:00:00",0,
1554,"10/29/09 00:00:00",0,
1555,"10/30/09 00:00:00",0,
1556,"10/31/09 00:00:00",0,
1557,"11/02/09 00:00:00",0,
1558,"11/03/09 00:00:00",0,
1559,"11/04/09 00:00:00",0,
1560,"11/05/09 00:00:00",0,
1561,"11/06/09 00:00:00",0,
1562,"11/07/09 00:00:00",0,
1563,"11/09/09 00:00:00",0,
1564,"11/10/09 00:00:00",0,
1565,"11/11/09 00:00:00",0,
1566,"11/12/09 00:00:00",0,
1567,"11/13/09 00:00:00",0,
1568,"11/14/09 00:00:00",0,
1569,"11/16/09 00:00:00",0,
1570,"11/17/09 00:00:00",0,
1571,"11/18/09 00:00:00",0,
1572,"11/19/09 00:00:00",0,
1573,"11/20/09 00:00:00",0,
1574,"11/21/09 00:00:00",0,
1575,"11/23/09 00:00:00",0,
1576,"11/24/09 00:00:00",0,
1577,"11/25/09 00:00:00",0,
1578,"11/26/09 00:00:00",0,
1579,"11/27/09 00:00:00",0,
1580,"11/28/09 00:00:00",0,
1581,"11/30/09 00:00:00",0,
1582,"12/01/09 00:00:00",0,
1583,"12/02/09 00:00:00",0,
1584,"12/03/09 00:00:00",0,
1585,"12/04/09 00:00:00",0,
1586,"12/05/09 00:00:00",0,
1587,"12/07/09 00:00:00",0,
1588,"12/08/09 00:00:00",0,
1589,"12/09/09 00:00:00",0,
1590,"12/10/09 00:00:00",0,
1591,"12/11/09 00:00:00",0,
1592,"12/12/09 00:00:00",0,
1593,"12/14/09 00:00:00",0,
1594,"12/15/09 00:00:00",0,
1595,"12/16/09 00:00:00",0,
1596,"12/17/09 00:00:00",0,
1597,"12/18/09 00:00:00",0,
1598,"12/19/09 00:00:00",0,
1599,"12/20/09 00:00:00",0,
1600,"12/21/09 00:00:00",0,
1601,"12/22/09 00:00:00",0,
1602,"12/23/09 00:00:00",0,
1603,"12/24/09 00:00:00",0,
1604,"12/28/09 00:00:00",0,
1605,"12/29/09 00:00:00",0,
1606,"12/30/09 00:00:00",0,
1607,"12/31/09 00:00:00",0,
1608,"01/04/10 00:00:00",0,
1609,"01/05/10 00:00:00",0,
1610,"01/07/10 00:00:00",0,
1611,"01/08/10 00:00:00",0,
1612,"01/09/10 00:00:00",0,
1613,"01/11/10 00:00:00",0,
1614,"01/12/10 00:00:00",0,
1615,"01/13/10 00:00:00",0,
1616,"01/14/10 00:00:00",0,
1617,"01/15/10 00:00:00",0,
1618,"01/16/10 00:00:00",0,
1619,"01/18/10 00:00:00",0,
1620,"01/19/10 00:00:00",0,
1621,"01/20/10 00:00:00",0,
1622,"01/21/10 00:00:00",0,
1623,"01/22/10 00:00:00",0,
1624,"01/23/10 00:00:00",0,
1625,"01/25/10 00:00:00",0,
1626,"01/26/10 00:00:00",0,
1627,"01/27/10 00:00:00",0,
1628,"01/28/10 00:00:00",0,
1629,"01/29/10 00:00:00",0,
1630,"01/30/10 00:00:00",0,
1631,"02/01/10 00:00:00",0,
1632,"02/02/10 00:00:00",0,
1633,"02/03/10 00:00:00",0,
1634,"02/04/10 00:00:00",0,
1635,"02/05/10 00:00:00",0,
1636,"02/06/10 00:00:00",0,
1637,"02/08/10 00:00:00",0,
1638,"02/09/10 00:00:00",0,
1639,"02/10/10 00:00:00",0,
1640,"02/11/10 00:00:00",0,
1641,"02/12/10 00:00:00",0,
1642,"02/13/10 00:00:00",0,
1643,"02/15/10 00:00:00",0,
1644,"02/16/10 00:00:00",0,
1645,"02/17/10 00:00:00",0,
1646,"02/18/10 00:00:00",0,
1647,"02/19/10 00:00:00",0,
1648,"02/20/10 00:00:00",0,
1649,"02/22/10 00:00:00",0,
1650,"02/23/10 00:00:00",0,
1651,"02/24/10 00:00:00",0,
1652,"02/25/10 00:00:00",0,
1660,"03/08/10 00:00:00",0,
1661,"03/09/10 00:00:00",0,
1662,"03/10/10 00:00:00",0,
1663,"02/26/10 00:00:00",0,
1666,"02/27/10 00:00:00",0,
1667,"03/01/10 00:00:00",0,
1668,"03/02/10 00:00:00",0,
1669,"03/03/10 00:00:00",0,
1670,"03/04/10 00:00:00",0,
1672,"03/05/10 00:00:00",0,
1673,"03/06/10 00:00:00",0,
1674,"03/11/10 00:00:00",0,
1675,"03/12/10 00:00:00",0,
1676,"03/13/10 00:00:00",0,
1677,"03/15/10 00:00:00",0,
1678,"03/16/10 00:00:00",0,
1679,"03/17/10 00:00:00",0,
1680,"03/18/10 00:00:00",0,
1681,"03/19/10 00:00:00",0,
1682,"03/20/10 00:00:00",0,
1683,"03/22/10 00:00:00",0,
1684,"03/23/10 00:00:00",0,
1685,"03/24/10 00:00:00",0,
1688,"03/26/10 00:00:00",0,
1689,"03/27/10 00:00:00",0,
1690,"03/29/10 00:00:00",0,
1691,"03/30/10 00:00:00",0,
1692,"03/31/10 00:00:00",0,
1693,"04/01/10 00:00:00",0,
1694,"04/02/10 00:00:00",0,
1695,"04/03/10 00:00:00",0,
1696,"04/06/10 00:00:00",0,
1697,"04/07/10 00:00:00",0,
1698,"04/08/10 00:00:00",0,
1699,"04/09/10 00:00:00",0,
1700,"04/10/10 00:00:00",0,
1701,"04/12/10 00:00:00",0,
1702,"04/13/10 00:00:00",0,
1703,"04/14/10 00:00:00",0,
1704,"04/15/10 00:00:00",0,
1705,"04/16/10 00:00:00",0,
1706,"04/17/10 00:00:00",0,
1707,"04/19/10 00:00:00",0,
1708,"04/20/10 00:00:00",0,
1709,"04/21/10 00:00:00",0,
1710,"04/22/10 00:00:00",0,
1711,"04/23/10 00:00:00",0,
1712,"04/24/10 00:00:00",0,
1713,"04/26/10 00:00:00",0,
1714,"04/27/10 00:00:00",0,
1715,"04/28/10 00:00:00",0,
1716,"04/29/10 00:00:00",0,
1717,"04/30/10 00:00:00",0,
1718,"05/03/10 00:00:00",0,
1719,"05/04/10 00:00:00",0,
1720,"05/05/10 00:00:00",0,
1721,"05/06/10 00:00:00",0,
1722,"05/07/10 00:00:00",0,
1723,"05/08/10 00:00:00",0,
1724,"05/10/10 00:00:00",0,
1725,"05/11/10 00:00:00",0,
1726,"05/12/10 00:00:00",0,
1727,"05/13/10 00:00:00",0,
1728,"05/14/10 00:00:00",0,
1729,"05/15/10 00:00:00",0,
1730,"05/17/10 00:00:00",0,
1731,"05/18/10 00:00:00",0,
1732,"05/19/10 00:00:00",0,
1733,"05/20/10 00:00:00",0,
1734,"05/21/10 00:00:00",0,
1735,"05/22/10 00:00:00",0,
1736,"05/25/10 00:00:00",0,
1737,"05/26/10 00:00:00",0,
1738,"05/27/10 00:00:00",0,
1739,"05/28/10 00:00:00",0,
1740,"05/29/10 00:00:00",0,
1741,"05/31/10 00:00:00",0,
1742,"06/01/10 00:00:00",0,
1743,"06/02/10 00:00:00",0,
1744,"06/03/10 00:00:00",0,
1745,"06/04/10 00:00:00",0,
1746,"06/05/10 00:00:00",0,
1747,"06/07/10 00:00:00",0,
1748,"06/08/10 00:00:00",0,
1749,"06/09/10 00:00:00",0,
1750,"06/10/10 00:00:00",0,
1751,"06/11/10 00:00:00",0,
1752,"06/12/10 00:00:00",0,
1753,"06/14/10 00:00:00",0,
1754,"06/15/10 00:00:00",0,
1755,"06/16/10 00:00:00",0,
1756,"06/17/10 00:00:00",0,
1757,"06/18/10 00:00:00",0,
1758,"06/19/10 00:00:00",0,
1759,"06/21/10 00:00:00",0,
1760,"06/22/10 00:00:00",0,
1761,"06/23/10 00:00:00",0,
1762,"06/24/10 00:00:00",0,
1763,"06/25/10 00:00:00",0,
1764,"06/26/10 00:00:00",0,
1765,"06/28/10 00:00:00",0,
1766,"06/29/10 00:00:00",0,
1767,"06/30/10 00:00:00",0,
1768,"07/01/10 00:00:00",0,
1769,"07/02/10 00:00:00",0,
1770,"07/03/10 00:00:00",0,
1771,"07/05/10 00:00:00",0,
1772,"07/06/10 00:00:00",0,
1773,"07/07/10 00:00:00",0,
1774,"07/08/10 00:00:00",0,
1775,"07/09/10 00:00:00",0,
1776,"07/10/10 00:00:00",0,
1777,"07/12/10 00:00:00",0,
1778,"07/13/10 00:00:00",0,
1779,"07/14/10 00:00:00",0,
1780,"07/15/10 00:00:00",0,
1781,"07/16/10 00:00:00",0,
1782,"07/17/10 00:00:00",0,
1783,"07/19/10 00:00:00",0,
1784,"07/20/10 00:00:00",0,
1785,"07/21/10 00:00:00",0,
1786,"07/22/10 00:00:00",0,
1787,"07/23/10 00:00:00",0,
1788,"07/24/10 00:00:00",0,
1789,"07/26/10 00:00:00",0,
1790,"07/27/10 00:00:00",0,
1791,"07/28/10 00:00:00",0,
1792,"07/29/10 00:00:00",0,
1793,"07/30/10 00:00:00",0,
1794,"07/31/10 00:00:00",0,
1795,"08/02/10 00:00:00",0,
1796,"08/03/10 00:00:00",0,
1797,"08/04/10 00:00:00",0,
1798,"08/05/10 00:00:00",0,
1799,"08/06/10 00:00:00",0,
1800,"08/07/10 00:00:00",0,
1801,"08/09/10 00:00:00",0,
1802,"08/10/10 00:00:00",0,
1803,"08/11/10 00:00:00",0,
1804,"08/12/10 00:00:00",0,
1805,"08/13/10 00:00:00",0,
1806,"08/14/10 00:00:00",0,
1807,"08/16/10 00:00:00",0,
1808,"08/17/10 00:00:00",0,
1809,"08/18/10 00:00:00",0,
1810,"08/19/10 00:00:00",0,
1811,"08/20/10 00:00:00",0,
1812,"08/21/10 00:00:00",0,
1813,"08/23/10 00:00:00",0,
1814,"08/24/10 00:00:00",0,
1815,"08/25/10 00:00:00",0,
1816,"08/26/10 00:00:00",0,
1817,"08/27/10 00:00:00",0,
1818,"08/28/10 00:00:00",0,
1819,"08/30/10 00:00:00",0,
1820,"08/31/10 00:00:00",0,
1821,"09/01/10 00:00:00",0,
1822,"09/02/10 00:00:00",0,
1823,"09/03/10 00:00:00",0,
1824,"09/04/10 00:00:00",0,
1825,"09/06/10 00:00:00",0,
1826,"09/07/10 00:00:00",0,
1827,"09/08/10 00:00:00",0,
1828,"09/09/10 00:00:00",0,
1829,"09/10/10 00:00:00",0,
1830,"09/11/10 00:00:00",0,
1831,"09/13/10 00:00:00",0,
1832,"09/14/10 00:00:00",0,
1833,"09/15/10 00:00:00",0,
1834,"09/16/10 00:00:00",0,
1835,"09/17/10 00:00:00",0,
1836,"09/18/10 00:00:00",0,
1837,"09/20/10 00:00:00",0,
1838,"09/21/10 00:00:00",0,
1839,"09/22/10 00:00:00",0,
1840,"09/23/10 00:00:00",0,
1841,"09/24/10 00:00:00",0,
1842,"09/25/10 00:00:00",0,
1843,"09/27/10 00:00:00",0,
1844,"09/28/10 00:00:00",0,
1845,"09/29/10 00:00:00",0,
1846,"09/30/10 00:00:00",0,
1847,"10/01/10 00:00:00",0,
1848,"10/02/10 00:00:00",0,
1849,"10/04/10 00:00:00",0,
1850,"10/05/10 00:00:00",0,
1851,"10/06/10 00:00:00",0,
1852,"10/07/10 00:00:00",0,
1853,"10/08/10 00:00:00",0,
1854,"10/09/10 00:00:00",0,
1855,"10/11/10 00:00:00",0,
1856,"10/12/10 00:00:00",0,
1857,"10/13/10 00:00:00",0,
1858,"10/14/10 00:00:00",0,
1859,"10/15/10 00:00:00",0,
1860,"10/16/10 00:00:00",0,
1861,"10/18/10 00:00:00",0,
1862,"10/19/10 00:00:00",0,
1863,"10/20/10 00:00:00",0,
1864,"10/21/10 00:00:00",0,
1865,"10/22/10 00:00:00",0,
1866,"10/23/10 00:00:00",0,
1867,"10/25/10 00:00:00",0,
1868,"10/26/10 00:00:00",0,
1869,"10/27/10 00:00:00",0,
1870,"10/29/10 00:00:00",0,
1871,"10/30/10 00:00:00",0,
1872,"11/01/10 00:00:00",0,
1873,"11/02/10 00:00:00",0,
1874,"11/03/10 00:00:00",0,
1875,"11/04/10 00:00:00",0,
1876,"11/05/10 00:00:00",0,
1877,"11/06/10 00:00:00",0,
1878,"11/08/10 00:00:00",0,
1879,"11/09/10 00:00:00",0,
1880,"11/10/10 00:00:00",0,
1881,"11/11/10 00:00:00",0,
1882,"11/12/10 00:00:00",0,
1883,"11/13/10 00:00:00",0,
1884,"11/15/10 00:00:00",0,
1885,"11/16/10 00:00:00",0,
1886,"11/17/10 00:00:00",0,
1887,"11/18/10 00:00:00",0,
1888,"11/19/10 00:00:00",0,
1889,"11/20/10 00:00:00",0,
1890,"11/22/10 00:00:00",0,
1891,"11/23/10 00:00:00",0,
1892,"11/24/10 00:00:00",0,
1893,"11/25/10 00:00:00",0,
1894,"11/26/10 00:00:00",0,
1895,"11/27/10 00:00:00",0,
1896,"11/29/10 00:00:00",0,
1897,"11/30/10 00:00:00",0,
1898,"12/01/10 00:00:00",0,
1899,"12/02/10 00:00:00",0,
1900,"12/03/10 00:00:00",0,
1901,"12/04/10 00:00:00",0,
1902,"12/06/10 00:00:00",0,
1903,"12/07/10 00:00:00",0,
1904,"12/08/10 00:00:00",0,
1905,"12/09/10 00:00:00",0,
1906,"12/10/10 00:00:00",0,
1907,"12/11/10 00:00:00",0,
1908,"12/13/10 00:00:00",0,
1909,"12/14/10 00:00:00",0,
1910,"12/15/10 00:00:00",0,
1911,"12/16/10 00:00:00",0,
1912,"12/17/10 00:00:00",0,
1913,"12/18/10 00:00:00",0,
1914,"12/20/10 00:00:00",0,
1915,"12/21/10 00:00:00",0,
1916,"12/22/10 00:00:00",0,
1917,"12/23/10 00:00:00",0,
1918,"12/24/10 00:00:00",0,
1919,"12/27/10 00:00:00",0,
1920,"12/28/10 00:00:00",0,
1921,"12/29/10 00:00:00",0,
1922,"12/30/10 00:00:00",0,
1923,"12/31/10 00:00:00",0,
1924,"01/04/11 00:00:00",0,
1925,"01/05/11 00:00:00",0,
1928,"01/07/11 00:00:00",0,
1929,"01/08/11 00:00:00",0,
1930,"01/10/11 00:00:00",0,
1931,"01/11/11 00:00:00",0,
1932,"01/12/11 00:00:00",0,
1933,"01/13/11 00:00:00",0,
1934,"01/14/11 00:00:00",0,
1935,"01/15/11 00:00:00",0,
1936,"01/17/11 00:00:00",0,
1937,"01/18/11 00:00:00",0,
1938,"01/19/11 00:00:00",0,
1939,"01/20/11 00:00:00",0,
1940,"01/21/11 00:00:00",0,
1941,"01/22/11 00:00:00",0,
1942,"01/24/11 00:00:00",0,
1943,"01/25/11 00:00:00",0,
1944,"01/26/11 00:00:00",0,
1945,"01/27/11 00:00:00",0,
1946,"01/28/11 00:00:00",0,
1947,"01/29/11 00:00:00",0,
1948,"01/31/11 00:00:00",0,
1949,"02/01/11 00:00:00",0,
1950,"02/02/11 00:00:00",0,
1951,"02/03/11 00:00:00",0,
1952,"02/04/11 00:00:00",0,
1953,"02/05/11 00:00:00",0,
1954,"02/07/11 00:00:00",0,
1955,"02/08/11 00:00:00",0,
1956,"02/09/11 00:00:00",0,
1957,"02/10/11 00:00:00",0,
1958,"02/11/11 00:00:00",0,
1959,"02/12/11 00:00:00",0,
1960,"02/14/11 00:00:00",0,
1961,"02/15/11 00:00:00",0,
1962,"02/16/11 00:00:00",0,
1963,"02/17/11 00:00:00",0,
1964,"02/18/11 00:00:00",0,
1965,"02/19/11 00:00:00",0,
1966,"02/21/11 00:00:00",0,
1967,"02/22/11 00:00:00",0,
1968,"02/23/11 00:00:00",0,
1969,"02/24/11 00:00:00",0,
1970,"02/25/11 00:00:00",0,
1971,"02/26/11 00:00:00",0,
1972,"02/28/11 00:00:00",0,
1973,"03/01/11 00:00:00",0,
1974,"03/02/11 00:00:00",0,
1975,"03/03/11 00:00:00",0,
1976,"03/04/11 00:00:00",0,
1977,"03/05/11 00:00:00",0,
1978,"03/07/11 00:00:00",0,
1979,"03/08/11 00:00:00",0,
1980,"03/09/11 00:00:00",0,
1981,"03/10/11 00:00:00",0,
1982,"03/11/11 00:00:00",0,
1983,"03/12/11 00:00:00",0,
1984,"03/14/11 00:00:00",0,
1985,"03/15/11 00:00:00",0,
1986,"03/16/11 00:00:00",0,
1987,"03/17/11 00:00:00",0,
1988,"03/18/11 00:00:00",0,
1989,"03/19/11 00:00:00",0,
1990,"03/21/11 00:00:00",0,
1991,"03/22/11 00:00:00",0,
1992,"03/23/11 00:00:00",0,
1993,"03/24/11 00:00:00",0,
1994,"03/26/11 00:00:00",0,
1995,"03/28/11 00:00:00",0,
1996,"03/29/11 00:00:00",0,
1997,"03/30/11 00:00:00",0,
1998,"03/31/11 00:00:00",0,
1999,"04/01/11 00:00:00",0,
2000,"04/02/11 00:00:00",0,
2001,"04/04/11 00:00:00",0,
2002,"04/05/11 00:00:00",0,
2003,"04/06/11 00:00:00",0,
2004,"04/07/11 00:00:00",0,
2005,"04/08/11 00:00:00",0,
2006,"04/09/11 00:00:00",0,
2007,"04/11/11 00:00:00",0,
2008,"04/12/11 00:00:00",0,
2009,"04/13/11 00:00:00",0,
2010,"04/14/11 00:00:00",0,
2011,"04/15/11 00:00:00",0,
2012,"04/16/11 00:00:00",0,
2013,"04/18/11 00:00:00",0,
2014,"04/19/11 00:00:00",0,
2015,"04/20/11 00:00:00",0,
2016,"04/21/11 00:00:00",0,
2017,"04/22/11 00:00:00",0,
2018,"04/23/11 00:00:00",0,
2019,"04/26/11 00:00:00",0,
2020,"04/27/11 00:00:00",0,
2022,"04/28/11 00:00:00",0,
2023,"04/29/11 00:00:00",0,
2024,"04/30/11 00:00:00",0,
2025,"05/02/11 00:00:00",0,
2028,"05/03/11 00:00:00",0,
2029,"05/04/11 00:00:00",0,
2031,"05/05/11 00:00:00",0,
2032,"05/06/11 00:00:00",0,
2033,"05/07/11 00:00:00",0,
2034,"05/09/11 00:00:00",0,
2035,"05/10/11 00:00:00",0,
2036,"05/11/11 00:00:00",0,
2037,"05/12/11 00:00:00",0,
2038,"05/13/11 00:00:00",0,
2039,"05/14/11 00:00:00",0,
2040,"05/16/11 00:00:00",0,
2041,"05/17/11 00:00:00",0,
2042,"05/18/11 00:00:00",0,
2043,"05/19/11 00:00:00",0,
2044,"05/20/11 00:00:00",0,
2045,"05/21/11 00:00:00",0,
2046,"05/23/11 00:00:00",0,
2047,"05/24/11 00:00:00",0,
2048,"05/25/11 00:00:00",0,
2049,"05/26/11 00:00:00",0,
2050,"05/27/11 00:00:00",0,
2051,"05/28/11 00:00:00",0,
2052,"05/30/11 00:00:00",0,
2053,"05/31/11 00:00:00",0,
2054,"06/01/11 00:00:00",0,
2055,"06/02/11 00:00:00",0,
2056,"06/03/11 00:00:00",0,
2057,"06/04/11 00:00:00",0,
2058,"06/06/11 00:00:00",0,
2059,"06/07/11 00:00:00",0,
2060,"06/08/11 00:00:00",0,
2061,"06/09/11 00:00:00",0,
2062,"06/10/11 00:00:00",0,
2063,"06/11/11 00:00:00",0,
2064,"06/14/11 00:00:00",0,
2065,"06/15/11 00:00:00",0,
2066,"06/16/11 00:00:00",0,
2067,"06/17/11 00:00:00",0,
2068,"06/18/11 00:00:00",0,
2069,"06/20/11 00:00:00",0,
2070,"06/21/11 00:00:00",0,
2071,"06/22/11 00:00:00",0,
2072,"06/23/11 00:00:00",0,
2073,"06/24/11 00:00:00",0,
2074,"06/25/11 00:00:00",0,
2075,"06/27/11 00:00:00",0,
2076,"06/28/11 00:00:00",0,
2077,"06/29/11 00:00:00",0,
2078,"06/30/11 00:00:00",0,
2079,"07/01/11 00:00:00",0,
2080,"07/02/11 00:00:00",0,
2081,"07/04/11 00:00:00",0,
2082,"07/05/11 00:00:00",0,
2083,"07/06/11 00:00:00",0,
2084,"07/07/11 00:00:00",0,
2085,"07/08/11 00:00:00",0,
2086,"07/09/11 00:00:00",0,
2087,"07/11/11 00:00:00",0,
2088,"07/12/11 00:00:00",0,
2089,"07/13/11 00:00:00",0,
2090,"07/14/11 00:00:00",0,
2091,"07/15/11 00:00:00",0,
2092,"07/16/11 00:00:00",0,
2093,"07/18/11 00:00:00",0,
2094,"07/19/11 00:00:00",0,
2095,"07/20/11 00:00:00",0,
2096,"07/21/11 00:00:00",0,
2097,"07/22/11 00:00:00",0,
2098,"07/23/11 00:00:00",0,
2099,"07/25/11 00:00:00",0,
2100,"07/26/11 00:00:00",0,
2101,"07/27/11 00:00:00",0,
2102,"07/28/11 00:00:00",0,
2103,"07/29/11 00:00:00",0,
2104,"07/30/11 00:00:00",0,
2105,"08/01/11 00:00:00",0,
2106,"08/02/11 00:00:00",0,
2107,"08/03/11 00:00:00",0,
2108,"08/04/11 00:00:00",0,
2109,"08/05/11 00:00:00",0,
2110,"08/06/11 00:00:00",0,
2111,"08/08/11 00:00:00",0,
2112,"08/09/11 00:00:00",0,
2113,"08/10/11 00:00:00",0,
2114,"08/11/11 00:00:00",0,
2115,"08/12/11 00:00:00",0,
2116,"08/13/11 00:00:00",0,
2117,"08/16/11 00:00:00",0,
2118,"08/17/11 00:00:00",0,
2119,"08/18/11 00:00:00",0,
2120,"08/19/11 00:00:00",0,
2121,"08/20/11 00:00:00",0,
2122,"08/22/11 00:00:00",0,
2123,"08/23/11 00:00:00",0,
2124,"08/24/11 00:00:00",0,
2125,"08/25/11 00:00:00",0,
2126,"08/26/11 00:00:00",0,
2127,"08/27/11 00:00:00",0,
2128,"08/29/11 00:00:00",0,
2129,"08/30/11 00:00:00",0,
2130,"08/31/11 00:00:00",0,
2131,"09/01/11 00:00:00",0,
2132,"09/02/11 00:00:00",0,
2133,"09/03/11 00:00:00",0,
2134,"09/05/11 00:00:00",0,
2135,"09/06/11 00:00:00",0,
2136,"09/07/11 00:00:00",0,
2137,"09/08/11 00:00:00",0,
2138,"09/09/11 00:00:00",0,
2139,"09/10/11 00:00:00",0,
2140,"09/12/11 00:00:00",0,
2141,"09/13/11 00:00:00",0,
2142,"09/14/11 00:00:00",0,
2143,"09/15/11 00:00:00",0,
2144,"09/16/11 00:00:00",0,
2145,"09/17/11 00:00:00",0,
2146,"09/19/11 00:00:00",0,
2147,"09/20/11 00:00:00",0,
2148,"09/21/11 00:00:00",0,
2149,"09/22/11 00:00:00",0,
2150,"09/23/11 00:00:00",0,
2151,"09/24/11 00:00:00",0,
2152,"09/26/11 00:00:00",0,
2153,"09/27/11 00:00:00",0,
2154,"09/28/11 00:00:00",0,
2155,"09/29/11 00:00:00",0,
2156,"09/30/11 00:00:00",0,
2157,"10/01/11 00:00:00",0,
2158,"10/03/11 00:00:00",0,
2159,"10/04/11 00:00:00",0,
2160,"10/05/11 00:00:00",0,
2161,"10/06/11 00:00:00",0,
2162,"10/07/11 00:00:00",0,
2163,"10/08/11 00:00:00",0,
2164,"10/10/11 00:00:00",0,
2165,"10/11/11 00:00:00",0,
2166,"10/12/11 00:00:00",0,
2167,"10/13/11 00:00:00",0,
2168,"10/14/11 00:00:00",0,
2169,"10/15/11 00:00:00",0,
2170,"10/17/11 00:00:00",0,
2171,"10/18/11 00:00:00",0,
2172,"10/19/11 00:00:00",0,
2173,"10/20/11 00:00:00",0,
2174,"10/21/11 00:00:00",0,
2175,"10/22/11 00:00:00",0,
2176,"10/24/11 00:00:00",0,
2177,"10/25/11 00:00:00",0,
2178,"10/26/11 00:00:00",0,
2179,"10/27/11 00:00:00",0,
2180,"10/29/11 00:00:00",0,
2181,"10/31/11 00:00:00",0,
2182,"11/01/11 00:00:00",0,
2183,"11/02/11 00:00:00",0,
2184,"11/03/11 00:00:00",0,
2185,"11/04/11 00:00:00",0,
2186,"11/05/11 00:00:00",0,
2187,"11/07/11 00:00:00",0,
2188,"11/08/11 00:00:00",0,
2189,"11/09/11 00:00:00",0,
2190,"11/10/11 00:00:00",0,
2191,"11/11/11 00:00:00",0,
2192,"11/12/11 00:00:00",0,
2193,"11/14/11 00:00:00",0,
2194,"11/15/11 00:00:00",0,
2195,"11/16/11 00:00:00",0,
2196,"11/17/11 00:00:00",0,
2197,"11/18/11 00:00:00",0,
2198,"11/19/11 00:00:00",0,
2199,"11/21/11 00:00:00",0,
2200,"11/22/11 00:00:00",0,
2201,"11/23/11 00:00:00",0,
2202,"11/24/11 00:00:00",0,
2203,"11/25/11 00:00:00",0,
2204,"11/26/11 00:00:00",0,
2205,"11/28/11 00:00:00",0,
2206,"11/29/11 00:00:00",0,
2207,"11/30/11 00:00:00",0,
2209,"12/01/11 00:00:00",0,
2210,"12/02/11 00:00:00",0,
2211,"12/03/11 00:00:00",0,
2212,"12/05/11 00:00:00",0,
2213,"12/06/11 00:00:00",0,
2214,"12/07/11 00:00:00",0,
2215,"12/08/11 00:00:00",0,
2216,"12/09/11 00:00:00",0,
2217,"12/10/11 00:00:00",0,
2218,"12/12/11 00:00:00",0,
2219,"12/13/11 00:00:00",0,
2220,"12/14/11 00:00:00",0,
2221,"12/15/11 00:00:00",0,
2222,"12/16/11 00:00:00",0,
2223,"12/17/11 00:00:00",0,
2224,"12/19/11 00:00:00",0,
2225,"12/20/11 00:00:00",0,
2226,"12/21/11 00:00:00",0,
2227,"12/22/11 00:00:00",0,
2228,"12/23/11 00:00:00",0,
2229,"12/24/11 00:00:00",0,
2230,"12/27/11 00:00:00",0,
2231,"12/28/11 00:00:00",0,
2232,"12/29/11 00:00:00",0,
2233,"12/30/11 00:00:00",0,
2234,"12/31/11 00:00:00",0,
2236,"01/03/12 00:00:00",0,
2237,"01/04/12 00:00:00",0,
2238,"01/05/12 00:00:00",0,
2239,"01/07/12 00:00:00",0,
2240,"01/09/12 00:00:00",0,
2241,"01/10/12 00:00:00",0,
2242,"01/11/12 00:00:00",0,
2243,"01/12/12 00:00:00",0,
2244,"01/13/12 00:00:00",0,
2245,"01/14/12 00:00:00",0,
2246,"01/16/12 00:00:00",0,
2247,"01/17/12 00:00:00",0,
2248,"01/18/12 00:00:00",0,
2249,"01/19/12 00:00:00",0,
2250,"01/20/12 00:00:00",0,
2251,"01/21/12 00:00:00",0,
2252,"01/23/12 00:00:00",0,
2253,"01/24/12 00:00:00",0,
2254,"01/25/12 00:00:00",0,
2255,"01/26/12 00:00:00",0,
2256,"01/27/12 00:00:00",0,
2257,"01/28/12 00:00:00",0,
2258,"01/30/12 00:00:00",0,
2259,"01/31/12 00:00:00",0,
2260,"02/01/12 00:00:00",0,
2261,"02/02/12 00:00:00",0,
2262,"02/03/12 00:00:00",0,
2263,"02/04/12 00:00:00",0,
2264,"02/06/12 00:00:00",0,
2265,"02/07/12 00:00:00",0,
2266,"02/08/12 00:00:00",0,
2267,"02/09/12 00:00:00",0,
2268,"02/10/12 00:00:00",0,
2269,"02/11/12 00:00:00",0,
2270,"02/13/12 00:00:00",0,
2271,"02/14/12 00:00:00",0,
2272,"02/15/12 00:00:00",0,
2273,"02/16/12 00:00:00",0,
2274,"02/17/12 00:00:00",0,
2275,"02/18/12 00:00:00",0,
2276,"02/20/12 00:00:00",0,
2277,"02/21/12 00:00:00",0,
2278,"02/22/12 00:00:00",0,
2279,"02/23/12 00:00:00",0,
2280,"02/24/12 00:00:00",0,
2281,"02/25/12 00:00:00",0,
2282,"02/27/12 00:00:00",0,
2283,"02/28/12 00:00:00",0,
2284,"02/29/12 00:00:00",0,
2285,"03/01/12 00:00:00",0,
2286,"03/02/12 00:00:00",0,
2287,"03/03/12 00:00:00",0,
2288,"03/05/12 00:00:00",0,
2289,"03/06/12 00:00:00",0,
2290,"03/07/12 00:00:00",0,
2291,"03/08/12 00:00:00",0,
2292,"03/09/12 00:00:00",0,
2293,"03/10/12 00:00:00",0,
2294,"03/12/12 00:00:00",0,
2295,"03/13/12 00:00:00",0,
2296,"03/14/12 00:00:00",0,
2297,"03/16/12 00:00:00",0,
2298,"03/17/12 00:00:00",0,
2299,"03/19/12 00:00:00",0,
2300,"03/20/12 00:00:00",0,
2301,"03/21/12 00:00:00",0,
2302,"03/22/12 00:00:00",0,
2303,"03/23/12 00:00:00",0,
2304,"03/24/12 00:00:00",0,
2305,"03/26/12 00:00:00",0,
2306,"03/27/12 00:00:00",0,
2307,"03/28/12 00:00:00",0,
2308,"03/29/12 00:00:00",0,
2309,"03/30/12 00:00:00",0,
2310,"03/31/12 00:00:00",0,
2311,"04/02/12 00:00:00",0,
2312,"04/03/12 00:00:00",0,
2313,"04/04/12 00:00:00",0,
2314,"04/05/12 00:00:00",0,
2315,"04/06/12 00:00:00",0,
2316,"04/07/12 00:00:00",0,
2317,"04/09/12 00:00:00",0,
2318,"04/10/12 00:00:00",0,
2319,"04/11/12 00:00:00",0,
2320,"04/12/12 00:00:00",0,
2321,"04/13/12 00:00:00",0,
2322,"04/14/12 00:00:00",0,
2323,"04/17/12 00:00:00",0,
2324,"04/18/12 00:00:00",0,
2325,"04/19/12 00:00:00",0,
2326,"04/20/12 00:00:00",0,
2327,"04/21/12 00:00:00",0,
2328,"04/23/12 00:00:00",0,
2329,"04/24/12 00:00:00",0,
2330,"04/25/12 00:00:00",0,
2331,"04/26/12 00:00:00",0,
2332,"04/27/12 00:00:00",0,
2333,"04/28/12 00:00:00",0,
2334,"04/30/12 00:00:00",0,
2335,"05/02/12 00:00:00",0,
2336,"05/03/12 00:00:00",0,
2337,"05/04/12 00:00:00",0,
2339,"05/05/12 00:00:00",0,
2340,"05/07/12 00:00:00",0,
2342,"05/08/12 00:00:00",0,
2343,"05/09/12 00:00:00",0,
2344,"05/10/12 00:00:00",0,
2345,"05/11/12 00:00:00",0,
2346,"05/12/12 00:00:00",0,
2347,"05/14/12 00:00:00",0,
2348,"05/15/12 00:00:00",0,
2349,"05/16/12 00:00:00",0,
2350,"05/17/12 00:00:00",0,
2351,"05/18/12 00:00:00",0,
2352,"05/19/12 00:00:00",0,
2353,"05/21/12 00:00:00",0,
2354,"05/22/12 00:00:00",0,
2355,"05/23/12 00:00:00",0,
2356,"05/24/12 00:00:00",0,
2357,"05/25/12 00:00:00",0,
2358,"05/26/12 00:00:00",0,
2359,"05/28/12 00:00:00",0,
2360,"05/29/12 00:00:00",0,
2361,"05/30/12 00:00:00",0,
2362,"05/31/12 00:00:00",0,
2363,"06/01/12 00:00:00",0,
2364,"06/02/12 00:00:00",0,
2365,"06/05/12 00:00:00",0,
2366,"06/06/12 00:00:00",0,
2367,"06/07/12 00:00:00",0,
2368,"06/08/12 00:00:00",0,
2369,"06/09/12 00:00:00",0,
2370,"06/11/12 00:00:00",0,
2371,"06/12/12 00:00:00",0,
2372,"06/13/12 00:00:00",0,
2373,"06/14/12 00:00:00",0,
2374,"06/15/12 00:00:00",0,
2375,"06/16/12 00:00:00",0,
2376,"06/18/12 00:00:00",0,
2377,"06/19/12 00:00:00",0,
2378,"06/20/12 00:00:00",0,
2379,"06/21/12 00:00:00",0,
2380,"06/22/12 00:00:00",0,
2381,"06/23/12 00:00:00",0,
2382,"06/25/12 00:00:00",0,
2383,"06/26/12 00:00:00",0,
2384,"06/27/12 00:00:00",0,
2385,"06/28/12 00:00:00",0,
2386,"06/29/12 00:00:00",0,
2387,"06/30/12 00:00:00",0,
2388,"07/02/12 00:00:00",0,
2389,"07/03/12 00:00:00",0,
2390,"07/04/12 00:00:00",0,
2391,"07/05/12 00:00:00",0,
2392,"07/06/12 00:00:00",0,
2394,"07/07/12 00:00:00",0,
2395,"07/09/12 00:00:00",0,
2396,"07/10/12 00:00:00",0,
2397,"07/11/12 00:00:00",0,
2398,"07/12/12 00:00:00",0,
2399,"07/13/12 00:00:00",0,
2400,"07/14/12 00:00:00",0,
2401,"07/16/12 00:00:00",0,
2402,"07/17/12 00:00:00",0,
2403,"07/18/12 00:00:00",0,
2404,"07/19/12 00:00:00",0,
2405,"07/20/12 00:00:00",0,
2406,"07/21/12 00:00:00",0,
2407,"07/23/12 00:00:00",0,
2408,"07/24/12 00:00:00",0,
2410,"07/25/12 00:00:00",0,
2411,"07/26/12 00:00:00",0,
2413,"07/27/12 00:00:00",0,
2414,"07/28/12 00:00:00",0,
2415,"07/30/12 00:00:00",0,
2416,"07/31/12 00:00:00",0,
2417,"08/01/12 00:00:00",0,
2418,"08/02/12 00:00:00",0,
2419,"08/03/12 00:00:00",0,
2420,"08/04/12 00:00:00",0,
2421,"08/06/12 00:00:00",0,
2422,"08/07/12 00:00:00",0,
2423,"08/08/12 00:00:00",0,
2424,"08/09/12 00:00:00",0,
2425,"08/10/12 00:00:00",0,
2426,"08/11/12 00:00:00",0,
2427,"08/13/12 00:00:00",0,
2428,"08/14/12 00:00:00",0,
2429,"08/16/12 00:00:00",0,
2430,"08/17/12 00:00:00",0,
2431,"08/18/12 00:00:00",0,
2432,"08/20/12 00:00:00",0,
2433,"08/21/12 00:00:00",0,
2434,"08/22/12 00:00:00",0,
2435,"08/23/12 00:00:00",0,
2436,"08/24/12 00:00:00",0,
2437,"08/25/12 00:00:00",0,
2438,"08/27/12 00:00:00",0,
2440,"08/28/12 00:00:00",0,
2441,"08/29/12 00:00:00",0,
2442,"08/30/12 00:00:00",0,
2443,"08/31/12 00:00:00",0,
2444,"09/01/12 00:00:00",0,
2445,"09/03/12 00:00:00",0,
2446,"09/04/12 00:00:00",0,
2447,"09/05/12 00:00:00",0,
2448,"09/06/12 00:00:00",0,
2449,"09/07/12 00:00:00",0,
2450,"09/08/12 00:00:00",0,
2454,"09/10/12 00:00:00",0,
2455,"09/11/12 00:00:00",0,
2456,"09/12/12 00:00:00",0,
2457,"09/13/12 00:00:00",0,
2458,"09/14/12 00:00:00",0,
2459,"09/15/12 00:00:00",0,
2460,"09/17/12 00:00:00",0,
2461,"09/18/12 00:00:00",0,
2462,"09/19/12 00:00:00",0,
2463,"09/20/12 00:00:00",0,
2464,"09/21/12 00:00:00",0,
2465,"09/22/12 00:00:00",0,
2466,"09/24/12 00:00:00",0,
2467,"09/25/12 00:00:00",0,
2468,"09/26/12 00:00:00",0,
2469,"09/27/12 00:00:00",0,
2470,"09/28/12 00:00:00",0,
2471,"09/29/12 00:00:00",0,
2472,"10/01/12 00:00:00",0,
2473,"10/02/12 00:00:00",0,
2474,"10/03/12 00:00:00",0,
2475,"10/04/12 00:00:00",0,
2476,"10/05/12 00:00:00",0,
2477,"10/06/12 00:00:00",0,
2478,"10/08/12 00:00:00",0,
2479,"10/09/12 00:00:00",0,
2480,"10/10/12 00:00:00",0,
2481,"10/11/12 00:00:00",0,
2482,"10/12/12 00:00:00",0,
2483,"10/13/12 00:00:00",0,
2484,"10/15/12 00:00:00",0,
2485,"10/16/12 00:00:00",0,
2486,"10/17/12 00:00:00",0,
2487,"10/18/12 00:00:00",0,
2488,"10/19/12 00:00:00",0,
2489,"10/20/12 00:00:00",0,
2490,"10/22/12 00:00:00",0,
2491,"10/23/12 00:00:00",0,
2492,"10/24/12 00:00:00",0,
2493,"10/25/12 00:00:00",0,
2494,"10/26/12 00:00:00",0,
2495,"10/27/12 00:00:00",0,
2496,"10/29/12 00:00:00",0,
2497,"10/30/12 00:00:00",0,
2498,"10/31/12 00:00:00",0,
2499,"11/01/12 00:00:00",0,
2500,"11/02/12 00:00:00",0,
2501,"11/03/12 00:00:00",0,
2502,"11/05/12 00:00:00",0,
2503,"11/06/12 00:00:00",0,
2504,"11/07/12 00:00:00",0,
2505,"11/08/12 00:00:00",0,
2506,"11/09/12 00:00:00",0,
2507,"11/10/12 00:00:00",0,
2508,"11/12/12 00:00:00",0,
2509,"11/13/12 00:00:00",0,
2510,"11/14/12 00:00:00",0,
2511,"11/15/12 00:00:00",0,
2512,"11/16/12 00:00:00",0,
2513,"11/17/12 00:00:00",0,
2514,"11/19/12 00:00:00",0,
2515,"11/20/12 00:00:00",0,
2516,"11/21/12 00:00:00",0,
2517,"11/22/12 00:00:00",0,
2518,"11/23/12 00:00:00",0,
2519,"11/24/12 00:00:00",0,
2520,"11/26/12 00:00:00",0,
2521,"11/27/12 00:00:00",0,
2522,"11/28/12 00:00:00",0,
2523,"11/29/12 00:00:00",0,
2524,"11/30/12 00:00:00",0,
2525,"12/01/12 00:00:00",0,
2526,"12/03/12 00:00:00",0,
2527,"12/04/12 00:00:00",0,
2529,"12/05/12 00:00:00",0,
2530,"12/06/12 00:00:00",0,
2531,"12/07/12 00:00:00",0,
2532,"12/08/12 00:00:00",0,
2533,"12/10/12 00:00:00",0,
2534,"12/11/12 00:00:00",0,
2535,"12/12/12 00:00:00",0,
2536,"12/13/12 00:00:00",0,
2537,"12/14/12 00:00:00",0,
2538,"12/15/12 00:00:00",0,
2539,"12/17/12 00:00:00",0,
2540,"12/18/12 00:00:00",0,
2541,"12/19/12 00:00:00",0,
2542,"12/20/12 00:00:00",0,
2543,"12/21/12 00:00:00",0,
2544,"12/22/12 00:00:00",0,
2545,"12/23/12 00:00:00",0,
2546,"12/24/12 00:00:00",0,
2547,"12/27/12 00:00:00",0,
2548,"12/28/12 00:00:00",0,
2549,"12/29/12 00:00:00",0,
2550,"12/30/12 00:00:00",0,
2551,"12/31/12 00:00:00",0,
2552,"01/03/13 00:00:00",0,
2553,"01/04/13 00:00:00",0,
2554,"01/05/13 00:00:00",0,
2555,"01/07/13 00:00:00",0,
2556,"01/08/13 00:00:00",0,
2557,"01/09/13 00:00:00",0,
2558,"01/10/13 00:00:00",0,
2559,"01/11/13 00:00:00",0,
2560,"01/12/13 00:00:00",0,
2561,"01/14/13 00:00:00",0,
2562,"01/15/13 00:00:00",0,
2563,"01/16/13 00:00:00",0,
2564,"01/17/13 00:00:00",0,
2565,"01/18/13 00:00:00",0,
2566,"01/19/13 00:00:00",0,
2567,"01/21/13 00:00:00",0,
2568,"01/22/13 00:00:00",0,
2569,"01/23/13 00:00:00",0,
2570,"01/24/13 00:00:00",0,
2571,"01/25/13 00:00:00",0,
2572,"01/26/13 00:00:00",0,
2573,"01/28/13 00:00:00",0,
2574,"01/29/13 00:00:00",0,
2575,"01/30/13 00:00:00",0,
2576,"01/31/13 00:00:00",0,
2577,"02/01/13 00:00:00",0,
2578,"02/02/13 00:00:00",0,
2579,"02/04/13 00:00:00",0,
2580,"02/05/13 00:00:00",0,
2581,"02/06/13 00:00:00",0,
2582,"02/07/13 00:00:00",0,
2583,"02/08/13 00:00:00",0,
2584,"02/09/13 00:00:00",0,
2585,"02/11/13 00:00:00",0,
2586,"02/12/13 00:00:00",0,
2587,"02/13/13 00:00:00",0,
2588,"02/14/13 00:00:00",0,
2589,"02/15/13 00:00:00",0,
2590,"02/16/13 00:00:00",0,
2591,"02/18/13 00:00:00",0,
2592,"02/19/13 00:00:00",0,
2593,"02/20/13 00:00:00",0,
2594,"02/21/13 00:00:00",0,
2595,"02/22/13 00:00:00",0,
2596,"02/23/13 00:00:00",0,
2597,"02/25/13 00:00:00",0,
2598,"02/26/13 00:00:00",0,
2599,"02/27/13 00:00:00",0,
2600,"02/28/13 00:00:00",0,
2601,"03/01/13 00:00:00",0,
2602,"03/02/13 00:00:00",0,
2603,"03/04/13 00:00:00",0,
2604,"03/05/13 00:00:00",0,
2605,"03/06/13 00:00:00",0,
2606,"03/07/13 00:00:00",0,
2607,"03/08/13 00:00:00",0,
2608,"03/09/13 00:00:00",0,
2609,"03/11/13 00:00:00",0,
2610,"03/12/13 00:00:00",0,
2611,"03/13/13 00:00:00",0,
2612,"03/14/13 00:00:00",0,
2613,"03/15/13 00:00:00",0,
2614,"03/16/13 00:00:00",0,
2615,"03/18/13 00:00:00",0,
2616,"03/19/13 00:00:00",0,
2617,"03/20/13 00:00:00",0,
2618,"03/21/13 00:00:00",0,
2619,"03/22/13 00:00:00",0,
2620,"03/23/13 00:00:00",0,
2621,"03/26/13 00:00:00",0,
2622,"03/27/13 00:00:00",0,
2623,"03/28/13 00:00:00",0,
2624,"03/29/13 00:00:00",0,
2625,"03/30/13 00:00:00",0,
2626,"04/01/13 00:00:00",0,
2627,"04/02/13 00:00:00",0,
2628,"04/03/13 00:00:00",0,
2629,"04/04/13 00:00:00",0,
2630,"04/05/13 00:00:00",0,
2631,"04/06/13 00:00:00",0,
2632,"04/08/13 00:00:00",0,
2633,"04/09/13 00:00:00",0,
2634,"04/10/13 00:00:00",0,
2635,"04/11/13 00:00:00",0,
2636,"04/12/13 00:00:00",0,
2637,"04/13/13 00:00:00",0,
2638,"04/15/13 00:00:00",0,
2639,"04/16/13 00:00:00",0,
2640,"04/17/13 00:00:00",0,
2641,"04/18/13 00:00:00",0,
2642,"04/19/13 00:00:00",0,
2643,"04/20/13 00:00:00",0,
2644,"04/22/13 00:00:00",0,
2645,"04/23/13 00:00:00",0,
2646,"04/24/13 00:00:00",0,
2647,"04/25/13 00:00:00",0,
2648,"04/26/13 00:00:00",0,
2649,"04/27/13 00:00:00",0,
2650,"04/29/13 00:00:00",0,
2651,"04/30/13 00:00:00",0,
2652,"05/01/13 00:00:00",0,
2653,"05/02/13 00:00:00",0,
2654,"05/03/13 00:00:00",0,
2655,"05/04/13 00:00:00",0,
2656,"05/08/13 00:00:00",0,
2657,"05/09/13 00:00:00",0,
2658,"05/10/13 00:00:00",0,
2659,"05/11/13 00:00:00",0,
2660,"05/13/13 00:00:00",0,
2661,"05/14/13 00:00:00",0,
2662,"05/15/13 00:00:00",0,
2663,"05/16/13 00:00:00",0,
2664,"05/17/13 00:00:00",0,
2665,"05/18/13 00:00:00",0,
2666,"05/20/13 00:00:00",0,
2667,"05/21/13 00:00:00",0,
2668,"05/22/13 00:00:00",0,
2669,"05/23/13 00:00:00",0,
2670,"05/24/13 00:00:00",0,
2671,"05/25/13 00:00:00",0,
2672,"05/27/13 00:00:00",0,
2673,"05/28/13 00:00:00",0,
2674,"05/29/13 00:00:00",0,
2675,"05/30/13 00:00:00",0,
2676,"05/31/13 00:00:00",0,
2677,"06/01/13 00:00:00",0,
2678,"06/03/13 00:00:00",0,
2679,"06/04/13 00:00:00",0,
2680,"06/05/13 00:00:00",0,
2681,"06/06/13 00:00:00",0,
2682,"06/07/13 00:00:00",0,
2683,"06/08/13 00:00:00",0,
2684,"06/10/13 00:00:00",0,
2685,"06/11/13 00:00:00",0,
2686,"06/12/13 00:00:00",0,
2687,"06/13/13 00:00:00",0,
2688,"06/14/13 00:00:00",0,
2689,"06/15/13 00:00:00",0,
2690,"06/17/13 00:00:00",0,
2691,"06/18/13 00:00:00",0,
2692,"06/19/13 00:00:00",0,
2693,"06/20/13 00:00:00",0,
2694,"06/21/13 00:00:00",0,
2695,"06/22/13 00:00:00",0,
2696,"06/24/13 00:00:00",0,
2697,"06/25/13 00:00:00",0,
2698,"06/26/13 00:00:00",0,
2699,"06/27/13 00:00:00",0,
2700,"06/28/13 00:00:00",0,
2701,"06/29/13 00:00:00",0,
2702,"07/01/13 00:00:00",0,
2703,"07/02/13 00:00:00",0,
2704,"07/03/13 00:00:00",0,
2705,"07/04/13 00:00:00",0,
2706,"07/05/13 00:00:00",0,
2707,"07/06/13 00:00:00",0,
2708,"07/08/13 00:00:00",0,
2709,"07/09/13 00:00:00",0,
2710,"07/10/13 00:00:00",0,
2711,"07/11/13 00:00:00",0,
2712,"07/12/13 00:00:00",0,
2713,"07/13/13 00:00:00",0,
2714,"07/15/13 00:00:00",0,
2715,"07/16/13 00:00:00",0,
2716,"07/17/13 00:00:00",0,
2717,"07/18/13 00:00:00",0,
2718,"07/19/13 00:00:00",0,
2719,"07/20/13 00:00:00",0,
2720,"07/22/13 00:00:00",0,
2721,"07/23/13 00:00:00",0,
2722,"07/24/13 00:00:00",0,
2723,"07/25/13 00:00:00",0,
2724,"07/26/13 00:00:00",0,
2725,"07/27/13 00:00:00",0,
2726,"07/29/13 00:00:00",0,
2727,"07/30/13 00:00:00",0,
2728,"07/31/13 00:00:00",0,
2729,"08/01/13 00:00:00",0,
2730,"08/02/13 00:00:00",0,
2731,"08/03/13 00:00:00",0,
2732,"08/05/13 00:00:00",0,
2733,"08/06/13 00:00:00",0,
2734,"08/07/13 00:00:00",0,
2735,"08/08/13 00:00:00",0,
2736,"08/09/13 00:00:00",0,
2737,"08/10/13 00:00:00",0,
2738,"08/12/13 00:00:00",0,
2739,"08/13/13 00:00:00",0,
2740,"08/14/13 00:00:00",0,
2741,"08/16/13 00:00:00",0,
2742,"08/17/13 00:00:00",0,
2743,"08/19/13 00:00:00",0,
2744,"08/20/13 00:00:00",0,
2745,"08/21/13 00:00:00",0,
2746,"08/22/13 00:00:00",0,
2747,"08/23/13 00:00:00",0,
2748,"08/24/13 00:00:00",0,
2749,"08/26/13 00:00:00",0,
2750,"08/27/13 00:00:00",0,
2751,"08/28/13 00:00:00",0,
2752,"08/29/13 00:00:00",0,
2753,"08/30/13 00:00:00",0,
2754,"08/31/13 00:00:00",0,
2755,"09/02/13 00:00:00",0,
2756,"09/03/13 00:00:00",0,
2757,"09/04/13 00:00:00",0,
2758,"09/05/13 00:00:00",0,
2759,"09/06/13 00:00:00",0,
2760,"09/07/13 00:00:00",0,
2761,"09/09/13 00:00:00",0,
2762,"09/10/13 00:00:00",0,
2763,"09/11/13 00:00:00",0,
2764,"09/12/13 00:00:00",0,
2765,"09/13/13 00:00:00",0,
2766,"09/14/13 00:00:00",0,
2767,"09/16/13 00:00:00",0,
2768,"09/17/13 00:00:00",0,
2769,"09/18/13 00:00:00",0,
2770,"09/19/13 00:00:00",0,
2771,"09/20/13 00:00:00",0,
2772,"09/21/13 00:00:00",0,
2773,"09/23/13 00:00:00",0,
2774,"09/24/13 00:00:00",0,
2775,"09/25/13 00:00:00",0,
2776,"09/26/13 00:00:00",0,
2777,"09/27/13 00:00:00",0,
2778,"09/28/13 00:00:00",0,
2779,"09/30/13 00:00:00",0,
2780,"10/01/13 00:00:00",0,
2781,"10/02/13 00:00:00",0,
2782,"10/03/13 00:00:00",0,
2783,"10/04/13 00:00:00",0,
2784,"10/05/13 00:00:00",0,
2785,"10/07/13 00:00:00",0,
2786,"10/08/13 00:00:00",0,
2787,"10/09/13 00:00:00",0,
2788,"10/10/13 00:00:00",0,
2789,"10/11/13 00:00:00",0,
2790,"10/12/13 00:00:00",0,
2791,"10/14/13 00:00:00",0,
2792,"10/15/13 00:00:00",0,
2793,"10/16/13 00:00:00",0,
2794,"10/17/13 00:00:00",0,
2795,"10/18/13 00:00:00",0,
2796,"10/19/13 00:00:00",0,
2797,"10/21/13 00:00:00",0,
2798,"10/22/13 00:00:00",0,
2799,"10/23/13 00:00:00",0,
2800,"10/24/13 00:00:00",0,
2801,"10/25/13 00:00:00",0,
2802,"10/26/13 00:00:00",0,
2803,"10/29/13 00:00:00",0,
2804,"10/30/13 00:00:00",0,
2805,"10/31/13 00:00:00",0,
2806,"11/01/13 00:00:00",0,
2807,"11/02/13 00:00:00",0,
2808,"11/04/13 00:00:00",0,
2809,"11/05/13 00:00:00",0,
2810,"11/06/13 00:00:00",0,
2811,"11/07/13 00:00:00",0,
2812,"11/08/13 00:00:00",0,
2813,"11/09/13 00:00:00",0,
2814,"11/11/13 00:00:00",0,
2815,"11/12/13 00:00:00",0,
2816,"11/13/13 00:00:00",0,
2817,"11/14/13 00:00:00",0,
2818,"11/15/13 00:00:00",0,
2819,"11/16/13 00:00:00",0,
2820,"11/18/13 00:00:00",0,
2821,"11/19/13 00:00:00",0,
2822,"11/20/13 00:00:00",0,
2823,"11/21/13 00:00:00",0,
2824,"11/22/13 00:00:00",0,
2825,"11/23/13 00:00:00",0,
2826,"11/25/13 00:00:00",0,
2827,"11/26/13 00:00:00",0,
2828,"11/27/13 00:00:00",0,
2829,"11/28/13 00:00:00",0,
2830,"11/29/13 00:00:00",0,
2831,"11/30/13 00:00:00",0,
2832,"12/02/13 00:00:00",0,
2833,"12/03/13 00:00:00",0,
2834,"12/04/13 00:00:00",0,
2835,"12/05/13 00:00:00",0,
2836,"12/06/13 00:00:00",0,
2837,"12/07/13 00:00:00",0,
2838,"12/09/13 00:00:00",0,
2839,"12/10/13 00:00:00",0,
2840,"12/11/13 00:00:00",0,
2841,"12/12/13 00:00:00",0,
2842,"12/13/13 00:00:00",0,
2843,"12/14/13 00:00:00",0,
2844,"12/16/13 00:00:00",0,
2845,"12/17/13 00:00:00",0,
2846,"12/18/13 00:00:00",0,
2847,"12/19/13 00:00:00",0,
2848,"12/20/13 00:00:00",0,
2849,"12/21/13 00:00:00",0,
2850,"12/23/13 00:00:00",0,
2851,"12/24/13 00:00:00",0,
2852,"12/27/13 00:00:00",0,
2853,"12/28/13 00:00:00",0,
2854,"12/30/13 00:00:00",0,
2855,"12/31/13 00:00:00",0,
2856,"01/03/14 00:00:00",0,
2857,"01/04/14 00:00:00",0,
